navuδǰ,<neg>>vuδ<v>><pf><m>,<*neg>>вуδҷ<v><prf>/<*neg>>вуδҷ<v><prf><m>,UNKNOWN
yůrx̌ak,yůrx̌<n>><dim>,*yůrx̌ak,UNKNOWN
boǰakzor,<walnut>>zor<n><place>,*boǰakzor,UNKNOWN
firopt-at,firop<v>><prs><3sg>><coord2>,*firopt-at,UNKNOWN
yůrx̌ak,yůrx̌<n>><dim>,*yůrx̌ak,UNKNOWN
wintow,wīn<v>><inf>><purp>,*wintow,UNKNOWN
navārδed,<neg>>vārδe<v>><prs><3sg>,*navārδed,UNKNOWN
bebun,<without>>bun<n>,<*without><adj>>бун<n>/bebun<adj>,UNKNOWN
woft,wof<v>><prs><3sg>,*woft,UNKNOWN
yêst,yês<v>><prs><3sg>,*yêst,UNKNOWN
boǰakzor,<walnut>>zor<n><place>,*boǰakzor,UNKNOWN
x̌̌āb-atā,x̌āb<n>><in>,*x̌̌āb-atā,UNKNOWN
yůrx̌ak,yůrx̌<n>><dim>,*yůrx̌ak,UNKNOWN
yoδd,yoδ<v>><prs><3sg>,*yoδd,UNKNOWN
bād,bād<prt>,*bād,UNKNOWN
xušikunůn,<joy>>kunůn<n>,*xušikunůn,UNKNOWN
bebun,<without>>bun<n>,<*without><adj>>бун<n>/bebun<adj>,UNKNOWN
bix̌čīrt,bix̌čīr<v>><prs><3sg>,*bix̌čīrt,UNKNOWN
sůd,sů<v>><prs><3sg>,*sůd,UNKNOWN
sůd,sů<v>><prs><3sg>,*sůd,UNKNOWN
ikditi,ik<prt><emph>><d2><m><sg><obl>><sup>,*ikditi,UNKNOWN
yůrx̌ak,yůrx̌<n>><dim>,*yůrx̌ak,UNKNOWN
sāraki-ec,sāraki<n>><lim2>,*sāraki-ec,UNKNOWN
bix̌čīrt-at,bix̌čīr<v>><prs><3sg>><coord2>,*bix̌čīrt-at,UNKNOWN
sůd,sů<v>><prs><3sg>,*sůd,UNKNOWN
yůrx̌ak,yůrx̌<n>><dim>,*yůrx̌ak,UNKNOWN
tīzd,<go>>d<v><prs><3sg>,*tīzd,UNKNOWN
aǰ-ga,ač<prt>><add1>,*aǰ-ga,UNKNOWN
naxāfst,<neg>>xāfs<v>><prs><3sg>,<*neg>>хāфст<v><inf>/<*neg>>хāфст<v><pst>,UNKNOWN
tadbīr-qati,tadbīr<n>><com>,*tadbīr-qati,UNKNOWN
yůrx̌ak,yůrx̌<n>><dim>,*yůrx̌ak,UNKNOWN
sůd,sů<v>><prs><3sg>,*sůd,UNKNOWN
yawūden,yawūd<n><jewish>><pl>,*yawūden,UNKNOWN
mūso,mūso<nprop><moses>,*mūso,UNKNOWN
tawrot,tawrot<n><torah>,*tawrot,UNKNOWN
idê,idê<cnj><compl>,*idê,UNKNOWN
yeso-yi,yeso<nprop><jesus>><3sg>,*yeso-yi,UNKNOWN
carāng,carang<pro>,*carāng,UNKNOWN
idê,idê<cnj><compl>,*idê,UNKNOWN
yeso,yeso<nprop><jesus>,*yeso,UNKNOWN
tawrot-and-en,tawrot<n><torah>><loc>><3pl>,*tawrot-and-en,UNKNOWN
tīzd,tīz<v>><prs><3sg>,*tīzd,UNKNOWN
firopt,firop<v>><prs><3sg>,*firopt,UNKNOWN
odamizod,odamizod<n>,*odamizod,UNKNOWN
yeso,yeso<nprop><jesus>,*yeso,UNKNOWN
ammo,ammo<cnj>,*ammo,UNKNOWN
yeso,yeso<nprop><jesus>,*yeso,UNKNOWN
odamizod,odamizod<n>,*odamizod,UNKNOWN
yeso,yeso<nprop><jesus>,*yeso,UNKNOWN
yerusalīm,yerusalīm<nprop><jerusalem>,*yerusalīm,UNKNOWN
yerixůn,yerixůn<nprop><jericho>,*yerixůn,UNKNOWN
yik-wi,yik<dem><emph>><d3><m><sg><obl>,*yik-wi,UNKNOWN
koyin,koyin<n>,*koyin,UNKNOWN
lewī,lewī<nprop><levite>,*lewī,UNKNOWN
x̌īvǰīn,x̌īv<v>><pf>><ptcp1>,*x̌īvǰīn,UNKNOWN
sůd,sů<v>><prs><3sg>,*sůd,UNKNOWN
tīzd,tīz<v>><prs><3sg>,*tīzd,UNKNOWN
bečorā-yi,bečorā<n>><3sg>,<*without><adj>>чорā<n>><3sg>/bečorā<adj>><3sg>/bečorā<n>><3sg>,UNKNOWN
maǰrū,maǰrū<n>,*maǰrū,UNKNOWN
zaytūn,zaytūn<n>,*zaytūn,UNKNOWN
memūnxůnā-yi,memūnxůnā<n>><3sg>,*memūnxůnā-yi,UNKNOWN
wê-θ,wê<dem><d3><m><sg><obl>><int>,*wê-θ,UNKNOWN
memūnxůnā,memūnxůnā<n>,*memūnxůnā,UNKNOWN
dinor,dinor<n>,*dinor,UNKNOWN
dāk,dāk<v>,*dāk,UNKNOWN
lapdi,lap<n>><comp>,*lapdi,UNKNOWN
aray-and,aray<num>><loc>,*aray-and,UNKNOWN
zalalwīnčin,zalal<v>><see>><pf>><ptcp1>,*zalalwīnčin,UNKNOWN
odamizod,odamizod<n>,*odamizod,UNKNOWN
yidê,yidê<cnj><compl>,*yidê,UNKNOWN
yeso,yeso<nprop><jesus>,*yeso,UNKNOWN
yeso,yeso<nprop><jesus>,*yeso,UNKNOWN
ǰo-ndi,ǰo<n>><loc>,*ǰo-ndi,UNKNOWN
e,e<prt><voc>,*e,UNKNOWN
duočīd,duo<n>><do>><inf>,*duočīd,UNKNOWN
yāyo,yāyo<nprop><john>,*yāyo,UNKNOWN
yida,yida<dem><d2><loc>,*yida,UNKNOWN
yeso,yeso<nprop><jesus>,*yeso,UNKNOWN
set,s<v>><prs><2pl>,*set,UNKNOWN
e,e<prt><voc>,*e,UNKNOWN
muqadas,muqadas<n>,*muqadas,UNKNOWN
sůd,sů<v>><prs><3sg>,*sůd,UNKNOWN
malakūt,malakūt<n>,*malakūt,UNKNOWN
yoδd,yoδ<v>><prs><3sg>,*yoδd,UNKNOWN
yirodā,yirodā<n>,*yirodā,UNKNOWN
ved,ve<v>><prs><3sg>,*ved,UNKNOWN
dāk,dāk<v>,*dāk,UNKNOWN
biyomurzīdā,biyomurzīdā<n>,*biyomurzīdā,UNKNOWN
yidê,yidê<cnj><compl>,*yidê,UNKNOWN
biyomurzīdā,biyomurzīdā<n>,*biyomurzīdā,UNKNOWN
yeso,yeso<nprop><jesus>,*yeso,UNKNOWN
idê,idi<cnj><compl>,*idê,UNKNOWN
yast,yast<v>,*yast,UNKNOWN
barobar,barobar<n>,<*with><adj>>робар<n>/barobar<adj>,UNKNOWN
yoδd,yoδ<v>><prs><3sg>,*yoδd,UNKNOWN
e,e<prt><voc>,*e,UNKNOWN
aray,aray<num>,*aray,UNKNOWN
qārz,qārz<n>,*qārz,UNKNOWN
idê,idi<cnj><compl>,*idê,UNKNOWN
piro-ndi,piro<prep>><loc>,*piro-ndi,UNKNOWN
ribīm,ribi<v>><prs><1sg>,*ribīm,UNKNOWN
naxo,naxo<prt>,*naxo,UNKNOWN
a,a<prt><voc>,*a,UNKNOWN
yida,yida<dem><d2><loc>,*yida,UNKNOWN
yida,yida<dem><d2><loc>,*yida,UNKNOWN
vārδīm,vār<v>><fall_down>><prs><1sg>,*vārδīm,UNKNOWN
idê,idi<cnj><compl>,*idê,UNKNOWN
na,na<prt><neg>,*na,UNKNOWN
dākix̌t,dāk<v>><do>><prs><3sg>,*dākix̌t,UNKNOWN
sůd,sů<v>><prs><3sg>,*sůd,UNKNOWN
sůd,sů<v>><prs><3sg>,*sůd,UNKNOWN
andīzd,andīz<v>><prs><3sg>,*andīzd,UNKNOWN
dākix̌t,dāk<v>><do>><prs><3sg>,*dākix̌t,UNKNOWN
dāken,dāk<v>><prs><3pl>,*dāken,UNKNOWN
zêzd-ta,zêz<v>><prs><3sg>><irr>,*zêzd-ta,UNKNOWN
x̌ikīrt,x̌ikīr<v>><prs><3sg>,*x̌ikīrt,UNKNOWN
vired-ta,vire<v>><prs><3sg>><irr>,*vired-ta,UNKNOWN
ta,ta<prt><irr>,*ta,UNKNOWN
yeso-rd-i,yeso<nprop><jesus>><dat>><3sg>,*yeso-rd-i,UNKNOWN
yidê,yidê<cnj><compl>,*yidê,UNKNOWN
malakūt-and,malakūt<n>><loc>,*malakūt-and,UNKNOWN
yeso,yeso<nprop><jesus>,*yeso,UNKNOWN
pigoθ,pigo<n>><adv>,*pigoθ,UNKNOWN
bax̌xix̌-tilāpt,bax̌xix̌<v>><ask>><inf>,*bax̌xix̌-tilāpt,UNKNOWN
yidê,yidê<cnj><compl>,*yidê,UNKNOWN
atman,atman<n>,*atman,UNKNOWN
sůd,sů<v>><prs><3sg>,*sůd,UNKNOWN
yidê,yidê<cnj><compl>,*yidê,UNKNOWN
pīnʒ,pīnʒ<num>,*pīnʒ,UNKNOWN
čost,čos<v>><prs><3sg>,*čost,UNKNOWN
idê,idê<cnj><compl>,*idê,UNKNOWN
bax̌xix,bax̌xix<n>,*bax̌xix,UNKNOWN
xez-and,xez<post><apud>><loc>,*xez-and,UNKNOWN
vārδīm,vārδī<v>><prs><1sg>,*vārδīm,UNKNOWN
ɣ̌ulům,ɣ̌ulům<n>,*ɣ̌ulům,UNKNOWN
ču,čū<v><pst>,*ču,UNKNOWN
paskučayen-ard,paskuča<n>><pl>><dat>,*paskučayen-ard,UNKNOWN
kambaɣal,kambaɣal<n>,<*with_little><adj>>бағал<n>/kambaɣal<n>,UNKNOWN
tarů,tar<dem><eq>><d1>,*tarů,UNKNOWN
ɣ̌ulům,ɣ̌ulům<n>,*ɣ̌ulům,UNKNOWN
e,e<prt><voc>,*e,UNKNOWN
idê,idê<cnj><compl>,*idê,UNKNOWN
tarů,tar<dem><eq>><d1>,*tarů,UNKNOWN
sůd,sů<v>><prs><3sg>,*sůd,UNKNOWN
yidê,yidê<cnj><compl>,*yidê,UNKNOWN
dāwatsuδǰinen,dāwat<n>><become>><pf><m>><ptcp1>><pl>,*dāwatsuδǰinen,UNKNOWN
yoδd,yoδ<v>><prs><3sg>,*yoδd,UNKNOWN
ǰatčūɣ̌ǰin,ǰat<n>><do>><pf>><ptcp1>,*ǰatčūɣ̌ǰin,UNKNOWN
qabulsuδǰin,qabul<n>><become>><pf><m>><ptcp1>,*qabulsuδǰin,UNKNOWN
kām,kām<prt>,*kām,UNKNOWN
yeso,yeso<nprop><jesus>,*yeso,UNKNOWN
dāk,dāk<v>,*dāk,UNKNOWN
ču,čū<v><pst>,*ču,UNKNOWN
bād,bād<n>,*bād,UNKNOWN
δu-aray,δu<num>><three>,*δu-aray,UNKNOWN
taram-i,taram<dem><eq>><d3>><3sg>,*taram-i,UNKNOWN
yik dis,yik<prt><emph>,*yik dis,UNKNOWN
idê,idê<cnj><compl>,*idê,UNKNOWN
benawo,benawo<n>,<*without><adj>>наwо<n>/benawo<n>,UNKNOWN
bād,bād<n>,*bād,UNKNOWN
xūgbůni,xūg<n>><shepherding>,*xūgbůni,UNKNOWN
idê,idê<cnj><compl>,*idê,UNKNOWN
důnd-aven,důnd<pro>><cause>,*důnd-aven,UNKNOWN
idê,idê<cnj><compl>,*idê,UNKNOWN
azůdand,az<dem><el>><d1>><loc>,*azůdand,UNKNOWN
tīm,tī<v>><prs><1sg>,*tīm,UNKNOWN
a,a<prt><voc>,*a,UNKNOWN
xez-and,xez<post><apud>><loc>,*xez-and,UNKNOWN
idê,idê<cnj><compl>,*idê,UNKNOWN
xez-and,xez<post><apud>><loc>,*xez-and,UNKNOWN
bād,bād<prt>,*bād,UNKNOWN
ɣal,ɣal<prt>,*ɣal,UNKNOWN
žêx̌t-žêx̌t,žêx̌<v>><inf>><inf>,*žêx̌t-žêx̌t,UNKNOWN
bāčīd,bā<v>><do>><inf>,*bāčīd,UNKNOWN
a,a<prt><voc>,*a,UNKNOWN
xez-and,xez<post><apud>><loc>,*xez-and,UNKNOWN
ammo,ammo<cnj>,*ammo,UNKNOWN
vet,v<v>><prs><2pl>,*vet,UNKNOWN
vet,v<v>><prs><2pl>,*vet,UNKNOWN
pinīzd,pinīz<v>><prs><3sg>,*pinīzd,UNKNOWN
vet,v<v>><prs><2pl>,*vet,UNKNOWN
yida,yida<dem><d2><loc>,*yida,UNKNOWN
bād-en,bād<prt>><3pl>,*bād-en,UNKNOWN
gax̌tčīd-and,gax̌t<n>><do>><inf>><loc>,*gax̌tčīd-and,UNKNOWN
idê,idê<cnj><compl>,*idê,UNKNOWN
důnd-aven,důnd<pro>><cause>,*důnd-aven,UNKNOWN
idê,idê<cnj><compl>,*idê,UNKNOWN
idê,idê<cnj><compl>,*idê,UNKNOWN
bād,bād<prt>,*bād,UNKNOWN
ammo,ammo<cnj>,*ammo,UNKNOWN
dākčūd,dāk<v>><do>><pst>,*dākčūd,UNKNOWN
idê,idê<cnj><compl>,*idê,UNKNOWN
yidê,yidê<cnj><compl>,*yidê,UNKNOWN
šebt,šeb<v>><pst>,*šebt,UNKNOWN
e,e<prt><voc>,*e,UNKNOWN
idê,idê<cnj><compl>,*idê,UNKNOWN
awgust,awgust<nprop><august>,*awgust,UNKNOWN
yidê,yidê<cnj><compl>,*yidê,UNKNOWN
saršumori,saršumori<n>,*saršumori,UNKNOWN
awwalīn,awwalīn<n>,*awwalīn,UNKNOWN
saršumori,saršumori<n>,*saršumori,UNKNOWN
wiy-en,wi<dem><d3><m><sg><obl>><3pl>,*wiy-en,UNKNOWN
naɣ̌ǰimč-at,naɣ̌ǰim<v>><pf>><pqp>,*naɣ̌ǰimč-at,UNKNOWN
idê,idê<cnj><compl>,*idê,UNKNOWN
sūriyā,sūriyā<nprop><syria>,*sūriyā,UNKNOWN
kiwirīnus,kiwirīnus<nprop><cyrenius>,*kiwirīnus,UNKNOWN
saršumori,saršumori<n>,*saršumori,UNKNOWN
yesuf,yesuf<nprop><joseph>,*yesuf,UNKNOWN
ǰalīl,ǰalīl<nprop><galilee>,*ǰalīl,UNKNOWN
nosirā-ndi,nosirā<nprop><nazareth>><loc>,*nosirā-ndi,UNKNOWN
yawūdo,yawūdo<nprop><judea>,*yawūdo,UNKNOWN
baytlem,baytlem<nprop><bethlehem>,*baytlem,UNKNOWN
dowūd,dowūd<nprop><david>,*dowūd,UNKNOWN
aven,aven<post><cause>,*aven,UNKNOWN
idê,idê<cnj><compl>,*idê,UNKNOWN
dowūd,dowūd<nprop><david>,*dowūd,UNKNOWN
maryam,maryam<nprop><maria>,*maryam,UNKNOWN
saršumori,saršumori<n>,*saršumori,UNKNOWN
baytlem-and,baytlem<nprop><bethlehem>><loc>,*baytlem-and,UNKNOWN
sarfarzand,sarfarzand<n>,*sarfarzand,UNKNOWN
ribūd-i,ribū<v>><pst>><3sg>,*ribūd-i,UNKNOWN
aven,aven<post><cause>,*aven,UNKNOWN
idê,idê<cnj><compl>,*idê,UNKNOWN
piro-ndi,piro<prep>><loc>,*piro-ndi,UNKNOWN
farix̌tā,farix̌tā<n>,*farix̌tā,UNKNOWN
ǰalol,ǰalol<n>,*ǰalol,UNKNOWN
garginūx̌ā-yi,garginūx̌ā<post>><3sg>,*garginūx̌ā-yi,UNKNOWN
ču,čū<v><pst>,*ču,UNKNOWN
farix̌tā,farix̌tā<n>,*farix̌tā,UNKNOWN
nur,nur<n>,*nur,UNKNOWN
dowūd,dowūd<nprop><david>,*dowūd,UNKNOWN
naǰotδāδīǰ,naǰot<n>><give>><agn>,*naǰotδāδīǰ,UNKNOWN
yeso,yeso<nprop><jesus>,*yeso,UNKNOWN
banokāf-and,banokāf<n>><loc>,*banokāf-and,UNKNOWN
farix̌tā,farix̌tā<n>,*farix̌tā,UNKNOWN
pāli-ndi,pāli<n>><loc>,*pāli-ndi,UNKNOWN
ǰalol,ǰalol<n>,*ǰalol,UNKNOWN
idê,idê<cnj><compl>,*idê,UNKNOWN
farix̌tayen-en,farix̌ta<n>><pl>><3pl>,*farix̌tayen-en,UNKNOWN
sifād,sifā<v><f/pl>><pst>,*sifād,UNKNOWN
baytlem,baytlem<nprop><bethlehem>,*baytlem,UNKNOWN
taram,tar<dem><eq>><d3>,*taram,UNKNOWN
rawůn,rawůn<n>,*rawůn,UNKNOWN
maryam,maryam<nprop><maria>,*maryam,UNKNOWN
yesuf-en,yesuf<nprop><joseph>><3pl>,*yesuf-en,UNKNOWN
ɣal,ɣal<prt>,*ɣal,UNKNOWN
farix̌tā,farix̌tā<n>,*farix̌tā,UNKNOWN
dar borayi,dar borayi<prep>,*dar borayi,UNKNOWN
ču,čū<v><pst>,*ču,UNKNOWN
ār-čāy,ar<pro>><who>,*ār-čāy,UNKNOWN
maryam,maryam<nprop><maria>,*maryam,UNKNOWN
ǰalol,ǰalol<n>,*ǰalol,UNKNOWN
idê,idê<cnj><compl>,*idê,UNKNOWN
farix̌tā,farix̌tā<n>,*farix̌tā,UNKNOWN
bād,bād<n>,*bād,UNKNOWN
čūlburůn,čūlburůn<n>,*čūlburůn,UNKNOWN
yeso,yeso<nprop><jesus>,*yeso,UNKNOWN
ik,ik<prt><emph>,*ik,UNKNOWN
idê,idê<cnj><compl>,*idê,UNKNOWN
farix̌tā,farix̌tā<n>,*farix̌tā,UNKNOWN
maryam,maryam<nprop><maria>,*maryam,UNKNOWN
yesuf,yesuf<nprop><joseph>,*yesuf,UNKNOWN
pokīzačīd,pokīza<n>><do>><inf>,*pokīzačīd,UNKNOWN
as rūyi,as rūyi<prep>,*as rūyi,UNKNOWN
mūso,mūso<nprop><moses>,*mūso,UNKNOWN
yerusalīm,yerusalīm<nprop><jerusalem>,*yerusalīm,UNKNOWN
taqdīmčīd,taqdīm<n>><do>><inf>,*taqdīmčīd,UNKNOWN
aven,aven<post><cause>,*aven,UNKNOWN
idê,idê<cnj><compl>,*idê,UNKNOWN
narīnā,narīnā<n>,*narīnā,UNKNOWN
sarfarzand,sarfarzand<n>,*sarfarzand,UNKNOWN
taqdīm,taqdīm<n>,*taqdīm,UNKNOWN
sůd,sů<v>><prs><3sg>,*sůd,UNKNOWN
āmga,ām<cnj>><add1>,*āmga,UNKNOWN
idê,idê<cnj><compl>,*idê,UNKNOWN
čibůdbuc,čibůd<n>><child>,*čibůdbuc,UNKNOWN
ven,v<v>><prs><3pl>,*ven,UNKNOWN
yerusalīm-and,yerusalīm<nprop><jerusalem>><loc>,*yerusalīm-and,UNKNOWN
šimůn,šimůn<nprop><simeon>,*šimůn,UNKNOWN
aqdūst,aqdūst<n>,*aqdūst,UNKNOWN
yisroyīl-ard-i,yisroyīl<nprop><israel>><dat>><3sg>,*yisroyīl-ard-i,UNKNOWN
naǰot,naǰot<n>,*naǰot,UNKNOWN
ilohi,ilohi<n><god>,*ilohi,UNKNOWN
šimůn-ard-i,šimůn<nprop><simeon>><dat>><3sg>,*šimůn-ard-i,UNKNOWN
ilohi,ilohi<n><god>,*ilohi,UNKNOWN
yik-dis,yik<pro><emph>><such>,*yik-dis,UNKNOWN
idê,idê<cnj><compl>,*idê,UNKNOWN
tůnec-i,tůnec<prep>><3sg>,*tůnec-i,UNKNOWN
mase,mase<n>,*mase,UNKNOWN
ilohi,ilohi<n><god>,*ilohi,UNKNOWN
mābad,mābad<n>,*mābad,UNKNOWN
yeso,yeso<nprop><jesus>,*yeso,UNKNOWN
taram,tar<dem><eq>><d3>,*taram,UNKNOWN
idê,idê<cnj><compl>,*idê,UNKNOWN
šimůn,šimůn<nprop><simeon>,*šimůn,UNKNOWN
e,e<prt><voc>,*e,UNKNOWN
aven,aven<post><cause>,*aven,UNKNOWN
idê,idê<cnj><compl>,*idê,UNKNOWN
idê,idê<cnj><compl>,*idê,UNKNOWN
naǰotδāδīǰ,naǰot<n>><give>><agn>,*naǰotδāδīǰ,UNKNOWN
pirokêθ,piroki<n>><adv>,*pirokêθ,UNKNOWN
idê,idê<cnj><compl>,*idê,UNKNOWN
bexuδoyen,be<n>><god>><pl>,<*without><adj>>хуδой<n>><3pl>,UNKNOWN
yisroyīl,yisroyīl<nprop><israel>,*yisroyīl,UNKNOWN
ǰalol,ǰalol<n>,*ǰalol,UNKNOWN
ta,ta<prt><irr>,*ta,UNKNOWN
sůd,sů<v>><prs><3sg>,*sůd,UNKNOWN
idê,idê<cnj><compl>,*idê,UNKNOWN
šimůn,šimůn<nprop><simeon>,*šimůn,UNKNOWN
dar borayi,dar borayi<prep>,*dar borayi,UNKNOWN
yeso,yeso<nprop><jesus>,*yeso,UNKNOWN
šimůn,šimůn<nprop><simeon>,*šimůn,UNKNOWN
barakatbāx̌,barakatbāx̌<n>,*barakatbāx̌,UNKNOWN
maryam-ard-i,maryam<nprop><maria>><dat>><3sg>,*maryam-ard-i,UNKNOWN
yida,yida<dem><d2><loc>,*yida,UNKNOWN
idê,idê<cnj><compl>,*idê,UNKNOWN
as dasti,as dasti<prep>,*as dasti,UNKNOWN
yisroyīl-and,yisroyīl<nprop><israel>><loc>,*yisroyīl-and,UNKNOWN
δubāx̌,δu<n>><part>,*δubāx̌,UNKNOWN
sůd,sů<v>><prs><3sg>,*sůd,UNKNOWN
ziddi,zidd<n>><ez>,*ziddi,UNKNOWN
ta,ta<prt><irr>,*ta,UNKNOWN
nabiya,nabiya<n>,*nabiya,UNKNOWN
ānnā,ānnā<nprop><anna>,*ānnā,UNKNOWN
fanuyīl,fanuyīl<nprop><phanuel>,*fanuyīl,UNKNOWN
ašer,ašer<nprop><aser>,*ašer,UNKNOWN
bād,bād<n>,*bād,UNKNOWN
bewā-θ,bewā<n>><adv>,*bewā-θ,UNKNOWN
aštod-u,aštod<num>><coord3>,*aštod-u,UNKNOWN
mābad-and,mābad<n>><loc>,*mābad-and,UNKNOWN
yerusalīm,yerusalīm<nprop><jerusalem>,*yerusalīm,UNKNOWN
dar borayi,dar borayi<prep>,*dar borayi,UNKNOWN
as rūyi,as rūyi<prep>,*as rūyi,UNKNOWN
ču,čū<v><pst>,*ču,UNKNOWN
ǰalīl,ǰalīl<nprop><galilee>,*ǰalīl,UNKNOWN
nosirā,nosirā<nprop><nazareth>,*nosirā,UNKNOWN
yeso,yeso<nprop><jesus>,*yeso,UNKNOWN
yerusalīm,yerusalīm<nprop><jerusalem>,*yerusalīm,UNKNOWN
fisayům,fisayům<n>,*fisayům,UNKNOWN
duwozdasolā,duwozda<n>><year>><hb>,*duwozdasolā,UNKNOWN
arwaxtā,ar<n>><time><pl>,*arwaxtā,UNKNOWN
bād,bād<n>,*bād,UNKNOWN
rawůn,rawůn<n>,*rawůn,UNKNOWN
yeso,yeso<nprop><jesus>,*yeso,UNKNOWN
yerusalīm-and,yerusalīm<nprop><jerusalem>><loc>,*yerusalīm-and,UNKNOWN
idê,idê<cnj><compl>,*idê,UNKNOWN
tay,tay<n>,*tay,UNKNOWN
xex̌ at tabor,xex̌<n>><coord2>><relatives>,*xex̌ at tabor,UNKNOWN
na,na<prt><neg>,*na,UNKNOWN
ču,čū<v><pst>,*ču,UNKNOWN
yerusalīm,yerusalīm<nprop><jerusalem>,*yerusalīm,UNKNOWN
bād,bād<prep>,*bād,UNKNOWN
mābad-and,mābad<n>><loc>,*mābad-and,UNKNOWN
niɣůɣ̌d,niɣůɣ̌<v>><prs><3sg>,*niɣůɣ̌d,UNKNOWN
aql-at,aql<n>><coord2>,*aql-at,UNKNOWN
ayrůn,ayrůn<n>,*ayrůn,UNKNOWN
ayrůn-en,ayrůn<n>><3pl>,*ayrůn-en,UNKNOWN
e,e<prt><voc>,*e,UNKNOWN
ǰīnow,ǰīnow<post>,*ǰīnow,UNKNOWN
virêdow-ard,virêd<n>><inf>><purp>><dat>,*virêdow-ard,UNKNOWN
ɣam,ɣam<n>,*ɣam,UNKNOWN
ɣussāndi,ɣussā<n>><loc>,*ɣussāndi,UNKNOWN
tame-t,tam<pers><prn><2pl>><2pl>,*tame-t,UNKNOWN
tame-t,tam<pers><prn><2pl>><2pl>,*tame-t,UNKNOWN
nā,nā<prt><neg><q>,*nā,UNKNOWN
yidê,yidê<cnj><compl>,*yidê,UNKNOWN
vīm,vī<v>><prs><1sg>,*vīm,UNKNOWN
ammo,ammo<cnj>,*ammo,UNKNOWN
yeso,yeso<nprop><jesus>,*yeso,UNKNOWN
nosirā,nosirā<nprop><nazareth>,*nosirā,UNKNOWN
yeso,yeso<nprop><jesus>,*yeso,UNKNOWN
barobar,barobar<n>,<*with><adj>>робар<n>/barobar<adj>,UNKNOWN
ǰinesor,ǰinesor<nprop><gennesaret>,*ǰinesor,UNKNOWN
qůllāv-ti,qůl<n>><shore>><sup>,*qůllāv-ti,UNKNOWN
nāš,nāš<n>,*nāš,UNKNOWN
yeso,yeso<nprop><jesus>,*yeso,UNKNOWN
garginūx̌ā,garginūx̌ā<post>,*garginūx̌ā,UNKNOWN
idê,idi<cnj><compl>,*idê,UNKNOWN
yeso,yeso<nprop><jesus>,*yeso,UNKNOWN
idê,idi<cnj><compl>,*idê,UNKNOWN
qůllāv-en,qůl<n>><shore>><3pl>,*qůllāv-en,UNKNOWN
moyigīren-en,moyigīr<n>><pl>><3pl>,*moyigīren-en,UNKNOWN
yeso,yeso<nprop><jesus>,*yeso,UNKNOWN
šimůn-and,šimůn<nprop><simon>><loc>,*šimůn-and,UNKNOWN
δardi,δar<n>><comp>,*δardi,UNKNOWN
sůd,sů<v>><prs><3sg>,*sůd,UNKNOWN
ču,čū<v><pst>,*ču,UNKNOWN
šimůn,šimůn<nprop><simon>,*šimůn,UNKNOWN
yik-ůd-and,yik<dem><emph>><d1>><loc>,*yik-ůd-and,UNKNOWN
anǰīvdow-ard,anǰīv<v>><inf>><purp>><dat>,*anǰīvdow-ard,UNKNOWN
šimůn,šimůn<nprop><simon>,*šimůn,UNKNOWN
e,e<prt><voc>,*e,UNKNOWN
katarax̌āb,kata<n>><allnight>,*katarax̌āb,UNKNOWN
ču,čū<v><pst>,*ču,UNKNOWN
moyigīren-en,moyigīr<n>><pl>><3pl>,*moyigīren-en,UNKNOWN
idê,idi<cnj><compl>,*idê,UNKNOWN
pirost,piros<v><f/pl>><pst>,*pirost,UNKNOWN
bād-en,bād<n>><3pl>,*bād-en,UNKNOWN
idê,idi<cnj><compl>,*idê,UNKNOWN
varθ,varθ<n>,*varθ,UNKNOWN
idê,idi<cnj><compl>,*idê,UNKNOWN
bun-nīst,bun<v>><sit>><inf>,*bun-nīst,UNKNOWN
šimůn,šimůn<nprop><simon>,*šimůn,UNKNOWN
petrus,petrus<nprop><peter>,*petrus,UNKNOWN
yeso,yeso<nprop><jesus>,*yeso,UNKNOWN
piro-ndi-yi,piro<n>><loc>><3sg>,*piro-ndi-yi,UNKNOWN
či-zůn,či<n><cont1>><knee>,*či-zůn,UNKNOWN
e,e<prt><voc>,*e,UNKNOWN
xez-and,xez<post><apud>><loc>,*xez-and,UNKNOWN
šimůn,šimůn<nprop><simon>,*šimůn,UNKNOWN
yoqūb,yoqūb<nprop><james>,*yoqūb,UNKNOWN
yāyo,yāyo<nprop><john>,*yāyo,UNKNOWN
zebeday,zebeday<nprop><zebedee>,*zebeday,UNKNOWN
šimůn,šimůn<nprop><simon>,*šimůn,UNKNOWN
moyi-anǰīvd,moyi<n>><keep>><inf>,*moyi-anǰīvd,UNKNOWN
yeso,yeso<nprop><jesus>,*yeso,UNKNOWN
šimůn-ard-i,šimůn<nprop><simon>><dat>><3sg>,*šimůn-ard-i,UNKNOWN
nur-and-ta,nur<n>><loc>><irr>,*nur-and-ta,UNKNOWN
yeso,yeso<nprop><jesus>,*yeso,UNKNOWN
bād,bād<prt>,*bād,UNKNOWN
yeso,yeso<nprop><jesus>,*yeso,UNKNOWN
ču,čū<v><pst>,*ču,UNKNOWN
kafarnaum,kafarnaum<nprop><capernaum>,*kafarnaum,UNKNOWN
aǰnabi,aǰnabi<n>,*aǰnabi,UNKNOWN
sadā,sadā<n>,*sadā,UNKNOWN
damdor,damdor<n>,*damdor,UNKNOWN
bemor,bemor<n>,<*without><adj>>мор<n>/bemor<adj>,UNKNOWN
sadā,sadā<n>,*sadā,UNKNOWN
yeso,yeso<nprop><jesus>,*yeso,UNKNOWN
yawūd,yawūd<n><jewish>,*yawūd,UNKNOWN
idê,idê<cnj><compl>,*idê,UNKNOWN
yoδd,yoδ<v>><prs><3sg>,*yoδd,UNKNOWN
naǰot,naǰot<n>,*naǰot,UNKNOWN
yeso,yeso<nprop><jesus>,*yeso,UNKNOWN
yiltimos-en,iltimos<n>><3pl>,*yiltimos-en,UNKNOWN
yeso-rd,yeso<nprop><jesus>><dat>,*yeso-rd,UNKNOWN
yik-id,yik<dem><emph>><d2><sg>,*yik-id,UNKNOWN
sůd,sů<v>><prs><3sg>,*sůd,UNKNOWN
yeso,yeso<nprop><jesus>,*yeso,UNKNOWN
rawůn,rawůn<n>,*rawůn,UNKNOWN
sadā,sadā<n>,*sadā,UNKNOWN
yeso-rd,yeso<nprop><jesus>><dat>,*yeso-rd,UNKNOWN
e,e<prt><voc>,*e,UNKNOWN
ranǰā,ranǰ<n>><pl>,*ranǰā,UNKNOWN
idê,idê<cnj><compl>,*idê,UNKNOWN
aven,aven<post><cause>,*aven,UNKNOWN
idê,idê<cnj><compl>,*idê,UNKNOWN
yik-důnd,yik<pro><emph>><so_much>,*yik-důnd,UNKNOWN
sůd,sů<v>><prs><3sg>,*sůd,UNKNOWN
farmůnbardor,farmůn<n>><assault>,*farmůnbardor,UNKNOWN
sarbozen,sarboz<n>><pl>,*sarbozen,UNKNOWN
yast,yast<v>,*yast,UNKNOWN
sůd,sů<v>><prs><3sg>,*sůd,UNKNOWN
tarů,tar<dem><eq>><d1>,*tarů,UNKNOWN
yoδd,yoδ<v>><prs><3sg>,*yoδd,UNKNOWN
yeso,yeso<nprop><jesus>,*yeso,UNKNOWN
ayrůn,ayrůn<n>,*ayrůn,UNKNOWN
idê,idê<cnj><compl>,*idê,UNKNOWN
idê,idê<cnj><compl>,*idê,UNKNOWN
yisroyīl-and-aθ-um,yisroyīl<nprop><israel>><loc>><emph>><1sg>,*yisroyīl-and-aθ-um,UNKNOWN
sadā,sadā<n>,*sadā,UNKNOWN
idê,idê<cnj><compl>,*idê,UNKNOWN
bād,bād<prt>,*bād,UNKNOWN
yeso,yeso<nprop><jesus>,*yeso,UNKNOWN
yizdiůmen,yizdiům<n>><pl>,*yizdiůmen,UNKNOWN
yeso,yeso<nprop><jesus>,*yeso,UNKNOWN
idê,idê<cnj><compl>,*idê,UNKNOWN
bewā-nd,bewā<n>><loc>,*bewā-nd,UNKNOWN
nāš,nāš<prt>,*nāš,UNKNOWN
yeso-yi,yeso<nprop><jesus>><ez>,*yeso-yi,UNKNOWN
mase,mase<n>,*mase,UNKNOWN
yeso,yeso<nprop><jesus>,*yeso,UNKNOWN
e,e<prt><voc>,*e,UNKNOWN
ta,ta<prt><irr>,*ta,UNKNOWN
gāp-δêd,gāp<v>><give>><inf>,*gāp-δêd,UNKNOWN
yeso,yeso<nprop><jesus>,*yeso,UNKNOWN
woymā-ndi,woymā<n>><loc>><3sg>,*woymā-ndi,UNKNOWN
payɣambar,payɣambar<n>,*payɣambar,UNKNOWN
yeso,yeso<nprop><jesus>,*yeso,UNKNOWN
yawūdo-rd,yawūdo<nprop><judea>><dat>,*yawūdo-rd,UNKNOWN
garginūx̌ā,garginūx̌ā<post>,*garginūx̌ā,UNKNOWN
pān,pān<n>,*pān,UNKNOWN
yeso,yeso<nprop><jesus>,*yeso,UNKNOWN
rūya,rūya<n>,*rūya,UNKNOWN
rawůn,rawůn<n>,*rawůn,UNKNOWN
bād,bād<prt>,*bād,UNKNOWN
yeso,yeso<nprop><jesus>,*yeso,UNKNOWN
banokāf-and,banokāf<n>><loc>,*banokāf-and,UNKNOWN
idê,idê<cnj><compl>,*idê,UNKNOWN
azu,az<dem><el>><d1>,*azu,UNKNOWN
taram,tar<dem><eq>><d3>,*taram,UNKNOWN
nāš,nāš<n>,*nāš,UNKNOWN
apostolen-en,apostol<n>><pl>><3pl>,*apostolen-en,UNKNOWN
yeso-yen,yeso<nprop><jesus>><3pl>,*yeso-yen,UNKNOWN
agā,agā<n>,*agā,UNKNOWN
yeso,yeso<nprop><jesus>,*yeso,UNKNOWN
agā,agā<n>,*agā,UNKNOWN
yeso,yeso<nprop><jesus>,*yeso,UNKNOWN
apostolen-en,apostol<n>><pl>><3pl>,*apostolen-en,UNKNOWN
ayrůn-aθ,ayrůn<n>><adv>,*ayrůn-aθ,UNKNOWN
ku,ku<prt>,*ku,UNKNOWN
ved,ve<v>><prs><3sg>,*ved,UNKNOWN
idê,idê<cnj><compl>,*idê,UNKNOWN
tobê,tobê<n>,*tobê,UNKNOWN
apostolen-en,apostol<n>><pl>><3pl>,*apostolen-en,UNKNOWN
yeso-rd,yeso<nprop><jesus>><dat>,*yeso-rd,UNKNOWN
ču,čū<v><pst>,*ču,UNKNOWN
yeso,yeso<nprop><jesus>,*yeso,UNKNOWN
baytsaydo,baytsaydo<nprop><bethsaida>,*baytsaydo,UNKNOWN
idê,idê<cnj><compl>,*idê,UNKNOWN
nīθt,nīθ<v>><prs><3sg>,*nīθt,UNKNOWN
ammo,ammo<cnj>,*ammo,UNKNOWN
yeso,yeso<nprop><jesus>,*yeso,UNKNOWN
dar borayi,dar borayi<prep>,*dar borayi,UNKNOWN
malakūti,malakūt<n>><3sg>,*malakūti,UNKNOWN
bemor,bemor<n>,<*without><adj>>мор<n>/bemor<adj>,UNKNOWN
apostolen,apostol<n>><pl>,*apostolen,UNKNOWN
yeso,yeso<nprop><jesus>,*yeso,UNKNOWN
toqaxůnayen,toqa<n>><house>><pl>,*toqaxůnayen,UNKNOWN
x̌avgā,x̌avgā<n>,*x̌avgā,UNKNOWN
yůdand,yůd<dem><d1>><loc>,*yůdand,UNKNOWN
yeso,yeso<nprop><jesus>,*yeso,UNKNOWN
δet,δ<v>><prs><2pl>,*δet,UNKNOWN
baɣayr,baɣayr<prep>,*baɣayr,UNKNOWN
pīnʒ,pīnʒ<num>,*pīnʒ,UNKNOWN
apostolen-en,apostol<n>><pl>><3pl>,*apostolen-en,UNKNOWN
baɣer,baɣer<n>,<*with><adj>>ғер<n>,UNKNOWN
pīnʒ,pīnʒ<num>,*pīnʒ,UNKNOWN
yeso,yeso<nprop><jesus>,*yeso,UNKNOWN
panǰo,panǰo<num>,*panǰo,UNKNOWN
apostolen-en,apostol<n>><pl>><3pl>,*apostolen-en,UNKNOWN
ču,čū<v><pst>,*ču,UNKNOWN
yeso,yeso<nprop><jesus>,*yeso,UNKNOWN
pīnʒ,pīnʒ<num>,*pīnʒ,UNKNOWN
barakatbāx̌,barakatbāx̌<n>,*barakatbāx̌,UNKNOWN
bād-i,bād<n>><3sg>,*bād-i,UNKNOWN
garδayen,garδa<n>><pl>,*garδayen,UNKNOWN
moyien,moyi<n>><pl>,*moyien,UNKNOWN
dāk-i,dāk<n>><3sg>,*dāk-i,UNKNOWN
ču,čū<v><pst>,*ču,UNKNOWN
apostolen-ard,apostol<n>><pl>><dat>,*apostolen-ard,UNKNOWN
idê,idê<cnj><compl>,*idê,UNKNOWN
sifīnt,sifīn<v>><prs><3sg>,*sifīnt,UNKNOWN
futbolka,futbolka<n><t-shirt>,*futbolka,UNKNOWN
bād,bād<n>,*bād,UNKNOWN
bād,bād<n>,*bād,UNKNOWN
aray,aray<num>,*aray,UNKNOWN
bād,bād<n>,*bād,UNKNOWN
futbolkayand,futbolka<n><t-shirt>><loc>,*futbolkayand,UNKNOWN
bād,bād<n>,*bād,UNKNOWN
sifīnt,sifīn<v>><prs><3sg>,*sifīnt,UNKNOWN
zaxod,zaxod<rus>,*zaxod,UNKNOWN
go,go<prt>,*go,UNKNOWN
ɣal,ɣal<prt>,*ɣal,UNKNOWN
prosta,prosta<rus>,*prosta,UNKNOWN
bād,bād<n>,*bād,UNKNOWN
yoδd,yoδ<v>><prs><3sg>,*yoδd,UNKNOWN
iga,i<pro><indef>><add1>,*iga,UNKNOWN
velosiped,velosiped<n>,*velosiped,UNKNOWN
pomoemu,pomoemu<rus>,*pomoemu,UNKNOWN
yoδd,yoδ<v>><prs><3sg>,*yoδd,UNKNOWN
sabado…,sabad<n>><q>,*sabado…,UNKNOWN
zêzd,zêz<v>><prs><3sg>,*zêzd,UNKNOWN
karoči,karoči<rus>,*karoči,UNKNOWN
bād,bād<n>,*bād,UNKNOWN
tīzdat,tīz<v>><prs><3sg>><coord2>,*tīzdat,UNKNOWN
čost,čos<v>><prs><3sg>,*čost,UNKNOWN
ey,ey<prt>,*ey,UNKNOWN
užê,užê<prt>,*užê,UNKNOWN
bād,bād<n>,*bād,UNKNOWN
sifīnt,sifīn<v>><prs><3sg>,*sifīnt,UNKNOWN
pi…,pi<prep><up>,*pi…,UNKNOWN
sůd,sů<v>><prs><3sg>,*sůd,UNKNOWN
tīzd,tīz<v>><prs><3sg>,*tīzd,UNKNOWN
sůd,sů<v>><prs><3sg>,*sůd,UNKNOWN
bād,bād<n>,*bād,UNKNOWN
wāδ…,wāδ<dem><d3><pl>,*wāδ…,UNKNOWN
wiri,wi<dem><d3><m><sg><obl>><dat>,*wiri,UNKNOWN
šlyāpga,šlyāp<n>><add1>,*šlyāpga,UNKNOWN
riwozd,riwoz<v>><prs><3sg>,*riwozd,UNKNOWN
bād…,bād<n>,*bād…,UNKNOWN
čitīd,či<prep><prosp>><leave>><inf>,*čitīd,UNKNOWN
sůdat,sů<v>><prs><3sg>><coord2>,*sůdat,UNKNOWN
δen,δ<v>><prs><3pl>,*δen,UNKNOWN
lůven:,lův<v>><prs><3pl>,*lůven:,UNKNOWN
«tund,tu<pers><prn><2sg>><loc>,*«tund,UNKNOWN
šlyāpaga,šlyāpa<n>><add1>,*šlyāpaga,UNKNOWN
zê»,zê<v>,*zê»,UNKNOWN
bād,bād<n>,*bād,UNKNOWN
šlyāpa,šlyāpa<n>,*šlyāpa,UNKNOWN
zêzdat,zêz<v>><prs><3sg>><coord2>,*zêzdat,UNKNOWN
užê,užê<prt>,*užê,UNKNOWN
mamentand,mament<n>><loc>,*mamentand,UNKNOWN
bād,bād<n>,*bād,UNKNOWN
xen,x<v>><prs><3pl>,*xen,UNKNOWN
rūzo,rūzo<n>,*rūzo,UNKNOWN
čūǰ,čū<v>><pf>,*čūǰ,UNKNOWN
aro,aro<prt><adr>,*aro,UNKNOWN
kayůno…,kayůn<n>><coord3>,*kayůno…,UNKNOWN
zex̌tow,zex̌<v>><inf>><purp>,*zex̌tow,UNKNOWN
xīdowra,xī<v>><inf>><purp>><dat>,*xīdowra,UNKNOWN
vobšêm,vobšêm<prt><hez>,*vobšêm,UNKNOWN
xulosa…,xulosa<n>,*xulosa…,UNKNOWN
bādi,bād<n>><3sg>,*bādi,UNKNOWN
bādi,bād<n>><3sg>,*bādi,UNKNOWN
iga,i<pro><indef>><add1>,*iga,UNKNOWN
aro,aro<prt><adr>,*aro,UNKNOWN
xezand,xez<post><apud>><loc>,*xezand,UNKNOWN
xezand,xez<post><apud>><loc>,*xezand,UNKNOWN
bād,bād<n>,*bād,UNKNOWN
daraxten…,daraxt<n>><pl>,*daraxten…,UNKNOWN
sifīnt,sifīn<v>><prs><3sg>,*sifīnt,UNKNOWN
zêzd,zêz<v>><prs><3sg>,*zêzd,UNKNOWN
wiǰa,wi<dem><d3><m><sg><obl>><p><loc>,*wiǰa,UNKNOWN
bād,bād<n>,*bād,UNKNOWN
yoδd,yoδ<v>><prs><3sg>,*yoδd,UNKNOWN
ɣiδabucak,ɣiδa<n>><child><m>><dim>,*ɣiδabucak,UNKNOWN
yoδd,yoδ<v>><prs><3sg>,*yoδd,UNKNOWN
deδd,deδ<v>><prs><3sg>,*deδd,UNKNOWN
půndtiyaθ,půnd<n>><sup>><adv>,*půndtiyaθ,UNKNOWN
bād,bād<n>,*bād,UNKNOWN
ku,ku<prt><ptcl>,*ku,UNKNOWN
δuga,δu<num>><add1>,*δuga,UNKNOWN
dāk,dāk<v>,*dāk,UNKNOWN
bād,bād<n>,*bād,UNKNOWN
δuga,δu<num>><add1>,*δuga,UNKNOWN
dākix̌t,dā<v>><do>><prs><3sg>,*dākix̌t,UNKNOWN
dākix̌t,dā<v>><do>><prs><3sg>,*dākix̌t,UNKNOWN
bād,bād<n>,*bād,UNKNOWN
sifīnt,sifīn<v>><prs><3sg>,*sifīnt,UNKNOWN
aro,aro<prt><adr>,*aro,UNKNOWN
velasipedti,velasiped<n>><sup>,*velasipedti,UNKNOWN
bād,bād<n>,*bād,UNKNOWN
tīzd,tīz<v>><prs><3sg>,*tīzd,UNKNOWN
ɣiδabucak,ɣiδa<n>><child><m>><dim>,*ɣiδabucak,UNKNOWN
vīdimo,vīdimo<n>,*vīdimo,UNKNOWN
tīzdo,tīz<v>><prs><3sg>><q>,*tīzdo,UNKNOWN
aro,aro<prt><adr>,*aro,UNKNOWN
ɣal,ɣal<prt>,*ɣal,UNKNOWN
nisto,nist<v><neg>><q>,*nisto,UNKNOWN
yast,yast<v>,*yast,UNKNOWN
aro,aro<prt><adr>,*aro,UNKNOWN
ɣiδābucak,ɣiδā<n>><child><m>><dim>,*ɣiδābucak,UNKNOWN
bād,bād<n>,*bād,UNKNOWN
aro,aro<prt><adr>,*aro,UNKNOWN
tīdowandatā,tī<v>><inf>><purp>><loc>><advs>,*tīdowandatā,UNKNOWN
sůd,sů<v>><prs><3sg>,*sůd,UNKNOWN
sabadenand…,sabad<n>><pl>><loc>,*sabadenand…,UNKNOWN
aro,aro<prt><adr>,*aro,UNKNOWN
důna,důna<n>,*důna,UNKNOWN
bād,bād<n>,*bād,UNKNOWN
sůd,sů<v>><prs><3sg>,*sůd,UNKNOWN
iga,i<pro><indef>><add1>,*iga,UNKNOWN
aro,aro<prt><adr>,*aro,UNKNOWN
qatiyatā,qati<post><com>><advs>,*qatiyatā,UNKNOWN
yasto?,yast<v>><q>,*yasto?,UNKNOWN
sarāmo?,sar<n>><1pl>><q>,*sarāmo?,UNKNOWN
nurand,nur<n>><loc>,*nurand,UNKNOWN
ši,ši<prt>,*ši,UNKNOWN
vīdeoyak,vīdeo<n>><dim>,*vīdeoyak,UNKNOWN
aro,aro<prt><adr>,*aro,UNKNOWN
aro,aro<prt><adr>,*aro,UNKNOWN
kix̌t…,kix̌<v>><prs><3sg>,*kix̌t…,UNKNOWN
fāmtato?,fām<v>><pst>><2sg>><q>,*fāmtato?,UNKNOWN
bād,bād<n>,*bād,UNKNOWN
aray,aray<num>,*aray,UNKNOWN
ata,ata<cnj><coord2>,*ata,UNKNOWN
uži,uži<rus>,*uži,UNKNOWN
čūǰ,čū<v>><pf>,*čūǰ,UNKNOWN
ata,ata<cnj><advs>,*ata,UNKNOWN
ɣal,ɣal<prt>,*ɣal,UNKNOWN
koroči,koroči<rus><hez>,*koroči,UNKNOWN
ata,ata<cnj><coord2>,*ata,UNKNOWN
ata,ata<cnj><advs>,*ata,UNKNOWN
aro…,aro<prt><adr>,*aro…,UNKNOWN
aro,aro<prt><adr>,*aro,UNKNOWN
velusipedti,velusiped<n>><sup>,*velusipedti,UNKNOWN
bādi,bād<n>><3sg>,*bādi,UNKNOWN
ata,ata<cnj><coord2>,*ata,UNKNOWN
ɣamaθ,ɣam<n>><adv>,*ɣamaθ,UNKNOWN
aro,aro<prt><adr>,*aro,UNKNOWN
aro,aro<prt><adr>,*aro,UNKNOWN
čīz…,čīz<pro>,*čīz…,UNKNOWN
spokoynikaθi,spokoyn<n>><dim>><adv>><3sg>,*spokoynikaθi,UNKNOWN
ga,ga<prt><add1>,*ga,UNKNOWN
ɣulāyaθat…,ɣulā<n>><int>><coord2>,*ɣulāyaθat…,UNKNOWN
ribūδǰ,ribūδ<v>><pf>,*ribūδǰ,UNKNOWN
ga,ga<prt><add1>,*ga,UNKNOWN
velasipedti,velasiped<n>><sup>,*velasipedti,UNKNOWN
aro,aro<prt><adr>,*aro,UNKNOWN
velasiped,velasiped<n>,*velasiped,UNKNOWN
disga…,dis<pro>><add1>,*disga…,UNKNOWN
carāng,carāng<pro>,*carāng,UNKNOWN
ɣulāyaθ,ɣulā<n>><int>,*ɣulāyaθ,UNKNOWN
ata,ata<cnj><coord2>,*ata,UNKNOWN
savetski,savetski<n><soviet>,*savetski,UNKNOWN
bād,bād<n>,*bād,UNKNOWN
dālšiyata,dālši<rus>><advs>,*dālšiyata,UNKNOWN
ɣulāyaθ,ɣulā<n>><int>,*ɣulāyaθ,UNKNOWN
velusipedti,velusiped<n>><sup>,*velusipedti,UNKNOWN
aro,aro<prt><adr>,*aro,UNKNOWN
půndaθata,půnd<n>><adv>><coord2>,*půndaθata,UNKNOWN
ɣacak,ɣac<n>><dim>,*ɣacak,UNKNOWN
aro,aro<prt><adr>,*aro,UNKNOWN
velusiped,velusiped<n>,*velusiped,UNKNOWN
aro,aro<prt><adr>,*aro,UNKNOWN
yakdigaraǰ,yakdigar<pro><recp>><dir>,*yakdigaraǰ,UNKNOWN
ɣal,ɣal<prt>,*ɣal,UNKNOWN
tiyenata,ti<v>><prs><3pl>><coord2>,*tiyenata,UNKNOWN
ɣacak,ɣac<n>><dim>,*ɣacak,UNKNOWN
aro,aro<prt><adr>,*aro,UNKNOWN
koroči,koroči<rus><hez>,*koroči,UNKNOWN
fāmtato?,fām<v>><pst>><2sg>><q>,*fāmtato?,UNKNOWN
wāδen.,wāδ<dem><d3><pl>><3pl>,*wāδen.,UNKNOWN
wiyaθ,wi<dem><d3><m><sg><obl>><int>,*wiyaθ,UNKNOWN
naɣ̌ǰidata,naɣ̌ǰi<v>><pst>><advs>,*naɣ̌ǰidata,UNKNOWN
bād,bād<n>,*bād,UNKNOWN
bād,bād<n>,*bād,UNKNOWN
arayga,aray<num>><add1>,*arayga,UNKNOWN
wirīvӡin…,wirīv<v>><pf><f>><ptcp1>,*wirīvӡin…,UNKNOWN
aro,aro<prt><adr>,*aro,UNKNOWN
čīsen;,čīs<v>><prs><3pl>,*čīsen;,UNKNOWN
baɣer,baɣer<n>,<*with><adj>>ғер<n>,UNKNOWN
baɣer…,baɣer<n>,*baɣer…,UNKNOWN
ga,ga<prt><add1>,*ga,UNKNOWN
plus,plus<prt>,*plus,UNKNOWN
diyata…,di<dem><d2><m><sg><o / when>><coord2>,*diyata…,UNKNOWN
abor,abor<prt>,*abor,UNKNOWN
aro,aro<prt><adr>,*aro,UNKNOWN
ga,ga<prt><add1>,*ga,UNKNOWN
δodata,δo<v>><pst>><advs>,*δodata,UNKNOWN
no,no<rus><advs>,*no,UNKNOWN
čū,čū<v>,*čū,UNKNOWN
daži,daži<rus>,*daži,UNKNOWN
xu…,xu<pro><refl>,*xu…,UNKNOWN
šelyapi,šelyapi<n>,*šelyapi,UNKNOWN
obratni,obratni<rus>,*obratni,UNKNOWN
aro,aro<prt><adr>,*aro,UNKNOWN
bād,bād<n>,*bād,UNKNOWN
půndtiyata,půnd<n>><sup>><advs>,*půndtiyata,UNKNOWN
o…,o<prt><hez>,*o…,UNKNOWN
tar…,tar<prep><eq>,*tar…,UNKNOWN
obratno,obratno<rus>,*obratno,UNKNOWN
čīzaǰ…,čīz<pro>><dir>,*čīzaǰ…,UNKNOWN
půndvayen,půnd<n>><prol>><3pl>,*půndvayen,UNKNOWN
obratniyata,obratni<n>><advs>,*obratniyata,UNKNOWN
čīzen…,čīz<pro>><3pl>,*čīzen…,UNKNOWN
kām,kām<n>,*kām,UNKNOWN
yuyi…,yu<dem><d3><m><sg>><3sg>,*yuyi…,UNKNOWN
čūyata,čū<v>><advs>,*čūyata,UNKNOWN
ɣal,ɣal<prt>,*ɣal,UNKNOWN
nīθt,nīθ<v>><prs><3sg>,*nīθt,UNKNOWN
bačgala,bač<n>><pl>,*bačgala,UNKNOWN
xenat,x<v>><prs><3pl>><coord2>,*xenat,UNKNOWN
ī…,ī<rus>,*ī…,UNKNOWN
bād,bād<n>,*bād,UNKNOWN
sut;,su<v><m>><pst>,*sut;,UNKNOWN
prosto,prosto<rus>,*prosto,UNKNOWN
δām,δā<v>><prs><1sg>,*δām,UNKNOWN
što,što<rus><subd>,*što,UNKNOWN
aro,aro<prt><adr>,*aro,UNKNOWN
yu…,yu<dem><d3><m><sg>,*yu…,UNKNOWN
bačgala,bač<n>><pl>,*bačgala,UNKNOWN
što,što<rus><subd>,*što,UNKNOWN
dāδen…,dāδ<dem><d2><pl>><3pl>,*dāδen…,UNKNOWN
aro,aro<prt><adr>,*aro,UNKNOWN
yu…,yu<dem><d3><m><sg>,*yu…,UNKNOWN
bād,bād<n>,*bād,UNKNOWN
dālši,dālši<rus>,*dālši,UNKNOWN
carāng,carāng<pro>,*carāng,UNKNOWN
turd?,tu<pers><prn><2sg>><dat>,*turd?,UNKNOWN
zūro?,zūr<n>><q>,*zūro?,UNKNOWN
bād,bād<n>,*bād,UNKNOWN
ga,ga<prt><add1>,*ga,UNKNOWN
naɣ̌ǰid,naɣ̌ǰi<v>><pst>,*naɣ̌ǰid,UNKNOWN
pex̌cto,pex̌c<v>><pst>><q>,*pex̌cto,UNKNOWN
aro,aro<prt><adr>,*aro,UNKNOWN
spakoynikaθ,spakoyn<n>><dim>><adv>,*spakoynikaθ,UNKNOWN
točnei,točnei<rus>,*točnei,UNKNOWN
nist…,nist<v><neg>,*nist…,UNKNOWN
aro…,aro<prt><adr>,*aro…,UNKNOWN
miδustti,mi<prep><cont2>><hand>><sup>,<*cont2>>δуст<n>><2sg>><3sg>/<*cont2>>δуст<n>><sup>,UNKNOWN
dāži,dāži<rus>,*dāži,UNKNOWN
ga,ga<prt><add1>,*ga,UNKNOWN
id,id<dem><d2><sg>,*id,UNKNOWN
bād,bād<n>,*bād,UNKNOWN
ga,ga<prt><add1>,*ga,UNKNOWN
velik,velik<n>,*velik,UNKNOWN
sadoyat…,sado<n>><coord2>,*sadoyat…,UNKNOWN
kayůnenat…,kayůn<n>><pl>><coord2>,*kayůnenat…,UNKNOWN
točnei,točnei<rus>,*točnei,UNKNOWN
bād,bād<n>,*bād,UNKNOWN
ida,ida<dem><d2><loc>,*ida,UNKNOWN
sayuzīnā,sayuzīnā<n><soviet>,*sayuzīnā,UNKNOWN
vīdeoyak,vīdeo<n>><dim>,*vīdeoyak,UNKNOWN
ɣiδāyakand,ɣiδā<n>><dim>><loc>,*ɣiδāyakand,UNKNOWN
ɣal,ɣal<prt>,*ɣal,UNKNOWN
fāmiyo,fām<v>><prs><2sg>><q>,*fāmiyo,UNKNOWN
sayuz,sayuz<n><soviet>,*sayuz,UNKNOWN
lāgerenando,lāger<n>><? pl>><loc>><q>,*lāgerenando,UNKNOWN
māko,māk<n>><q>,*māko,UNKNOWN
miti…,mi<dem><d1><m><sg><obl>><sup>,*miti…,UNKNOWN
ca…,ca<cnj><subd>,*ca…,UNKNOWN
vud…,vu<v>><pst>,*vud…,UNKNOWN
gālstukako,gālstuk<n>><dim>><q>,*gālstukako,UNKNOWN
ikaz,ik<prt><emph>><el>,*ikaz,UNKNOWN
yakaθ…,yak<num>><int>,*yakaθ…,UNKNOWN
ɣal,ɣal<prt>,*ɣal,UNKNOWN
karoči…,karoči<rus><hez>,*karoči…,UNKNOWN
sayuzand,sayuz<n><soviet>><loc>,*sayuzand,UNKNOWN
bād,bād<n>,*bād,UNKNOWN
ida,ida<dem><d2><loc>,*ida,UNKNOWN
disga…,dis<pro>><add1>,*disga…,UNKNOWN
yattow?,yat<v>><inf>><purp>,*yattow?,UNKNOWN
bačgalayand,bač<n>><pl>><loc>,*bačgalayand,UNKNOWN
aro,aro<prt><adr>,*aro,UNKNOWN
raftor,raftor<n>,*raftor,UNKNOWN
xušruyaθ,xušruy<n>><adv>,*xušruyaθ,UNKNOWN
ɣiδābucak,ɣiδā<n>><child>><dim>,*ɣiδābucak,UNKNOWN
setên,setên<n>,*setên,UNKNOWN
obratni,obratni<n>,*obratni,UNKNOWN
velikti,velik<n>><sup>,*velikti,UNKNOWN
xu…,xu<cnj><coord1>,*xu…,UNKNOWN
prosta,prosta<rus>,*prosta,UNKNOWN
daxli…,daxli<n>,*daxli…,UNKNOWN
yast,yast<v>,*yast,UNKNOWN
bād,bād<n>,*bād,UNKNOWN
aro…,aro<prt><adr>,*aro…,UNKNOWN
bād,bād<n>,*bād,UNKNOWN
wev…,wev<dem><d3><pl><obl>,*wev…,UNKNOWN
nu,nu<rus><hez>,*nu,UNKNOWN
faktīčeski,faktīčeski<rus>,*faktīčeski,UNKNOWN
bād,bād<n>,*bād,UNKNOWN
ga,ga<prt><add1>,*ga,UNKNOWN
čīz…,čīz<pro>,*čīz…,UNKNOWN
daraxtata,daraxt<n>><coord2>,*daraxtata,UNKNOWN
δīdo,δī<v>><prs><3sg>><q>,*δīdo,UNKNOWN
ɣamaθ,ɣam<n>><int>,*ɣamaθ,UNKNOWN
nist…,nist<v><neg>,*nist…,UNKNOWN
spakoyniyaθ,spakoyni<rus>><int>,*spakoyniyaθ,UNKNOWN
ga,ga<prt><add1>,*ga,UNKNOWN
xušruyikaθ,xušruy<n>><dim>><adv>,*xušruyikaθ,UNKNOWN
ɣacen,ɣac<n>><? pl>,*ɣacen,UNKNOWN
nu,nu<rus><hez>,*nu,UNKNOWN
vobšem…,vobšem<rus>,*vobšem…,UNKNOWN
yu…,yu<dem><d3><m><sg>,*yu…,UNKNOWN
tūydata,tūy<v><m>><pst>><advs>,*tūydata,UNKNOWN
δod…,δo<v>><pst>,*δod…,UNKNOWN
no,no<rus><advs>,*no,UNKNOWN
ik,ik<prt><emph>,*ik,UNKNOWN
šoxdarā,šoxdarā<nprop><shohdara>,*šoxdarā,UNKNOWN
ikam,ik<prt><emph>><d1><sg>,*ikam,UNKNOWN
padůd,<up>>ůd<dem><d1>,*padůd,UNKNOWN
ikam,ik<prt><emph>><d1><sg>,*ikam,UNKNOWN
šoxdarā,šoxdarā<nprop><shohdara>,*šoxdarā,UNKNOWN
aqiqatan,aqiqatan<n>,*aqiqatan,UNKNOWN
šoxdarā,šoxdarā<nprop><shohdara>,*šoxdarā,UNKNOWN
šohdarā-yām,šohdarā<nprop><shohdara>><1pl>,*šohdarā-yām,UNKNOWN
ik,ik<prt><emph>,*ik,UNKNOWN
to…,to<prep><lim1>,*to…,UNKNOWN
ikamand,ik<prt><emph>><d1><sg>><loc>,*ikamand,UNKNOWN
sic…,si<v>><pf><f/pl>,*sic…,UNKNOWN
sī,sī<num>,*sī,UNKNOWN
tavdem,tavdem<nprop><tavdem>,*tavdem,UNKNOWN
ikazam,ik<prt><emph>><el>><d1><sg>,*ikazam,UNKNOWN
ida,ida<dem><d2><loc>,*ida,UNKNOWN
arodi man,arodi_man<prt><adr>,*arodi man,UNKNOWN
bādi,bād<n>><3sg>,*bādi,UNKNOWN
padůd,<up>>ůd<dem><d1>,*padůd,UNKNOWN
ida,ida<dem><d2><loc>,*ida,UNKNOWN
aro,aro<prt><adr>,*aro,UNKNOWN
aro,aro<prt><adr>,*aro,UNKNOWN
mis…,mis<prt><add2>,*mis…,UNKNOWN
yigůn…,yigůn<pro><indef><adv>,*yigůn…,UNKNOWN
navad,navad<num>,<*neg>>вад<v><pst><f>,UNKNOWN
navad,navad<num>,<*neg>>вад<v><pst><f>,UNKNOWN
solā,sol<n>><hb>,*solā,UNKNOWN
navad,navad<num>,<*neg>>вад<v><pst><f>,UNKNOWN
solā,sol<n>><hb>,*solā,UNKNOWN
nay-atā…,nay<prt>><advs>,*nay-atā…,UNKNOWN
aro…,aro<prt><adr>,*aro…,UNKNOWN
čīz…,čīz<pro>,*čīz…,UNKNOWN
sadama-yi…,sadama<n>><ez>,*sadama-yi…,UNKNOWN
sadamai,sadama<n>><ez>,*sadamai,UNKNOWN
aftamabīli,aftamabīli<n>,*aftamabīli,UNKNOWN
mošīn-qati-yen,mošīn<n>><com>><3pl>,*mošīn-qati-yen,UNKNOWN
aro,aro<prt><adr>,*aro,UNKNOWN
sat…,sa<v><f/pl>><pst>,*sat…,UNKNOWN
mumkin,mumkin<prt>,*mumkin,UNKNOWN
mumkin,mumkin<prt>,*mumkin,UNKNOWN
sad…,sad<num>,*sad…,UNKNOWN
sadi,sadi<n>,*sadi,UNKNOWN
amčun,amčun<cnj>,*amčun,UNKNOWN
ida,ida<dem><d2><loc>,*ida,UNKNOWN
ik,ik<prt><emph>,*ik,UNKNOWN
bād,bād<n>,*bād,UNKNOWN
ida,ida<dem><d2><loc>,*ida,UNKNOWN
māš…,māš<pers><prn><1pl>,*māš…,UNKNOWN
šūrawi,šūrawi<n><soviet>,*šūrawi,UNKNOWN
mis…,mis<prt><add2>,*mis…,UNKNOWN
ču,ču<v><pst>,*ču,UNKNOWN
qaššoq,qaššoq<n>,*qaššoq,UNKNOWN
pomīr,pomīr<nprop><pamir>,*pomīr,UNKNOWN
odam…,odam<n>,*odam…,UNKNOWN
nakix̌t…,<neg>>kix̌<v>><prs><3sg>,*nakix̌t…,UNKNOWN
nakix̌t,<neg>>kix̌<v>><prs><3sg>,<*neg>>ких̌т<v><inf>/<*neg>>ких̌т<v><pst>,UNKNOWN
aro,aro<prt><adr>,*aro,UNKNOWN
tūfli,tūfli<n>,*tūfli,UNKNOWN
navud,<neg>>vu<v><m>><pst>,<*neg>>вуд<v><pst>,UNKNOWN
kalūš,kalůš<n>,*kalūš,UNKNOWN
navud,<neg>>vu<v><m>><pst>,<*neg>>вуд<v><pst>,UNKNOWN
ida…,ida<dem><d2><loc>,*ida…,UNKNOWN
vaz-o…,vaz<n>><q>,*vaz-o…,UNKNOWN
kux̌t-o…,kux̌<v>><pst>><q>,*kux̌t-o…,UNKNOWN
šīg-o…,šīg<n>><q>,*šīg-o…,UNKNOWN
bād-en,bād<n>><3pl>,*bād-en,UNKNOWN
půst…,půst<n>,*půst…,UNKNOWN
katax̌āb,<much>>x̌āb<n>,*katax̌āb,UNKNOWN
ik-wā,ik<prt><emph>><d3><pl>,*ik-wā,UNKNOWN
māš…,māš<pers><prn><1pl>,*māš…,UNKNOWN
ɣullādi,ɣullā<n>><comp>,*ɣullādi,UNKNOWN
viroden-at…,virod<n>><pl>><coord2>,*viroden-at…,UNKNOWN
qatī-yen,qatī<post><com>><3pl>,*qatī-yen,UNKNOWN
bād-en…,bād<n>><3pl>,*bād-en…,UNKNOWN
miloim,miloyim<n>,*miloim,UNKNOWN
bād-en,bād<n>><3pl>,*bād-en,UNKNOWN
ik-mi…,ik<prt><emph>><d1><m><sg><obl>,*ik-mi…,UNKNOWN
misol,misol<prt>,<*cont2>>сол<n>/misol<n>,UNKNOWN
bād-en,bād<n>><3pl>,*bād-en,UNKNOWN
bād-en,bād<n>><3pl>,*bād-en,UNKNOWN
ik-di,ik<prt><emph>><d2><m><sg><obl>,*ik-di,UNKNOWN
půst…,půst<n>,*půst…,UNKNOWN
uzum…,uz<pers><prn><1sg>><=1sg>,*uzum…,UNKNOWN
misoland,misol<n>><=loc>,<*cont2>>сол<n>><loc>/misol<n>><loc>,UNKNOWN
ca…,ca<cnj><subd>,*ca…,UNKNOWN
awɣůnistonand,awɣůniston<nprop><afghanistan>><=loc>,*awɣůnistonand,UNKNOWN
dusikaθ,dus<adv>><-dim>><-adv>,*dusikaθ,UNKNOWN
mumkin,mumkin<n>,*mumkin,UNKNOWN
forsiti,forsi<n><persian>><=sup>,*forsiti,UNKNOWN
bādi,bādi<n>,*bādi,UNKNOWN
yakumaθām…,yak<num>><-ord>><-adv>><=1pl>,*yakumaθām…,UNKNOWN
rostiyaθ,rost<n>><-adj>><-adv>,*rostiyaθ,UNKNOWN
misoland…,misol<n>><=loc>,*misoland…,UNKNOWN
nax̌toyd…,nax̌toy<v><f/pl>><-pst>,*nax̌toyd…,UNKNOWN
ičidům,i<pro><indef->><which>,*ičidům,UNKNOWN
ičīz,i<pro><indef->><thing>,*ičīz,UNKNOWN
diǰāt,di<dem><d2><m><sg><obl>><=ben>,*diǰāt,UNKNOWN
yakumin,yakumin<num><ord>,*yakumin,UNKNOWN
iků,ik<prt><emph=>><d1>,*iků,UNKNOWN
māš…,māš<pers><prn><1pl>,*māš…,UNKNOWN
ikwi,ik<prt><emph=>><d3><m><sg><obl>,*ikwi,UNKNOWN
tarztiyām,tarz<n>><=sup>><=1pl>,*tarztiyām,UNKNOWN
tarzi…,tarz<n>><=3sg>,*tarzi…,UNKNOWN
bād,bād<n>,*bād,UNKNOWN
rostiyaθ,rost<n>><-adj>><-adv>,*rostiyaθ,UNKNOWN
yo…,yo<cnj><or>,*yo…,UNKNOWN
čīyaθen,čī<pro>><-adv>><=3pl>,*čīyaθen,UNKNOWN
aro,aro<prt><adr>,*aro,UNKNOWN
bād,bād<n>,*bād,UNKNOWN
ostāostā,ostā<n>,*ostāostā,UNKNOWN
dusik,dus<n>><-dim>,*dusik,UNKNOWN
ca…,ca<cnj><subd>,*ca…,UNKNOWN
wāδ…,wāδ<dem><d3><pl>,*wāδ…,UNKNOWN
bād,bād<n>,*bād,UNKNOWN
ostāostā…,ostā<n>,*ostāostā…,UNKNOWN
x̌o,x̌o<prt>,*x̌o,UNKNOWN
bād,bād<n>,*bād,UNKNOWN
zêzd,zêz<v>><-prs><3sg>,*zêzd,UNKNOWN
diga…,di<pro>><=add1>,*diga…,UNKNOWN
yo…,yo<cnj><or>,*yo…,UNKNOWN
muškili,muškili<n>,*muškili,UNKNOWN
