wi,wi<dem><d3><m><sg><obl>,wi<dem><d3><m><sg><obl>,CORRECT
waxt-and,waxt<n>><loc>,waxt<n>><loc>,CORRECT
farmůn,farmůn<n>,farmůn<n>,CORRECT
nax̌toyd,nax̌toy<v><f/pl>><pst>,nax̌toyd<v><pst><f>,FAIL
xu,xu<cnj><coord1>,xu<conj><coord1>/xu<pro><refl>,CORRECT
yamand,yam<dem><d1><sg>><loc>,yam<dem><d1><sg>><loc>/yam<n>><loc>/yam<pro>><loc>,CORRECT
rūm,rūm<nprop><rome>,rūm<adj>,CORRECT
qaysar,qaysar<n>,qaysar<adj>,CORRECT
rimod-i,rimo<v>><pst>><3sg>,rimod<v><pst>><3sg>,FAIL
tamůmi,tamům<n>><adj>,tamům<n>><3sg>/tamům<pro>><3sg>,CORRECT
zamīn-ti,zamīn<n>><sup>,zamīn<n>><2sg>><3sg>/zamīn<n>><sup>,CORRECT
mardum,mardum<n>,mard<adj>><1sg>/mard<n>><1sg>/mardum<n>,CORRECT
kinen,kin<v>><prs><3pl>,kin<v><imp>><3pl>/kin<v><prs>><3pl>,CORRECT
yid,yid<dem><d2><sg>,yid<dem><d2><sg><nom>/yid<pro>,CORRECT
vad,va<v><f/pl>><pst>,vad<v><pst><f>,FAIL
tām,tām<n>,tām<n>,CORRECT
okim,okim<n>,okim<adj>/okim<n>,CORRECT
ca,ca<cnj><subd>,ca<conj><subd>/ca<n>/ca<pro>,CORRECT
vud,vu<v><m>><pst>,vud<v><pst>,FAIL
atā,atā<cnj><advs>,atā<conj><advs>,CORRECT
fukaθ-en,fukaθ<pro>><3pl>,fuk<pro>><int>><3pl>/fukaθ<pro>><3pl>/fukaϑ<pro>><3pl>,CORRECT
toyd,toy<v><f/pl>><pst>,toyd<v><pst><f>,FAIL
tar,tar<prep><eq>,tar<prep>,CORRECT
ar,ar<pro>,ar<n>/ar<prep>/ar<pro>,CORRECT
čāy,čāy<pro>,čāy<n>/čāy<pro>,CORRECT
tar,tar<prep><eq>,tar<prep>,CORRECT
xu,xu<pro><refl>,xu<conj><coord1>/xu<pro><refl>,CORRECT
x̌ār,x̌ār<n>,x̌ār<adj>/x̌ār<n>,CORRECT
mis,mis<prt>,mis<n>,CORRECT
tūyd,tūy<v><m>><pst>,tūyd<v><pst>/tūyd<v><pst><m>,FAIL
as,as<prep><el>,as<prep>,CORRECT
as,as<prep><el>,as<prep>,CORRECT
ar,ar<prep><down>,ar<n>/ar<prep>/ar<pro>,CORRECT
ar,ar<prep><down>,ar<n>/ar<prep>/ar<pro>,CORRECT
nům,nům<n>,nům<n>,CORRECT
x̌ār,x̌ār<n>,x̌ār<adj>/x̌ār<n>,CORRECT
důnd,důnd<pro>,důnd<pro>,CORRECT
yu,yu<dem><d3><m><sg>,yu<dem><d3><m><sg><nom>,CORRECT
as,as<prep><el>,as<prep>,CORRECT
awlod,awlod<n>,awlod<n>,CORRECT
vud,vu<v><m>><pst>,vud<v><pst>,FAIL
yu,yu<dem><d3><m><sg>,yu<dem><d3><m><sg><nom>,CORRECT
xu,xu<pro><refl>,xu<conj><coord1>/xu<pro><refl>,CORRECT
xisminenӡ,xisminenӡ<n>,xisminenʒ<n>/xisminenӡ<n>,CORRECT
qati,qati<post><com>,qat<v><pst><f>><3sg>,FAIL
tar,tar<prep><eq>,tar<prep>,CORRECT
sut,su<v><m>><pst>,sut<v><pst>,FAIL
yā,yā<dem><d3><f><sg>,yā<dem><d3><f><sg><nom>/yā<n>,CORRECT
duǰůn,duǰůn<n>,duǰůn<adj>/duǰůn<adj>,CORRECT
vad,va<v><f/pl>><pst>,vad<v><pst><f>,FAIL
atā,atā<cnj><advs>,atā<conj><advs>,CORRECT
wāδ-en,wāδ<dem><d2><pl>><3pl>,wāð<dem><d3><pl><nom>><3pl>/wāδ<dem><d3><pl><nom>><3pl>,CORRECT
ca,ca<cnj><subd>,ca<conj><subd>/ca<n>/ca<pro>,CORRECT
vad,va<v><f/pl>><pst>,vad<v><pst><f>,FAIL
wam,wam<dem><d3><f><sg><obl>,wam<dem><d3><f><sg><obl>,CORRECT
mêst,mêst<n>,mêst<n>,CORRECT
ded,de<v>><pst>,ded<v><inf>/ded<v><pst>,FAIL
wam-and,wam<dem><d3><f><sg><obl>><loc>,wam<dem><d3><f><sg>><loc>,CORRECT
puc,puc<n>,puc<n>,CORRECT
sut,su<v><m>><pst>,sut<v><pst>,FAIL
wix̌tak-i,wix̌tak<n>><3sg>,wix̌t<v><prs>><dim>><3sg>/wix̌tak<n>><3sg>,CORRECT
wi,wi<pro><d3><m><sg><obl>,wi<dem><d3><m><sg><obl>,CORRECT
čūd,čū<v>><pst>,čūd<v><pst>,FAIL
xu,xu<cnj><coord1>,xu<conj><coord1>/xu<pro><refl>,CORRECT
ar,ar<prep><down>,ar<n>/ar<prep>/ar<pro>,CORRECT
winīr,winīr<n>,winīr<n>,CORRECT
tar,tar<prep><eq>,tar<prep>,CORRECT
ɣiǰīd,ɣiǰīd<n>,ɣiǰīd<n>/ɣiǰīd<n>,CORRECT
důnd,důnd<pro>,důnd<pro>,CORRECT
wev-ard,wev<pro><d3><pl><obl>><dat>,wev<dem><d3><pl>><dat>,CORRECT
ar,ar<prep><down>,ar<n>/ar<prep>/ar<pro>,CORRECT
qūšxůnā,qūšxůnā<n>,qūšxůnā<n>,CORRECT
ǰoy,ǰoy<n>,ǰoy<n>/ǰoy<n>,CORRECT
vud,vu<v><m>><pst>,vud<v><pst>,FAIL
atā,atā<cnj><advs>,atā<conj><advs>,CORRECT
wi,wi<dem><d3><m><sg><obl>,wi<dem><d3><m><sg><obl>,CORRECT
qarībi-ra-yen,qarībi<n>><dat>><3pl>,qarībi<n>><dat>><3pl>,CORRECT
čūpůnen,čūpůn<n>><pl>,čūpůn<n>><3pl>/čūpůn<n>><pl>,CORRECT
vad,va<v><f/pl>><pst>,vad<v><pst><f>,FAIL
wāδ-en,wāδ<dem><d3><pl>><3pl>,wāð<dem><d3><pl><nom>><3pl>/wāδ<dem><d3><pl><nom>><3pl>,CORRECT
biyābůn-ard,biyābůn<n>><dat>,biyābůn<n>><dat>,CORRECT
zindagi,zindagi<n>,zindagi<n>,CORRECT
čūd,čū<v>><pst>,čūd<v><pst>,FAIL
atā,atā<cnj><advs>,atā<conj><advs>,CORRECT
x̌ābaǰev-en,x̌āba<n>><time>><3pl>,x̌āb<n>><pl>><3pl>,FAIL
čarogo-ra,čarogo<n>><dat>,čarogo<n>><dat>,CORRECT
mol,mol<n>,mol<n>/mol<v><prs>,CORRECT
x̌ibůni,x̌ibůni<n>,x̌ibůni<n>,CORRECT
čūd,čū<v>><pst>,čūd<v><pst>,FAIL
wev,wev<dem><d3><pl><obl>,wev<dem><d3><pl><obl>,CORRECT
cem,cem<n>,cem<n>,CORRECT
xudowand,xudowand<n><god>,xudowand<n>,CORRECT
peδo,peδo<n>,peðo<adj>/peδo<adj>,CORRECT
δod,δo<v>><pst>,ðod<v><pst>/δod<v><pst>,FAIL
atā,atā<cnj><advs>,atā<conj><advs>,CORRECT
xudowand,xudowand<n><god>,xudowand<n>,CORRECT
wev,wev<pro><d3><pl><obl>,wev<dem><d3><pl><obl>,CORRECT
rux,rux<n>,rux<adj>/rux<n>,CORRECT
wāδ-en,wāδ<pro><d3><pl>><3pl>,wāð<dem><d3><pl><nom>><3pl>/wāδ<dem><d3><pl><nom>><3pl>,CORRECT
osepi,osepi<n>,osep<n>><3sg>/osepi<n>,CORRECT
sat,sa<v><f/pl>><pst>,sa<v><imp>><2sg>/sat<v><pst><f>,CORRECT
atā,atā<cnj><advs>,atā<conj><advs>,CORRECT
wev-ard-i,wev<dem><d3><pl><obl>><dat>><3sg>,wev<dem><d3><pl>><dat>><3sg>,CORRECT
lůd,lů<v>><pst>,lůd<v><imp>,FAIL
x̌oǰ,x̌oǰ<n>,x̌oǰ<n>/x̌oǰ<n>,CORRECT
δêret,δêr<v>><prs><2pl>,ðêr<v><prs>><2pl>/δêr<v><prs>><2pl>,CORRECT
wuz,wuz<pers><prn><1sg>,wuz<n>/wuz<pers><1sg><nom>/wuz<v><prs>,CORRECT
tama-rd,tama<pers><prn><2pl>><dat>,tama<pers><2pl>><dat>,CORRECT
buzurg,buzurg<n>,buzurg<adj>,CORRECT
xabar,xabar<n>,xabar<adj>/xabar<n>,CORRECT
vārum,vār<v>><prs><1sg>,vār<n>><1sg>/vār<v><imp>><1sg>/vār<v><prs>><1sg>,CORRECT
buzurg,buzurg<n>,buzurg<adj>,CORRECT
xursandi,xursandi<n>,xursand<adj>><3sg>/xursand<n>><3sg>/xursandi<n>,CORRECT
fuk,fuk<pro>,fuk<pro>,CORRECT
xalq-ard,xalq<n>><dat>,xalq<n>><dat>,CORRECT
x̌ār-and,x̌ār<n>><loc>,x̌ār<n>><loc>,CORRECT
tama,tama<pers><prn><2pl>,tama<pers><2pl><nom>/tama<pers><2pl><obl>,CORRECT
xudowand,xudowand<n><god>,xudowand<n>,CORRECT
as,as<prep><el>,as<prep>,CORRECT
nān,nān<n>,nān<n>,CORRECT
sut,su<v><m>><pst>,sut<v><pst>,FAIL
atā,atā<cnj><advs>,atā<conj><advs>,CORRECT
yima,yima<dem><d1><loc>,yima<n>,CORRECT
tama-rd,tama<pers><prn><2pl>><dat>,tama<pers><2pl>><dat>,CORRECT
nix̌ůnā,nix̌ůnā<n>,nix̌ůnā<n>,CORRECT
tama-ta,tama<pers><prn><2pl>><irr>,tama<pers><2pl><nom>><fut>/tama<pers><2pl><obl>><fut>,CORRECT
wix̌tak,wix̌tak<n>,wix̌t<v><prs>><dim>/wix̌tak<n>,CORRECT
čūɣ̌ǰin,čūɣ̌<v>><pf>><ptcp1>,čūɣ̌<adj>>ҷин<n>/čūɣ̌ǰ<v><prf>><ptcp>/čūɣ̌ǰ<v><prf>><ptcp>,CORRECT
kūdak,kūdak<n>,kūdak<adj>/kūdak<n>,CORRECT
ar,ar<prep><down>,ar<n>/ar<prep>/ar<pro>,CORRECT
winīr,winīr<n>,winīr<n>,CORRECT
viriyet,viri<v>><prs><2pl>,viri<v><prs>><2pl>,CORRECT
osmůn,osmůn<n>,osmůn<n>,CORRECT
lix̌kar,lix̌kar<n>,lix̌kar<n>,CORRECT
peδo,peδo<n>,peðo<adj>/peδo<adj>,CORRECT
δod,δo<v>><pst>,ðod<v><pst>/δod<v><pst>,FAIL
xu,xu<cnj><coord1>,xu<conj><coord1>/xu<pro><refl>,CORRECT
xuδoy,xuδoy<n><god>,xuðoy<n>/xuδoy<n>,CORRECT
sitowax̌,sitowax̌<n>,sitowax̌<n>,CORRECT
daraw,daraw<prt><inc>,daraw<n>,CORRECT
sut,su<v><m>><pst>,sut<v><pst>,FAIL
xuδoy-ard,xuδoy<n><god>><dat>,xuðoy<n>><dat>/xuδoy<n>><dat>,CORRECT
pi,pi<prep><up>,pi<prep>/pi<v><prs>,CORRECT
sar,sar<n>,sar<n>,CORRECT
tīr,tīr<post><sup>,tīr<adj>/tīr<n>,CORRECT
osmůn,osmůn<n>,osmůn<n>,CORRECT
osoyax̌,osoyax̌<n>,osoyax̌<n>,CORRECT
zamīn,zamīn<n>,zamīn<n>,CORRECT
ti,ti<post><sup>,ti<v><imp>/ti<v><prs>,CORRECT
mardum-ard,mardum<n>><dat>,mardum<n>><dat>,CORRECT
wev-i,wev<dem><d3><pl><obl>><3sg>,wev<dem><d3><pl><obl>><3sg>,CORRECT
yu,yu<dem><d3><m><sg>,yu<dem><d3><m><sg><nom>,CORRECT
žīwǰ,žīwǰ<v>,žīwǰ<v><prf>/žīwǰ<v><prf>,CORRECT
ca,ca<cnj><subd>,ca<conj><subd>/ca<n>/ca<pro>,CORRECT
čūɣ̌ǰ,čūɣ̌<v>><pf>,čūɣ̌ǰ<v><prf>/čūɣ̌ǰ<v><prf>,FAIL
to,to<prep><lim1>,to<conj><when>/to<n>/to<prep>,CORRECT
pi,pi<prep><up>,pi<prep>/pi<v><prs>,CORRECT
osmůn,osmůn<n>,osmůn<n>,CORRECT
atā,atā<cnj><advs>,atā<conj><advs>,CORRECT
čūpůnen-en,čūpůn<n>><pl>><3pl>,čūpůn<n>><3pl>><3pl>/čūpůn<n>><pl>><3pl>,CORRECT
tar,tar<prep><eq>,tar<prep>,CORRECT
yak,yak<num>,yak<num>,CORRECT
digar,digar<pro>,digar<adj>/digar<n>,CORRECT
gāx̌t,gāx̌<v>><pst>,gāx̌t<v><inf>/gāx̌t<v><pst>,FAIL
tiyet,ti<v>><prs><2pl>,ti<v><imp>><2pl>/ti<v><prs>><2pl>/tiy<v><imp>><2pl>,CORRECT
sāwām,sāw<v>><prs><1pl>,sāw<n>><1pl>/sāw<v><imp>><1pl>/sāw<v><prs>><1pl>,CORRECT
tar,tar<prep><eq>,tar<prep>,CORRECT
čisām,čis<v>><prs><1pl>,čis<v><prs>><1pl>,CORRECT
čīz,čīz<pro>,čīz<pro>/čīz<n>/čīz<pro>,CORRECT
gāp,gāp<n>,gāp<n>,CORRECT
sut,su<v><m>><pst>,sut<v><pst>,FAIL
ar,ar<prt>,ar<n>/ar<prep>/ar<pro>,CORRECT
čīz-i,čīz<n>><3sg>,čīz<pro>><3sg>/čīz<n>><3sg>/čīz<pro>><3sg>,CORRECT
as,as<prep><el>,as<prep>,CORRECT
xudowand,xudowand<n><god>,xudowand<n>,CORRECT
māš-ard,māš<pers><prn><1pl>><dat>,māš<pers><1pl>><dat>,CORRECT
ca,ca<cnj><subd>,ca<conj><subd>/ca<n>/ca<pro>,CORRECT
firêpč,firêp<v>><pf>,firêpč<v><prf>,FAIL
wāδ-en,wāδ<dem><d3><pl>><3pl>,wāð<dem><d3><pl><nom>><3pl>/wāδ<dem><d3><pl><nom>><3pl>,CORRECT
ǰāld-aθ,ǰāld<n>><adv>,ǰāld<adj>><int>/ǰāld<adj>><int>,CORRECT
sat,sa<v><f/pl>><pst>,sa<v><imp>><2sg>/sat<v><pst><f>,CORRECT
atā,atā<cnj><advs>,atā<conj><advs>,CORRECT
at,at<prt><coord2>,at<conj><coord2>,CORRECT
virūd,virū<v>><pst>,virūd<v><pst>,FAIL
atā,atā<cnj><advs>,atā<conj><advs>,CORRECT
wev,wev<pro><d3><pl><obl>,wev<dem><d3><pl><obl>,CORRECT
kūdak,kūdak<n>,kūdak<adj>/kūdak<n>,CORRECT
ar,ar<prep><down>,ar<n>/ar<prep>/ar<pro>,CORRECT
winīr,winīr<n>,winīr<n>,CORRECT
x̌ovǰin,x̌ov<v>><pf><m>><ptcp1>,x̌ovǰ<v><prf><m>><ptcp>/x̌ovǰ<v><prf><m>><ptcp>/x̌ovǰ<v><prf>><ptcp>/x̌ovǰ<v><prf>><ptcp>/x̌ovǰin<adj>/x̌ovǰin<adj>,FAIL
wāδ-en,wāδ<dem><d3><pl>><3pl>,wāð<dem><d3><pl><nom>><3pl>/wāδ<dem><d3><pl><nom>><3pl>,CORRECT
wi,wi<dem><d3><m><sg><obl>,wi<dem><d3><m><sg><obl>,CORRECT
kūdak,kūdak<n>,kūdak<adj>/kūdak<n>,CORRECT
wīnt,wīn<v>><pst>,wīnt<v><inf>/wīnt<v><pst>,FAIL
xu,xu<cnj><coord1>,xu<conj><coord1>/xu<pro><refl>,CORRECT
ar,ar<pro>,ar<n>/ar<prep>/ar<pro>,CORRECT
čīz-i,čīz<n>><3sg>,čīz<pro>><3sg>/čīz<n>><3sg>/čīz<pro>><3sg>,CORRECT
wev-ard,wev<dem><d3><pl><obl>><dat>,wev<dem><d3><pl>><dat>,CORRECT
wi,wi<dem><d3><m><sg><obl>,wi<dem><d3><m><sg><obl>,CORRECT
ca,ca<cnj><subd>,ca<conj><subd>/ca<n>/ca<pro>,CORRECT
lůd,lů<v>><pst>,lůd<v><imp>,FAIL
takror-en,takror<n>><3pl>,takror<n>><3pl>/takror<n>><pl>,CORRECT
di,di<dem><d2><m><sg><obl>,di<conj><when>/di<dem><d2><m><sg><obl>/di<pro>/di<v><imp>/di<v><prs>,CORRECT
gāp-i,gāp<n>><3sg>,gāp<n>><3sg>,CORRECT
ca,ca<cnj><subd>,ca<conj><subd>/ca<n>/ca<pro>,CORRECT
x̌ud,x̌u<v>><pst>,x̌ud<v><pst>,FAIL
fukaθ-en,fukaθ<pro>><3pl>,fuk<pro>><int>><3pl>/fukaθ<pro>><3pl>/fukaϑ<pro>><3pl>,CORRECT
as,as<prep><el>,as<prep>,CORRECT
čūpůnen,čūpůn<n>><pl>,čūpůn<n>><3pl>/čūpůn<n>><pl>,CORRECT
naqli,naqli<n>,naql<n>><3sg>/naqli<n>,CORRECT
ayrůni,ayrůn<n>><subst>,ayrůni<n>,FAIL
zor,zor<n>,zor<adj>,CORRECT
sat,sa<v><f/pl>><pst>,sa<v><imp>><2sg>/sat<v><pst><f>,CORRECT
atā,atā<cnj><advs>,atā<conj><advs>,CORRECT
fukaθ-i,fukaθ<pro>><3sg>,fuk<pro>><int>><3sg>/fukaθ<pro>><3sg>/fukaϑ<pro>><3sg>,CORRECT
xu,xu<pro><refl>,xu<conj><coord1>/xu<pro><refl>,CORRECT
ba,ba<prep><all>,ba<prep>,CORRECT
dil,dil<n>,dil<n>,CORRECT
anǰūvd,anǰūv<v>><pst>,anǰūvd<v><pst>/anǰūvd<v><pst>,FAIL
at,at<cnj><coord2>,at<conj><coord2>,CORRECT
fikri-yi,fikri<n>><3sg>,fikr<n>><3sg>><3sg>/fikri<adj>><3sg>/fikri<n>><3sg>,CORRECT
čūd,čū<v>><pst>,čūd<v><pst>,FAIL
atā,atā<cnj><advs>,atā<conj><advs>,CORRECT
čūpůnen-en,čūpůn<n>><pl>><3pl>,čūpůn<n>><3pl>><3pl>/čūpůn<n>><pl>><3pl>,CORRECT
gax̌t,gax̌t<n>,gax̌t<n>,CORRECT
čūd,čū<v>><pst>,čūd<v><pst>,FAIL
atā,atā<cnj><advs>,atā<conj><advs>,CORRECT
xuδoy-en,xuδoy<n><god>><3pl>,xuðoy<n>><3pl>/xuδoy<n>><3pl>/xuðoy<n>><pl>/xuδoy<n>><pl>,CORRECT
at,at<cnj><coord2>,at<conj><coord2>,CORRECT
sitowax̌,sitowax̌<n>,sitowax̌<n>,CORRECT
čūd,čū<v>><pst>,čūd<v><pst>,FAIL
di,di<dem><d2><m><sg><obl>,di<conj><when>/di<dem><d2><m><sg><obl>/di<pro>/di<v><imp>/di<v><prs>,CORRECT
ǰinow,ǰinow<n>,ǰinow<adj>/ǰinow<adj>,CORRECT
koren,kor<n>><pl>,kor<n>><3pl>/kor<n>><pl>,CORRECT
wīnt,wīn<v>><pst>,wīnt<v><inf>/wīnt<v><pst>,FAIL
at,at<cnj><coord2>,at<conj><coord2>,CORRECT
di,di<dem><d2><m><sg><obl>,di<conj><when>/di<dem><d2><m><sg><obl>/di<pro>/di<v><imp>/di<v><prs>,CORRECT
ǰinow,ǰinow<n>,ǰinow<adj>/ǰinow<adj>,CORRECT
gāpen,gāp<n>><pl>,gāp<n>><3pl>/gāp<n>><pl>,CORRECT
x̌ud,x̌u<v>><pst>,x̌ud<v><pst>,FAIL
ar,ar<pro>,ar<n>/ar<prep>/ar<pro>,CORRECT
čīz-i,čīz<n>><3sg>,čīz<pro>><3sg>/čīz<n>><3sg>/čīz<pro>><3sg>,CORRECT
wev-ard,wev<dem><d3><pl><obl>><dat>,wev<dem><d3><pl>><dat>,CORRECT
ca,ca<cnj><subd>,ca<conj><subd>/ca<n>/ca<pro>,CORRECT
lůd,lů<v>><pst>,lůd<v><imp>,FAIL
wi,wi<dem><d3><m><sg><obl>,wi<dem><d3><m><sg><obl>,CORRECT
gāp-ti,gāp<n>><sup>,gāp<n>><2sg>><3sg>/gāp<n>><sup>,CORRECT
sut,su<v><m>><pst>,sut<v><pst>,FAIL
waxt,wax̌t<n>,waxt<n>,FAIL
meθ,meθ<n>,meθ<n>/meϑ<n>,CORRECT
wi,wi<dem><d3><m><sg><obl>,wi<dem><d3><m><sg><obl>,CORRECT
ɣiδā,ɣiδā<n>,ɣiðā<n>/ɣiδā<n>,CORRECT
waxt,waxt<n>,waxt<n>,CORRECT
to,to<cnj><lim1>,to<conj><when>/to<n>/to<prep>,CORRECT
yat,ya<v>><pst>,ya<v><imp>><2sg>/yat<v><inf>/yat<v><pst>,CORRECT
atā,atā<cnj><advs>,atā<conj><advs>,CORRECT
wi,wi<dem><d3><m><sg><obl>,wi<dem><d3><m><sg><obl>,CORRECT
nůmen,nům<n>><3pl>,nům<n>><3pl>/nům<n>><pl>,CORRECT
δod,δo<v>><pst>,ðod<v><pst>/δod<v><pst>,FAIL
wi,wi<dem><d3><m><sg><obl>,wi<dem><d3><m><sg><obl>,CORRECT
nům,nům<n>,nům<n>,CORRECT
piro,piro<n>,piro<adj>/piro<n>,CORRECT
as,as<prep><el>,as<prep>,CORRECT
wi,wi<pro><d3><m><sg><obl>,wi<dem><d3><m><sg><obl>,CORRECT
nān,nān<n>,nān<n>,CORRECT
qīč-and,qīč<n>><loc>,qīč<n>><loc>,CORRECT
peδo,peδo<n>,peðo<adj>/peδo<adj>,CORRECT
sidaθ-i,si<n>><inf>><adv>><3sg>,sid<v><inf>><int>><3sg>/sid<v><pst>><int>><3sg>,FAIL
wi,wi<dem><d3><m><sg><obl>,wi<dem><d3><m><sg><obl>,CORRECT
ca,ca<cnj><subd>,ca<conj><subd>/ca<n>/ca<pro>,CORRECT
δod,δo<v>><pst>,ðod<v><pst>/δod<v><pst>,FAIL
atā,atā<cnj><advs>,atā<conj><advs>,CORRECT
at,at<cnj><coord2>,at<conj><coord2>,CORRECT
waxt,waxt<n>,waxt<n>,CORRECT
šariyati,šariyat<n>><ez>,šar<n>><3sg>><2sg>><3sg>/šari<n>><2sg>><3sg>/šariyat<n>><3sg>,CORRECT
to,to<cnj><lim1>,to<conj><when>/to<n>/to<prep>,CORRECT
firīpt,firīp<v>><pst>,firīpt<v><inf>/firīpt<v><pst>,FAIL
atā,atā<cnj><advs>,atā<conj><advs>,CORRECT
wāδ-en,wāδ<dem><d3><pl>><3pl>,wāð<dem><d3><pl><nom>><3pl>/wāδ<dem><d3><pl><nom>><3pl>,CORRECT
kūdak,kūdak<n>,kūdak<adj>/kūdak<n>,CORRECT
pi,pi<prep><up>,pi<prep>/pi<v><prs>,CORRECT
xudowand-ard,xudowand<n><god>><dat>,xudowand<n>><dat>,CORRECT
vūd,vū<v>><pst>,vūd<v><pst>,FAIL
důnd,důnd<pro>,důnd<pro>,CORRECT
xudowand,xudowand<n><god>,xudowand<n>,CORRECT
qonūn-and,qonūn<n>><loc>,qonūn<n>><loc>,CORRECT
yaθč,yaθ<v>><pf>,yaθč<v><prf>/yaϑč<v><prf>,FAIL
ar,ar<pro>,ar<n>/ar<prep>/ar<pro>,CORRECT
boyad,boyad<v>,boy<n>><coord2>,FAIL
xudowand-ard,xudowand<n><god>><dat>,xudowand<n>><dat>,CORRECT
atā,atā<cnj><advs>,atā<conj><advs>,CORRECT
di,di<dem><d2><m><sg><obl>,di<conj><when>/di<dem><d2><m><sg><obl>/di<pro>/di<v><imp>/di<v><prs>,CORRECT
ǰāt,ǰāt<post><cause>,ǰāt<n>/ǰāt<n>,CORRECT
qurbůni,qurbůni<n>,qurbůn<n>><3sg>/qurbůni<n>,CORRECT
kinen,kin<v>><prs><3pl>,kin<v><imp>><3pl>/kin<v><prs>><3pl>,CORRECT
δu,δu<num>,ðu<num>/δu<num>,CORRECT
foxtā,foxtā<n>,foxtā<n>,CORRECT
yo,yo<cnj><or>,yo<conj><disj>,CORRECT
δiyůn,δiyůn<num>,ðiyůn<n>/δiyůn<n>,CORRECT
ar,ar<pro>,ar<n>/ar<prep>/ar<pro>,CORRECT
rāng,rāng<pro>,rāng<n>,CORRECT
xudowand,xudowand<n><god>,xudowand<n>,CORRECT
qonūn,qonūn<n>,qonūn<n>,CORRECT
ca,ca<cnj><subd>,ca<conj><subd>/ca<n>/ca<pro>,CORRECT
rimoδǰi,rimoδ<v>><pf>><3sg>,rimoðǰ<v><prf>><3sg>/rimoðǰ<v><prf>><3sg>/rimoδǰ<v><prf>><3sg>/rimoδǰ<v><prf>><3sg>,FAIL
yik,yik<prt><emph>,yik<n>,CORRECT
wev,wev<dem><d3><pl><obl>,wev<dem><d3><pl><obl>,CORRECT
waxten-and,waxt<n>><pl>><loc>,waxt<n>><pl>><loc>,CORRECT
nům,nům<n>,nům<n>,CORRECT
čorik,čorik<n>,čor<n>><dim>/čorik<n>,CORRECT
vud,vu<v><m>><pst>,vud<v><pst>,FAIL
atā,atā<cnj><advs>,atā<conj><advs>,CORRECT
yu,yu<dem><d3><m><sg>,yu<dem><d3><m><sg><nom>,CORRECT
at,at<cnj><coord2>,at<conj><coord2>,CORRECT
porso,porso<n>,porso<adj>,CORRECT
odam,odam<n>,odam<n>,CORRECT
vud,vu<v><m>><pst>,vud<v><pst>,FAIL
tilāpt,tilāp<v>><pst>,tilāpt<v><inf>/tilāpt<v><pst>,FAIL
atā,atā<cnj><advs>,atā<conj><advs>,CORRECT
rūyi,rū<n>><ez>,rū<n>><3sg>/rūy<n>><3sg>,CORRECT
wi-rd,wi<dem><d3><m><sg><obl>><dat>,wi<dem><d3><m><sg>><dat>,CORRECT
firīpčin,firīp<v>><pf>><ptcp1>,firīpč<v><prf>><ptcp>,FAIL
vud,vu<v><m>><pst>,vud<v><pst>,FAIL
rūyi,rū<n>><ez>,rū<n>><3sg>/rūy<n>><3sg>,CORRECT
mālum,mālum<n>,māl<n>><1sg>/mālum<adj>,CORRECT
čūd,čū<v>><pst>,čūd<v><pst>,FAIL
xudowand,xudowand<n><god>,xudowand<n>,CORRECT
wīnč,wīn<v>><pf>,wīnč<v><prf>,FAIL
yu-ta,yu<dem><d3><m><sg>><irr>,yu<dem><d3><m><sg><nom>><fut>,CORRECT
mīrt,mīr<v>><prs><3sg>,mīr<adj>><2sg>/mīr<n>><2sg>,CORRECT
rūyi,rū<n>><ez>,rū<n>><3sg>/rūy<n>><3sg>,CORRECT
wi-yi,wi<dem><d3><m><sg><obl>><3sg>,wi<dem><d3><m><sg><obl>><3sg>,CORRECT
xabar,xabar<n>,xabar<adj>/xabar<n>,CORRECT
čūd,čū<v>><pst>,čūd<v><pst>,FAIL
xu,xu<cnj><coord1>,xu<conj><coord1>/xu<pro><refl>,CORRECT
yu,yu<dem><d3><m><sg>,yu<dem><d3><m><sg><nom>,CORRECT
yat,ya<v>><pst>,ya<v><imp>><2sg>/yat<v><inf>/yat<v><pst>,CORRECT
tar,tar<prep><eq>,tar<prep>,CORRECT
atā,atā<cnj><advs>,atā<conj><advs>,CORRECT
to-yen,to<cnj><lim1>><3pl>,to<n>><3pl>/to<n>><pl>,CORRECT
dod,dod<n>,dod<n>,CORRECT
at,at<cnj><coord2>,at<conj><coord2>,CORRECT
nān,nān<n>,nān<n>,CORRECT
wi,wi<dem><d3><m><sg><obl>,wi<dem><d3><m><sg><obl>,CORRECT
vūd,vū<v>><pst>,vūd<v><pst>,FAIL
ar,ar<pro>,ar<n>/ar<prep>/ar<pro>,CORRECT
čīz,čīz<pro>,čīz<pro>/čīz<n>/čīz<pro>,CORRECT
qonūn,qonūn<n>,qonūn<n>,CORRECT
ca,ca<cnj><subd>,ca<conj><subd>/ca<n>/ca<pro>,CORRECT
lůvd,lův<v>><prs><3sg>,lůvd<v><inf>/lůvd<v><pst>,FAIL
bar,bar<prep><all>,bar<n>,CORRECT
wi,wi<dem><d3><m><sg><obl>,wi<dem><d3><m><sg><obl>,CORRECT
kinen,kin<v>><prs><3pl>,kin<v><imp>><3pl>/kin<v><prs>><3pl>,CORRECT
zox̌t-i,zox̌<v>><pst>><3sg>,zox̌t<v><pst>><3sg>,FAIL
xu,xu<cnj><coord1>,xu<conj><coord1>/xu<pro><refl>,CORRECT
mi,mi<prep><cont2>,mi<dem><d1><m><sg><obl>/mi<pro>,CORRECT
δust,δust<n>,ðust<adj>/δust<adj>/ðust<n>/δust<n>,CORRECT
wi,wi<dem><d3><m><sg><obl>,wi<dem><d3><m><sg><obl>,CORRECT
xu,xu<cnj><coord1>,xu<conj><coord1>/xu<pro><refl>,CORRECT
xuδoy-ard-i,xuδoy<n><god>><dat>><3sg>,xuðoy<n>><dat>><3sg>/xuδoy<n>><dat>><3sg>,CORRECT
šukrat,šukrat<n>,šukrat<n>,CORRECT
čūd,čū<v>><pst>,čūd<v><pst>,FAIL
šič-ta,šič<prt>><irr>,šič<adj>><fut>,CORRECT
tu,tu<pers><prn><2sg>,tu<pers><2sg><nom>/tu<pers><2sg><obl>,CORRECT
xu,xu<pro><refl>,xu<conj><coord1>/xu<pro><refl>,CORRECT
bandā,bandā<n>,bandā<adj>/bandā<n>,CORRECT
osoyax̌-aθ,osoyax̌<n>><adv>,osoyax̌<n>><int>,CORRECT
lāk-i,lāk<v>><prs><2sg>,lāk<n>><3sg>/lāk<v><prs>><2sg>/lāk<v><prs>><3sg>,CORRECT
parwardigor,parwardigor<n>,parwardigor<n>,CORRECT
důnd,důnd<pro>,důnd<pro>,CORRECT
tu-t,tu<pers><prn><2sg>><2sg>,tu<pers><2sg><nom>><2sg>/tu<pers><2sg><obl>><2sg>,CORRECT
xu,xu<pro><refl>,xu<conj><coord1>/xu<pro><refl>,CORRECT
wādā,wādā<n>,wādā<n>,CORRECT
yiǰro,yiǰro<n>,yiǰro<n>/yiǰro<n>,CORRECT
čūd,čū<v>><pst>,čūd<v><pst>,FAIL
xu,xu<pro><refl>,xu<conj><coord1>/xu<pro><refl>,CORRECT
cemaθ-um,cem<n>><adv>><1sg>,cem<n>><int>><1sg>,CORRECT
wi,wi<dem><d3><m><sg><obl>,wi<dem><d3><m><sg><obl>,CORRECT
wīnt,wīn<v>><pst>,wīnt<v><inf>/wīnt<v><pst>,FAIL
tu-t,tu<pro><prn><2sg>><2sg>,tu<pers><2sg><nom>><2sg>/tu<pers><2sg><obl>><2sg>,CORRECT
wi,wi<dem><d3><m><sg><obl>,wi<dem><d3><m><sg><obl>,CORRECT
fukaθ,fukaθ<pro>,fuk<pro>><int>/fukaθ<pro>/fukaϑ<pro>,CORRECT
mardumen-ard,mardum<n>><pl>><dat>,mardum<n>><pl>><dat>,CORRECT
ca,ca<cnj><subd>,ca<conj><subd>/ca<n>/ca<pro>,CORRECT
lůvǰ,lův<v>><pf>,lůvǰ<v><prf>/lůvǰ<v><prf>,FAIL
nūr-um,nūr<n>><1sg>,nūr<n>><1sg>,CORRECT
wīnt,wīn<v>><pst>,wīnt<v><inf>/wīnt<v><pst>,FAIL
yu-ta,yu<dem><d3><m><sg>><irr>,yu<dem><d3><m><sg><nom>><fut>,CORRECT
bexuδoyen,be<n>><god>><pl>,<without><adj>>xuðoy<n>><3pl>/<without><adj>>xuδoy<n>><3pl>,FAIL
cem,cem<n>,cem<n>,CORRECT
yet,yet<n>,yet<adj>/yet<n>,CORRECT
kix̌t,kix̌<v>><prs><3sg>,kix̌t<v><inf>/kix̌t<v><pst>,FAIL
atā,atā<cnj><advs>,atā<conj><advs>,CORRECT
tu,tu<pers><prn><2sg>,tu<pers><2sg><nom>/tu<pers><2sg><obl>,CORRECT
xalq,xalq<n>,xalq<n>,CORRECT
atā,atā<cnj><advs>,atā<conj><advs>,CORRECT
wi,wi<dem><d3><m><sg><obl>,wi<dem><d3><m><sg><obl>,CORRECT
kūdak,kūdak<n>,kūdak<adj>/kūdak<n>,CORRECT
dod,dod<n>,dod<n>,CORRECT
at,at<cnj><coord2>,at<conj><coord2>,CORRECT
nān-en,nān<n>><3pl>,nān<n>><3pl>/nān<n>><pl>,CORRECT
ayrat,ayrat<n>,ay<n>><dat>><2sg>/ayrat<n>,CORRECT
qati,qati<post><com>,qat<v><pst><f>><3sg>,FAIL
niɣux̌t,niɣux̌<v>><pst>,niɣux̌t<v><pst>,FAIL
čīz,čīz<n>,čīz<pro>/čīz<n>/čīz<pro>,CORRECT
lůvd,lův<v>><prs><3sg>,lůvd<v><inf>/lůvd<v><pst>,FAIL
wev-ard-i,wev<dem><d3><pl><obl>><dat>><3sg>,wev<dem><d3><pl>><dat>><3sg>,CORRECT
čūd,čū<v>><pst>,čūd<v><pst>,FAIL
atā,atā<cnj><advs>,atā<conj><advs>,CORRECT
wi,wi<dem><d3><m><sg><obl>,wi<dem><d3><m><sg><obl>,CORRECT
nān-ard,nān<n>><dat>,nān<n>><dat>,CORRECT
lůd,lů<v>><pst>,lůd<v><imp>,FAIL
yed-and,yed<dem><d2><sg>><loc>,yed<n>><loc>,CORRECT
yik-u,yik<dem><emph>><d3><m><sg>,yik<n>><coord3>,CORRECT
x̌ovǰ,x̌ov<v>><pf><m>,x̌ovǰ<v><prf>/x̌ovǰ<v><prf>/x̌ovǰ<v><prf><m>/x̌ovǰ<v><prf><m>,FAIL
di-ta,di<dem><d2><m><sg><obl>><irr>,di<dem><d2><m><sg><obl>><fut>/di<pro>><fut>/di<v><imp>><fut>/di<v><prs>><fut>,CORRECT
lap,lap<prt>,lap<adj>,CORRECT
odamen,odam<n>><pl>,odam<n>><3pl>/odam<n>><pl>,CORRECT
wox̌en,wox̌<v>><prs><3pl>,wox̌<n>><3pl>/wox̌<n>><pl>/wox̌<v><prs>><3pl>,CORRECT
at,at<cnj><coord2>,at<conj><coord2>,CORRECT
lap-ta,lap<prt>><irr>,lap<adj>><fut>,CORRECT
andiӡen,andiӡ<v>><prs><3pl>,andiӡ<v><prs>><3pl>,CORRECT
atā,atā<cnj><advs>,atā<conj><advs>,CORRECT
tu,tu<pers><prn><2sg>,tu<pers><2sg><nom>/tu<pers><2sg><obl>,CORRECT
ǰůn-ta,ǰůn<n>><irr>,ǰůn<n>><fut>/ǰůn<n>><fut>,CORRECT
šamšer,šamšer<n>,šamšer<n>,CORRECT
kix̌t,kix̌<v>><prs><3sg>,kix̌t<v><inf>/kix̌t<v><pst>,FAIL
yid-ta,yid<dem><d2><sg>><irr>,yid<dem><d2><sg><nom>><fut>/yid<pro>><fut>,CORRECT
xuδoy,xuδoy<n><god>,xuðoy<n>/xuδoy<n>,CORRECT
nix̌ůnā,nix̌ůnā<n>,nix̌ůnā<n>,CORRECT
xu,xu<cnj><coord1>,xu<conj><coord1>/xu<pro><refl>,CORRECT
bar,bar<prep><all>,bar<n>,CORRECT
di-ta,di<dem><d2><m><sg><obl>><irr>,di<dem><d2><m><sg><obl>><fut>/di<pro>><fut>/di<v><imp>><fut>/di<v><prs>><fut>,CORRECT
lap,lap<prt>,lap<adj>,CORRECT
odamen,odam<n>><pl>,odam<n>><3pl>/odam<n>><pl>,CORRECT
andiӡen,andiӡ<v>><prs><3pl>,andiӡ<v><prs>><3pl>,CORRECT
xu,xu<cnj><coord1>,xu<conj><coord1>/xu<pro><refl>,CORRECT
xu,xu<pro><refl>,xu<conj><coord1>/xu<pro><refl>,CORRECT
darūnaki,darūn<n>><dim>><adj>,darūn<adj>><dim>><3sg>/darūn<n>><dim>><3sg>,CORRECT
fikriyen,fikri<n>><pl>,fikr<n>><3sg>><3pl>/fikri<adj>><3pl>/fikri<n>><3pl>/fikri<n>><pl>,CORRECT
ox̌kor,ox̌kor<n>,ox̌kor<adj>,CORRECT
kinen,kin<v>><prs><3pl>,kin<v><imp>><3pl>/kin<v><prs>><3pl>,CORRECT
atā,atā<cnj><advs>,atā<conj><advs>,CORRECT
yam-and,yam<dem><d1><sg>><loc>,yam<dem><d1><sg>><loc>/yam<n>><loc>/yam<pro>><loc>,CORRECT
rizīn,rizīn<n>,rizīn<n>,CORRECT
as,as<prep><el>,as<prep>,CORRECT
awlod,awlod<n>,awlod<n>,CORRECT
vad,va<v><f/pl>><pst>,vad<v><pst><f>,FAIL
yā,yā<dem><d3><f><sg>,yā<dem><d3><f><sg><nom>/yā<n>,CORRECT
lap,lap<prt>,lap<adj>,CORRECT
pīr,pīr<n>,pīr<adj>/pīr<n>,CORRECT
vad,va<v><f/pl>><pst>,vad<v><pst><f>,FAIL
as,as<prep><el>,as<prep>,CORRECT
čor-čīd,čor<n>><do>><inf>,čor-čīd<n>,FAIL
wūvd,wūvd<num>,wūvd<num>,CORRECT
sol-i,sol<n>><3sg>,sol<n>><3sg>,CORRECT
xu,xu<pro><refl>,xu<conj><coord1>/xu<pro><refl>,CORRECT
čor,čor<n>,čor<n>/čor<num>,CORRECT
qati,qati<post><com>,qat<v><pst><f>><3sg>,FAIL
zindagi,zindagi<n>,zindagi<n>,CORRECT
čūd,čū<v>><pst>,čūd<v><pst>,FAIL
xu,xu<cnj><coord1>,xu<conj><coord1>/xu<pro><refl>,CORRECT
reδǰ,reδ<v>><pf>,reðǰ<v><prf>/reðǰ<v><prf>/reδǰ<v><prf>/reδǰ<v><prf>,FAIL
xu,xu<cnj><coord1>,xu<conj><coord1>/xu<pro><refl>,CORRECT
yima,yima<dem><d1><loc>,yima<n>,CORRECT
čor,čor<num>,čor<n>/čor<num>,CORRECT
sol,sol<n>,sol<n>,CORRECT
sic,si<v>><pf><f/pl>,sic<v><prf><f>,FAIL
yā,yā<dem><d3><f><sg>,yā<dem><d3><f><sg><nom>/yā<n>,CORRECT
ačaθ,ačaθ<prt>,ač<pro>><int>/ačaθ<pro>/ačaϑ<pro>,CORRECT
as,as<prep><el>,as<prep>,CORRECT
nax̌tīc,nax̌tī<v>><pf><f/pl>,nax̌tīc<v><prf><f>,FAIL
x̌āb,х̌āb<n>,x̌āb<n>,FAIL
to,to<prep><lim1>,to<conj><when>/to<n>/to<prep>,CORRECT
meθ-i,meθ<n>><3sg>,meθ<n>><3sg>/meϑ<n>><3sg>,CORRECT
xuδoy-ard,xuδoy<n><god>><dat>,xuðoy<n>><dat>/xuδoy<n>><dat>,CORRECT
yůllo,yůllo<n>,yůllo<n>,CORRECT
čūd,čū<v>><pst>,čūd<v><pst>,FAIL
at,at<cnj><coord2>,at<conj><coord2>,CORRECT
parezi,parez<n>><3sg>,parez<n>><3sg>,CORRECT
anǰūvd,anǰūv<v>><pst>,anǰūvd<v><pst>/anǰūvd<v><pst>,FAIL
yik,yik<prt><emph>,yik<n>,CORRECT
di,di<dem><d2><m><sg><obl>,di<conj><when>/di<dem><d2><m><sg><obl>/di<pro>/di<v><imp>/di<v><prs>,CORRECT
waxt-and,waxt<n>><loc>,waxt<n>><loc>,CORRECT
yā,yā<dem><d3><f><sg>,yā<dem><d3><f><sg><nom>/yā<n>,CORRECT
mis,mis<prt>,mis<n>,CORRECT
tar,tar<prep><eq>,tar<prep>,CORRECT
wev,wev<dem><d3><pl><obl>,wev<dem><d3><pl><obl>,CORRECT
xez,xez<post><apud>,xez<adj>,CORRECT
yat,ya<v>><pst>,ya<v><imp>><2sg>/yat<v><inf>/yat<v><pst>,CORRECT
xu,xu<cnj><coord1>,xu<conj><coord1>/xu<pro><refl>,CORRECT
xuδoy-i,xuδoy<n><god>><3sg>,xuðoy<n>><3sg>/xuδoy<n>><3sg>,CORRECT
sitowax̌,sitowax̌<n>,sitowax̌<n>,CORRECT
čūd,čū<v>><pst>,čūd<v><pst>,FAIL
atā,atā<cnj><advs>,atā<conj><advs>,CORRECT
ar,ar<pro>,ar<n>/ar<prep>/ar<pro>,CORRECT
čāy,čāy<pro>,čāy<n>/čāy<pro>,CORRECT
ozodi,ozodi<n>,ozod<adj>><3sg>/ozod<n>><3sg>/ozodi<n>,CORRECT
muntazir,muntazir<n>,muntazir<adj>,CORRECT
ca,ca<cnj><subd>,ca<conj><subd>/ca<n>/ca<pro>,CORRECT
vud,vu<v><m>><pst>,vud<v><pst>,FAIL
yā,yā<dem><d3><f><sg>,yā<dem><d3><f><sg><nom>/yā<n>,CORRECT
wev-ard-i,wev<dem><d3><pl><obl>><dat>><3sg>,wev<dem><d3><pl>><dat>><3sg>,CORRECT
kūdak,kūdak<n>,kūdak<adj>/kūdak<n>,CORRECT
naqli,naqli<n>,naql<n>><3sg>/naqli<n>,CORRECT
čūd,čū<v>><pst>,čūd<v><pst>,FAIL
fuk,fuk<pro>,fuk<pro>,CORRECT
čīzaθ-en,čīz<pro>><adv>><3pl>,čīz<pro>><int>><3pl>/čīz<n>><int>><3pl>/čīz<pro>><int>><3pl>,CORRECT
xudowand,xudowand<n><god>,xudowand<n>,CORRECT
qonūn,qonūn<n>,qonūn<n>,CORRECT
yiǰro,yiǰro<n>,yiǰro<n>/yiǰro<n>,CORRECT
čūd,čū<v>><pst>,čūd<v><pst>,FAIL
xu,xu<cnj><coord1>,xu<conj><coord1>/xu<pro><refl>,CORRECT
gāx̌t-en,gāx̌t<n>><3pl>,gāx̌t<v><inf>><3pl>/gāx̌t<v><pst>><3pl>,CORRECT
pi,pi<prep><up>,pi<prep>/pi<v><prs>,CORRECT
pi,pi<prep><up>,pi<prep>/pi<v><prs>,CORRECT
xu,xu<pro><refl>,xu<conj><coord1>/xu<pro><refl>,CORRECT
x̌ār,x̌ār<n>,x̌ār<adj>/x̌ār<n>,CORRECT
kūdak,kūdak<n>,kūdak<adj>/kūdak<n>,CORRECT
qād-i,qād<n>><3sg>,qād<n>><3sg>,CORRECT
čūd,čū<v>><pst>,čūd<v><pst>,FAIL
at,at<cnj><coord2>,at<conj><coord2>,CORRECT
bačamard,bačamard<n>,bačamard<n>,CORRECT
sut,su<v><m>><pst>,sut<v><pst>,FAIL
aqlidor,aqlidor<n>,aqlidor<adj>,CORRECT
sut,su<v><m>><pst>,sut<v><pst>,FAIL
atā,atā<cnj><advs>,atā<conj><advs>,CORRECT
xuδoy,xuδoy<n><god>,xuðoy<n>/xuδoy<n>,CORRECT
fayz,fayz<n>,fayz<n>,CORRECT
at,at<cnj><coord2>,at<conj><coord2>,CORRECT
barakat,barakat<n>,bar<n>><dim>><2sg>/bar<n>><dim>><coord2>/barakat<n>,CORRECT
wi-nd,wi<dem><d3><m><sg><obl>><loc>,wi<dem><d3><m><sg>><loc>,CORRECT
vud,vu<v><m>><pst>,vud<v><pst>,FAIL
ar,ar<pro>,ar<n>/ar<prep>/ar<pro>,CORRECT
sol-en,sol<n>><3pl>,sol<n>><3pl>/sol<n>><pl>,CORRECT
dod,dod<n>,dod<n>,CORRECT
at,at<cnj><coord2>,at<conj><coord2>,CORRECT
nān,nān<n>,nān<n>,CORRECT
pi,pi<prep><up>,pi<prep>/pi<v><prs>,CORRECT
ar,ar<prep><down>,ar<n>/ar<prep>/ar<pro>,CORRECT
sat,sa<v><f/pl>><pst>,sa<v><imp>><2sg>/sat<v><pst><f>,CORRECT
yu,yu<dem><d3><m><sg>,yu<dem><d3><m><sg><nom>,CORRECT
sut,su<v><m>><pst>,sut<v><pst>,FAIL
atā,atā<cnj><advs>,atā<conj><advs>,CORRECT
wāδ-en,wāδ<dem><d3><pl>><3pl>,wāð<dem><d3><pl><nom>><3pl>/wāδ<dem><d3><pl><nom>><3pl>,CORRECT
ǰinow,ǰinow<post>,ǰinow<adj>/ǰinow<adj>,CORRECT
ar,ar<prep><down>,ar<n>/ar<prep>/ar<pro>,CORRECT
ayům,ayům<n>,ayům<n>,CORRECT
sat,sa<v><f/pl>><pst>,sa<v><imp>><2sg>/sat<v><pst><f>,CORRECT
as,as<prep><el>,as<prep>,CORRECT
ayům-en,ayům<n>><3pl>,ayům<n>><3pl>/ayům<n>><pl>,CORRECT
wāδ,wāδ<dem><d3><pl>,wāð<dem><d3><pl><nom>/wāδ<dem><d3><pl><nom>,CORRECT
pi,pi<prep><up>,pi<prep>/pi<v><prs>,CORRECT
čīd,čīd<n>,čīd<n>/čīd<v><inf>/čīd<v><pst>,CORRECT
sat,sa<v><f/pl>><pst>,sa<v><imp>><2sg>/sat<v><pst><f>,CORRECT
atā,atā<cnj><advs>,atā<conj><advs>,CORRECT
yu,yu<dem><d3><m><sg>,yu<dem><d3><m><sg><nom>,CORRECT
ɣiδā,ɣiδā<n>,ɣiðā<n>/ɣiδā<n>,CORRECT
red,re<v>><pst>,red<v><inf>/red<v><pst>,FAIL
atā,atā<cnj><advs>,atā<conj><advs>,CORRECT
wi,wi<dem><d3><m><sg><obl>,wi<dem><d3><m><sg><obl>,CORRECT
dod,dod<n>,dod<n>,CORRECT
at,at<cnj><coord2>,at<conj><coord2>,CORRECT
nān-en,nān<n>><3pl>,nān<n>><3pl>/nān<n>><pl>,CORRECT
di,di<dem><d2><m><sg><obl>,di<conj><when>/di<dem><d2><m><sg><obl>/di<pro>/di<v><imp>/di<v><prs>,CORRECT
wizent,wizen<v>><pst>,wiz<v><prs>><3pl>><2sg>/wizent<v><inf>/wizent<v><pst>,FAIL
xayol-en,xayol<n>><3pl>,xayol<n>><3pl>/xayol<n>><pl>,CORRECT
čūd,čū<v>><pst>,čūd<v><pst>,FAIL
yu,yu<dem><d3><m><sg>,yu<dem><d3><m><sg><nom>,CORRECT
wev,wev<dem><d3><pl><obl>,wev<dem><d3><pl><obl>,CORRECT
xu,xu<pro><refl>,xu<conj><coord1>/xu<pro><refl>,CORRECT
amrogůn,amro<n>><pl>,amrogůn<n>,FAIL
darūn,darūn<n>,darūn<adj>/darūn<n>,CORRECT
wāδ-en,wāδ<dem><d3><pl>><3pl>,wāð<dem><d3><pl><nom>><3pl>/wāδ<dem><d3><pl><nom>><3pl>,CORRECT
yi,yi<num>,yi<adj>/yi<pro>,CORRECT
meθ,meθ<n>,meθ<n>/meϑ<n>,CORRECT
půnd,půnd<n>,půnd<n>,CORRECT
čūd,čū<v>><pst>,čūd<v><pst>,FAIL
xu,xu<cnj><coord1>,xu<conj><coord1>/xu<pro><refl>,CORRECT
tām-en,tām<cnj>><3pl>,tām<n>><3pl>/tām<n>><pl>,CORRECT
wi,wi<dem><d3><m><sg><obl>,wi<dem><d3><m><sg><obl>,CORRECT
at,at<cnj><coord2>,at<conj><coord2>,CORRECT
baladen,balad<n>><3pl>,bal<n>><coord2>><3pl>/balad<adj>><3pl>,CORRECT
darūn,darūn<n>,darūn<adj>/darūn<n>,CORRECT
daraw,daraw<prt><inch>,daraw<n>,CORRECT
x̌ikīd,x̌ikī<n>><inf>,x̌ikīd<v><inf>/x̌ikīd<v><pst>,FAIL
sat,sa<v><f/pl>><pst>,sa<v><imp>><2sg>/sat<v><pst><f>,CORRECT
cůnden,cůnd<pro>><3pl>,cůnd<pro>><3pl>,CORRECT
x̌ikūd,x̌ikū<v>><pst>,x̌ikūd<v><pst>,FAIL
wi-yen,wi<dem><d3><m><sg><obl>><3pl>,wi<dem><d3><m><sg><obl>><3pl>,CORRECT
virūd,virū<v>><pst>,virūd<v><pst>,FAIL
xu,xu<cnj><coord1>,xu<conj><coord1>/xu<pro><refl>,CORRECT
gax̌t-en,gax̌t<n>><pl>,gax̌t<n>><3pl>/gax̌t<n>><pl>,CORRECT
pi,pi<prep><up>,pi<prep>/pi<v><prs>,CORRECT
xu,xu<cnj><coord1>,xu<conj><coord1>/xu<pro><refl>,CORRECT
yamard-en,yam<dem><d1><sg>><dat>><3pl>,yam<dem><d1><sg>><dat>><3pl>/yam<n>><dat>><3pl>/yam<pro>><dat>><3pl>,CORRECT
wi,wi<dem><d3><m><sg><obl>,wi<dem><d3><m><sg><obl>,CORRECT
daraw,daraw<prt><inch>,daraw<n>,CORRECT
x̌ikīd,x̌ikī<n>><inf>,x̌ikīd<v><inf>/x̌ikīd<v><pst>,FAIL
sat,sa<v><f/pl>><pst>,sa<v><imp>><2sg>/sat<v><pst><f>,CORRECT
ba,ba<prep><all>,ba<prep>,CORRECT
yi,yi<prt><indef>,yi<adj>/yi<pro>,CORRECT
azoben,azob<n>><3pl>,azob<n>><3pl>/azob<n>><pl>,CORRECT
as,as<prep><el>,as<prep>,CORRECT
ara,ara<num>,ara<num>,CORRECT
meθ,meθ<n>,meθ<n>/meϑ<n>,CORRECT
wi,wi<dem><d3><m><sg><obl>,wi<dem><d3><m><sg><obl>,CORRECT
virūd,virū<v>><pst>,virūd<v><pst>,FAIL
yu,yu<dem><d3><m><sg>,yu<dem><d3><m><sg><nom>,CORRECT
oxůnen,oxůn<n>><pl>,oxůn<n>><3pl>/oxůn<n>><pl>/oxůnen<n>,CORRECT
darūn,darūn<post>,darūn<adj>/darūn<n>,CORRECT
nūsč,nūs<v>><pf><m>,nūsč<v><prf>/nūsč<v><prf><m>,FAIL
atā,atā<cnj><coord2>,atā<conj><advs>,CORRECT
wev-at,wev<dem><d3><pl><obl>><coord2>,wev<dem><d3><pl><obl>><2sg>/wev<dem><d3><pl><obl>><coord2>,CORRECT
pex̌st,pêx̌s<v>><prs><3sg>,pex̌st<v><inf>/pex̌st<v><pst>,FAIL
ar,ar<pro>,ar<n>/ar<prep>/ar<pro>,CORRECT
čāy,čāy<pro>,čāy<n>/čāy<pro>,CORRECT
wi-yi,wi<dem><d3><m><sg><obl>><3sg>,wi<dem><d3><m><sg><obl>><3sg>,CORRECT
ca,ca<cnj><subd>,ca<conj><subd>/ca<n>/ca<pro>,CORRECT
niɣux̌t,niɣux̌<v>><pst>,niɣux̌t<v><pst>,FAIL
fukaθ-en,fukaθ<pro>><3pl>,fuk<pro>><int>><3pl>/fukaθ<pro>><3pl>/fukaϑ<pro>><3pl>,CORRECT
wi,wi<dem><d3><m><sg><obl>,wi<dem><d3><m><sg><obl>,CORRECT
ǰiwoben,ǰiwob<n>><pl>,ǰiwob<n>><3pl>/ǰiwob<n>><3pl>/ǰiwob<n>><pl>/ǰiwob<n>><pl>,CORRECT
qati,qati<post><com>,qat<v><pst><f>><3sg>,FAIL
sat,sa<v><f/pl>><pst>,sa<v><imp>><2sg>/sat<v><pst><f>,CORRECT
wi,wi<dem><d3><m><sg><obl>,wi<dem><d3><m><sg><obl>,CORRECT
dod,dod<n>,dod<n>,CORRECT
at,at<cnj><coord2>,at<conj><coord2>,CORRECT
nān-en,nān<n>><3pl>,nān<n>><3pl>/nān<n>><pl>,CORRECT
wi,wi<dem><d3><m><sg><obl>,wi<dem><d3><m><sg><obl>,CORRECT
wīnt,wīn<v>><pst>,wīnt<v><inf>/wīnt<v><pst>,FAIL
xu,xu<cnj><coord1>,xu<conj><coord1>/xu<pro><refl>,CORRECT
sat,sa<v><f/pl>><pst>,sa<v><imp>><2sg>/sat<v><pst><f>,CORRECT
wi,wi<dem><d3><m><sg><obl>,wi<dem><d3><m><sg><obl>,CORRECT
nān,nān<n>,nān<n>,CORRECT
wi-rd-i,wi<dem><d3><m><sg><obl>><dat>><3sg>,wi<dem><d3><m><sg>><dat>><3sg>,CORRECT
lůd,lů<v>><pst>,lůd<v><imp>,FAIL
pucik,puc<n>><dim>,puc<n>><dim>,CORRECT
tu-t,tu<pers><prn><2sg>><2sg>,tu<pers><2sg><nom>><2sg>/tu<pers><2sg><obl>><2sg>,CORRECT
čīz-ard,čīz<pro>><dat>,čīz<pro>><dat>/čīz<n>><dat>/čīz<pro>><dat>,CORRECT
māš,māš<pers><prn><1pl>,māš<pers><1pl><nom>/māš<pers><1pl><obl>,CORRECT
di,di<dem><d2><m><sg><obl>,di<conj><when>/di<dem><d2><m><sg><obl>/di<pro>/di<v><imp>/di<v><prs>,CORRECT
čūd,čū<v>><pst>,čūd<v><pst>,FAIL
tu,tu<pers><prn><2sg>,tu<pers><2sg><nom>/tu<pers><2sg><obl>,CORRECT
čis,čis<v>,čis<v><prs>,CORRECT
tu,tu<pers><prn><2sg>,tu<pers><2sg><nom>/tu<pers><2sg><obl>,CORRECT
dod,dod<n>,dod<n>,CORRECT
at,at<cnj><coord2>,at<conj><coord2>,CORRECT
wuz-ām,wuz<pers><prn><1sg>><1pl>,wuz<n>><1pl>/wuz<pers><1sg><nom>><1pl>/wuz<v><prs>><1pl>,CORRECT
to,to<prep><lim1>,to<conj><when>/to<n>/to<prep>,CORRECT
tu,tu<pers><prn><2sg>,tu<pers><2sg><nom>/tu<pers><2sg><obl>,CORRECT
at,at<cnj><coord2>,at<conj><coord2>,CORRECT
vad,va<v><f/pl>><pst>,vad<v><pst><f>,FAIL
čīz-ard,čīzard<pro>,čīz<pro>><dat>/čīz<n>><dat>/čīz<pro>><dat>,FAIL
mu,mu<pers><prn><1sg><obl>,mu<pers><1sg><obl>,CORRECT
x̌ikūd,x̌ikū<v>><pst>,x̌ikūd<v><pst>,FAIL
yu,yu<dem><d3><m><sg>,yu<dem><d3><m><sg><nom>,CORRECT
ǰiwob-i,ǰiwob<n>><3sg>,ǰiwob<n>><3sg>/ǰiwob<n>><3sg>,CORRECT
δod,δo<v>><pst>,ðod<v><pst>/δod<v><pst>,FAIL
wizent,wizen<v>><pst>,wiz<v><prs>><3pl>><2sg>/wizent<v><inf>/wizent<v><pst>,FAIL
wuz,wuz<pers><prn><1sg>,wuz<n>/wuz<pers><1sg><nom>/wuz<v><prs>,CORRECT
boyad,boyad<v>,boy<n>><coord2>,FAIL
xu,xu<pro><refl>,xu<conj><coord1>/xu<pro><refl>,CORRECT
dod,dod<n>,dod<n>,CORRECT
čīd-and,čīd<n>><loc>,čīd<n>><loc>,CORRECT
wāδ-en,wāδ<dem><d3><pl>><3pl>,wāð<dem><d3><pl><nom>><3pl>/wāδ<dem><d3><pl><nom>><3pl>,CORRECT
wi,wi<dem><d3><m><sg><obl>,wi<dem><d3><m><sg><obl>,CORRECT
gāp,gāp<n>,gāp<n>,CORRECT
fāmt,fām<v>><pst>,fām<v><prs>><2sg>/fām<v><prs>><3sg>/fāmt<v><inf>/fāmt<v><pst>,CORRECT
wev,wev<dem><d3><pl><obl>,wev<dem><d3><pl><obl>,CORRECT
qati,qati<post><com>,qat<v><pst><f>><3sg>,FAIL
sut,su<v><m>><pst>,sut<v><pst>,FAIL
yu,yu<dem><d3><m><sg>,yu<dem><d3><m><sg><nom>,CORRECT
pi,pi<prep><up>,pi<prep>/pi<v><prs>,CORRECT
gax̌t-i,gax̌t<n>><3sg>,gax̌t<n>><3sg>,CORRECT
čūd,čū<v>><pst>,čūd<v><pst>,FAIL
xu,xu<cnj><coord1>,xu<conj><coord1>/xu<pro><refl>,CORRECT
ačaθ,ačaθ<n>,ač<pro>><int>/ačaθ<pro>/ačaϑ<pro>,CORRECT
as,as<prep><el>,as<prep>,CORRECT
wev,wev<dem><d3><pl><obl>,wev<dem><d3><pl><obl>,CORRECT
gāp,gāp<n>,gāp<n>,CORRECT
nax̌tūyd,nax̌tūy<v>><pst>,nax̌tūyd<v><pst>/nax̌tūyd<v><pst><m>,FAIL
atā,atā<cnj><advs>,atā<conj><advs>,CORRECT
wi,wi<dem><d3><m><sg><obl>,wi<dem><d3><m><sg><obl>,CORRECT
nān,nān<n>,nān<n>,CORRECT
yik,yik<prt><emph>,yik<n>,CORRECT
di-yi,di<dem><d2><m><sg><obl>><3sg>,di<dem><d2><m><sg><obl>><3sg>/di<pro>><3sg>/di<v><imp>><3sg>/di<v><prs>><2sg>/di<v><prs>><3sg>,CORRECT
fukaθ,fukaθ<pro>,fuk<pro>><int>/fukaθ<pro>/fukaϑ<pro>,CORRECT
xu,xu<pro><refl>,xu<conj><coord1>/xu<pro><refl>,CORRECT
ba,ba<prep><all>,ba<prep>,CORRECT
yoδ,yoδ<n>,yoð<n>/yoδ<n>,CORRECT
anǰūvd,anǰūv<v>><pst>,anǰūvd<v><pst>/anǰūvd<v><pst>,FAIL
ɣullā,ɣullā<n>,ɣullā<adj>/ɣullā<n>,CORRECT
sut,su<v><m>><pst>,sut<v><pst>,FAIL
at,at<cnj><coord2>,at<conj><coord2>,CORRECT
wi,wi<dem><d3><m><sg><obl>,wi<dem><d3><m><sg><obl>,CORRECT
sol,sol<n>,sol<n>,CORRECT
barobar,barobar<n>,<with><adj>>robar<n>/barobar<adj>,CORRECT
wi,wi<dem><d3><m><sg><obl>,wi<dem><d3><m><sg><obl>,CORRECT
farosat,farosat<n>,farosat<n>,CORRECT
at,at<cnj><coord2>,at<conj><coord2>,CORRECT
žīwǰgi,žīwǰ<n>><subst>,žīwǰgi<n>/žīwǰgi<n>,FAIL
as,as<prep><el>,as<prep>,CORRECT
tarafi,taraf<n>><ez>,taraf<n>><3sg>,CORRECT
xuδoy,xuδoy<n><god>,xuðoy<n>/xuδoy<n>,CORRECT
at,at<cnj><coord2>,at<conj><coord2>,CORRECT
mardum,mardum<n>,mard<adj>><1sg>/mard<n>><1sg>/mardum<n>,CORRECT
purrā,purrā<n>,pur<adj>>рā<n>/purrā<adj>,CORRECT
sut,su<v><m>><pst>,sut<v><pst>,FAIL
