vuδǰ,vuδ<v>><prf><m>,vuδ<v>><prf>/vuδǰ<v><prf><m>,TP=2;FN=0;FP=0
navuδǰ,<neg>>vuδ<v>><prf><m>,<neg>>vuδ<v>><prf>/<neg>>vuδǰ<v><prf><m>,TP=2;FN=0;FP=0
yi,yi<prt><indef>/yi<pro><indef>/yi<num>,yi<adj>/yi<num>/yi<pro>/yi<prt>,TP=3;FN=0;FP=1
yu-yi,yu<dem><d3><m><sg>><3sg>,yu<dem><d3><m><sg>><3sg>,TP=1;FN=0;FP=0
pi,pi<prep><up>,pi<prep>/pi<v><prs>,TP=1;FN=0;FP=1
biland,biland<n>,biland<adj>,TP=0;FN=1;FP=1
kū,kū<n>,kū<n>,TP=1;FN=0;FP=0
zindagi,zindagi<n>,zindagi<n>,TP=1;FN=0;FP=0
čūɣ̌ǰ,čūɣ̌<v>><prf>/čūɣ̌<v>><prf><m>,čūɣ̌<v>><prf>,TP=2;FN=0;FP=0
di,di<dem><d2><m><sg><obl>,di<conj>/di<dem><d2><m><sg><obl>/di<prt>/di<v><imp>/di<v><prs>/di<v><prs><2sg>,TP=1;FN=0;FP=5
bīr-and,bīr<post><sub>><loc>,bīr<adj>><loc>/bīr<n>><loc>,TP=0;FN=1;FP=2
qišloq,qišloq<n>,qišloq<n>,TP=1;FN=0;FP=0
vuδǰ-at,vuδ<v>><prf><m>><coord2>,vuδ<v>><prf>><2sg>/vuδ<v>><prf>><coord2>/vuδǰ<v><prf><m>><2sg>/vuδǰ<v><prf><m>><coord2>,TP=4;FN=0;FP=0
qišloq-and-ga,qišloq<n>><loc>><add1>,qišloq<n>><loc>><add>,TP=1;FN=0;FP=0
ɣulā,ɣulā<n>,ɣulā<adj>/ɣulā<n>,TP=1;FN=0;FP=1
boǰakzor,<walnut>>zor<n><place>,boǰ<n>><dim>><place>/boǰak<n>><place>,TP=2;FN=0;FP=0
tīramo,tīramo<n>,tīr<adj>>амо<n>/tīramo<n>,TP=1;FN=0;FP=1
boǰak,boǰak<n>,boǰ<n>><dim>/boǰak<n>,TP=2;FN=0;FP=0
firopt-at,firop<v>><prs><3sg>><coord2>,firop<v>><prs><3sg>><2sg>/firop<v>><prs><3sg>><coord2>,TP=2;FN=0;FP=0
yid,yid<dem><d2><sg>,yid<dem><d2><sg>,TP=1;FN=0;FP=0
xāfst,xāfs<v>><prs><3sg>,xāfs<v><prs>><2sg>/xāfs<v>><inf>/xāfs<v>><prs><3sg>/xāfs<v>><pst>,TP=4;FN=0;FP=0
ar,ar<prep><down>/ar<pro>/ar<prt>,ar<n>/ar<prep>/ar<pro>/ar<prt>,TP=3;FN=0;FP=1
cift,cif<v>><inf>,cif<v><prs>><2sg>/cif<v>><inf>/cif<v>><prs><3sg>/cif<v>><pst>/cift<v><prs>,TP=5;FN=0;FP=0
mardum,mardum<n>,mard<adj>><1sg>/mard<n>><1sg>/mardum<n>,TP=2;FN=0;FP=1
wi,wi<dem><d3><m><sg><obl>/wi<pers><d3><m><sg><obl>/wi<pro><d3><m><sg><obl>,wi<dem><d3><m><sg><obl>,TP=1;FN=2;FP=0
wintow,wīn<v>><inf>><purp>,win<v>><inf>><purp>,TP=1;FN=0;FP=0
wīnt,wīn<v>><prs><3sg>/wīn<v>><pst>,wīn<v><prs>><2sg>/wīn<v>><inf>/wīn<v>><prs><3sg>/wīn<v>><pst>,TP=8;FN=0;FP=0
amo,amo<conj>,amo<n>,TP=0;FN=1;FP=1
as,as<prep><el>,as<prep>,TP=1;FN=0;FP=0
x̌oǰ,x̌oǰ<n>,x̌oǰ<n>,TP=1;FN=0;FP=0
čīraθ,čīr<pro>><int>,čīr<pro>><adv>/čīr<pro>><int>/čīr<pro>>><adv>,TP=3;FN=0;FP=0
čīdow,čī<v>><inf>><purp>,čī<v>><inf>><purp>,TP=1;FN=0;FP=0
meθ-at,meθ<n>><in>,me<pro>><adv>><2sg>/me<pro>><adv>><coord2>/me<pro>>><adv>><2sg>/me<pro>>><adv>><coord2>/meθ<n>><2sg>/meθ<n>><coord2>,TP=2;FN=0;FP=4
mūysafedik,mūysafed<n>><dim>,mūysafed<n>><dim>,TP=1;FN=0;FP=0
bebun,<without>>bun<n>,<without><adj>>bun<n>/bebun<adj>,TP=1;FN=0;FP=1
cimūd,cimūd<n>,cimūd<n>,TP=1;FN=0;FP=0
woft,wof<v>><prs><3sg>,wof<v>><prs><3sg>,TP=1;FN=0;FP=0
xu,xu<conj><coord1>/xu<dem><refl>/xu<pro><refl>/xu<conj><conj>,xu<conj><coord1>/xu<pro><refl>/xu<prt>/xu<v><prs>/xu<v><pst>,TP=3;FN=1;FP=3
yêst,yês<v>><prs><3sg>,yês<v>><prs><3sg>,TP=1;FN=0;FP=0
tar,tar<prep><eq>,tar<prep>/tar<v><prs>/tar<v><prs><f>,TP=1;FN=0;FP=2
yoδd,yoδ<v>><prs><3sg>,yoδ<v>><inf>/yoδ<v>><prs><3sg>/yoδ<v>><pst>/yoδd<prt>,TP=3;FN=0;FP=1
fukaθ,fuk<pro>><int>/fukaθ<pro>/fuk<pro>,fuk<pro>><adv>/fuk<pro>><int>/fuk<pro>>><adv>/fuka<pro>><adv>/fuka<pro>>><adv>/fukaθ<pro>,TP=18;FN=0;FP=0
biɣ̌ent,biɣ̌en<v>><prs><3sg>,biɣ̌en<v><prs>><2sg>/biɣ̌en<v>><inf>/biɣ̌en<v>><prs><3sg>/biɣ̌en<v>><pst>,TP=4;FN=0;FP=0
bād,bād<prt>/bād<n>/bād<prep>,bād<n>,TP=1;FN=2;FP=0
bix̌čīrt,bix̌čīr<v>><prs><3sg>,bix̌čīr<v>><prs><3sg>,TP=1;FN=0;FP=0
či,či<prt><prosp>/či<prep><prosp>,či<n>/či<prep>/či<pro>/či<v><inf>/či<v><prs>,TP=1;FN=1;FP=4
tīd,tī<v>><inf>,tī<v>><inf>/tī<v>><pst>,TP=2;FN=0;FP=0
sůd,sů<v>><prs><3sg>,sů<v>><prs><3sg>,TP=1;FN=0;FP=0
naw,naw<prt>,naw<adj>/naw<n>,TP=0;FN=1;FP=2
mis,mis<prt><add2>/mis<prt><add1>/mis<prt>,mis<n>/mis<prt>,TP=3;FN=0;FP=1
dām,dām<n>,dā<num>><ord>/dām<n>/dām<post>/dām<v><prs>,TP=1;FN=0;FP=3
sent-at,sen<v>><prs><3sg>><coord2>,sen<v><prs><3pl>><2sg>><2sg>/sen<v><prs><3pl>><2sg>><coord2>/sen<v><prs>><2sg>><2sg>/sen<v><prs>><2sg>><coord2>/sen<v>><inf>><2sg>/sen<v>><inf>><coord2>/sen<v>><prs><3sg>><2sg>/sen<v>><prs><3sg>><coord2>/sen<v>><pst>><2sg>/sen<v>><pst>><coord2>,TP=10;FN=0;FP=0
yu,yu<dem><d3><m><sg>/yu<pers><d3><m><sg>,yu<dem><d3><m><sg>,TP=1;FN=1;FP=0
xoli,xoli<n>,xol<n>><3sg>/xol<n>><adj>/xol<n>><subst>/xoli<adj>/xoli<n>,TP=4;FN=0;FP=1
to,to<prep><lim1>/to<conj><lim1>,to<conj>/to<n>/to<prep>,TP=2;FN=0;FP=1
sāraki-ec,sāraki<n>><lim2>,sār<n>><dim>><adj>><lim2>/sār<n>><dim>><subst>><lim2>/sārak<n>><adj>><lim2>/sārak<n>><subst>><lim2>,TP=4;FN=0;FP=0
bix̌čīrt-at,bix̌čīr<v>><prs><3sg>><coord2>,bix̌čīr<v>><prs><3sg>><2sg>/bix̌čīr<v>><prs><3sg>><coord2>,TP=2;FN=0;FP=0
vo,vo<prt>,vo<adj>/vo<n>,TP=0;FN=1;FP=2
qār,qār<n>/qār<dem>,qār<n>,TP=1;FN=1;FP=0
kix̌t,kix̌<v>><prs><3sg>,kix̌<v><prs>><2sg>/kix̌<v>><inf>/kix̌<v>><prs><3sg>/kix̌<v>><pst>,TP=4;FN=0;FP=0
tuk-tukak,tuk<n><redup>><dim>,tuk-tuk<adj>><dim>/tuk-tukak<adj>,TP=0;FN=1;FP=2
tīzd,<go>>d<v><prs><3sg>/tīz<v>><prs><3sg>,tīz<v>><prs><3sg>,TP=2;FN=0;FP=0
wam,wam<dem><d3><f><sg><obl>/wam<pro><d3><f><sg><obl>/wam<pers><d3><f><sg><obl>,wam<dem><d3><f><sg><obl>,TP=1;FN=2;FP=0
rūz-and,rūz<n>><loc>,rūz<n>><loc>,TP=1;FN=0;FP=0
naxāfst,<neg>>xāfs<v>><prs><3sg>,<neg>>xāfs<v><prs>><2sg>/<neg>>xāfs<v>><inf>/<neg>>xāfs<v>><prs><3sg>/<neg>>xāfs<v>><pst>,TP=4;FN=0;FP=0
duzd,duzd<n>,duzd<n>,TP=1;FN=0;FP=0
xalos,xalos<n>,xalos<adj>,TP=0;FN=1;FP=1
atā,atā<conj><advs>/atā<conj><coord2>/atā<conj><add>,atā<conj><advs>,TP=3;FN=0;FP=0
yamand,yam<dem><d1><sg>><loc>/yamand<dem><d1><sg>><loc>,yam<dem><d1><sg>><loc>/yam<n>><loc>/yama<n>><loc>/yamand<n>,TP=2;FN=0;FP=3
qonūn,qonūn<n>,qonūn<n>,TP=1;FN=0;FP=0
oxůn,oxůn<n>,oxůn<n>,TP=1;FN=0;FP=0
muallimi,muallim<n>><subst>,muallim<n>><3sg>/muallim<n>><adj>/muallim<n>><subst>/muallimi<n>,TP=4;FN=0;FP=0
šariyati,šariyat<n>><ez>,šar<n>><3sg>><2sg>><3sg>/šar<n>><adj>><2sg>><3sg>/šar<n>><subst>><2sg>><3sg>/šari<n>><2sg>><3sg>/šariyat<n>><3sg>/šariyat<n>><adj>/šariyat<n>><subst>,TP=7;FN=0;FP=0
vud,vu<v><m>><pst>/vu<v><f_pl>><pst>/vu<v>><-pst>,vu<v>><inf>/vu<v>><pst>/vud<v><pst><m>,TP=9;FN=0;FP=0
ozmūd,ozmūd<n>,ozmūd<n>,TP=1;FN=0;FP=0
čīd,čī<v>><inf>/čīd<n>,čī<v>><inf>/čī<v>><pst>/čīd<n>,TP=3;FN=0;FP=0
sut,su<v><m>><pst>/su<v>><pst>,su<v><prs>><2sg>/su<v>><prs><3sg>/sut<v><prs>/sut<v><pst>,TP=8;FN=0;FP=0
andūyd,andūy<v><m>><pst>,andūy<v>><inf>/andūy<v>><pst>/andūyd<v><pst><m>,TP=3;FN=0;FP=0
lůd-i,lů<v>><pst>><3sg>,lů<v>><inf>><3sg>/lů<v>><pst>><3sg>/lůd<v><imp>><3sg>/lůd<v><prs><3pl>><3sg>/lůd<v><prs><3sg>><3sg>/lůd<v><prs>><3sg>/lůd<v><pst>><3sg>,TP=7;FN=0;FP=0
wistoδ,wistoδ<n>,wistoδ<n>,TP=1;FN=0;FP=0
wuz,wuz<pers><1sg>/wuz<pro><prn><1sg>,wuz<n>/wuz<pers><1sg>/wuz<v><prs>,TP=1;FN=1;FP=2
boyad,boyad<v>/boyad<n>,boy<n>><coord2>/boyad<n>,TP=2;FN=1;FP=0
kinum,kin<v>><prs><1sg>,kin<v><imp>><1sg>/kin<v><prs>><1sg>/kin<v>><prs><1sg>,TP=3;FN=0;FP=0
abadi,abadi<n>,abadi<adj>,TP=0;FN=1;FP=1
zindā,zindā<n>,zindā<adj>,TP=0;FN=1;FP=1
risum,ris<v>><prs><1sg>,ris<v><prs>><1sg>/ris<v>><prs><1sg>,TP=2;FN=0;FP=0
wi-yi,wi<dem><d3><m><sg><obl>><3sg>,wi<dem><d3><m><sg><obl>><3sg>,TP=1;FN=0;FP=0
pex̌st,pêx̌s<v>><pst>/pêx̌s<v>><prs><3sg>,pex̌s<v><prs>><2sg>/pex̌s<v>><inf>/pex̌s<v>><prs><3sg>/pex̌s<v>><pst>,TP=8;FN=0;FP=0
ǰāt,ǰāt<post><cause>,ǰāt<n>/ǰāt<prep>,TP=0;FN=1;FP=2
čīz,čīz<pro>/čīz<n>,čīz<n>/čīz<pro>/čīz<prt>,TP=2;FN=0;FP=1
lůvǰ,lův<v>><prf>,lův<v>><prf>,TP=1;FN=0;FP=0
tu-ta,tu<pers><2sg>><irr>,tu<pers><2sg><obl>><fut>/tu<pers><2sg>><fut>,TP=2;FN=0;FP=0
x̌oyi,x̌oy<v>><prs><2sg>,x̌oy<n>><3sg>/x̌oy<n>><adj>/x̌oy<n>><subst>/x̌oy<v><prs>><3sg>/x̌oy<v>><prs><2sg>,TP=2;FN=0;FP=3
ǰiwob-i,ǰiwob<n>><3sg>,ǰiwob<n>><3sg>/ǰiwob<n>><adj>/ǰiwob<n>><subst>,TP=3;FN=0;FP=0
δod,δo<v>><pst>/δo<v>><-pst>,δo<v>><inf>/δo<v>><pst>,TP=4;FN=0;FP=0
xudowand,xudowand<n><god>,xu<v>><inf>><purp>><loc>/xudowand<n>,TP=1;FN=0;FP=1
xuδoy,xuδoy<n><god>,xuδoy<n>,TP=1;FN=0;FP=0
dil-at,dil<n>><coord2>,dil<n>><2sg>/dil<n>><coord2>,TP=2;FN=0;FP=0
ǰůn-aθ,ǰůn<n>><int>,ǰůn<n>><adv>/ǰůn<n>><int>,TP=2;FN=0;FP=0
žīwǰ,žīwǰ<v>,žīw<v>><prf>/žīwǰ<v><prs>,TP=2;FN=0;FP=0
ki,ki<v>,ki<v><imp>,TP=1;FN=0;FP=0
cůnd,cůnd<pro>,cůnd<pro>,TP=1;FN=0;FP=0
tu,tu<pers><2sg>,tu<pers><2sg>/tu<pers><2sg><obl>,TP=2;FN=0;FP=0
quwat,quwat<n>,quwat<n>,TP=1;FN=0;FP=0
ca,ca<conj><subd>,ca<conj><subd>/ca<n>/ca<pro>/ca<prt>,TP=1;FN=0;FP=3
at,at<conj><coord2>/at<prt><coord2>,at<conj><coord2>,TP=1;FN=1;FP=0
aqli,aqli<n>,aqli<n>,TP=1;FN=0;FP=0
firopt,firop<v>><prs><3sg>,firop<v>><prs><3sg>,TP=1;FN=0;FP=0
wi-rd,wi<dem><d3><m><sg><obl>><dat>/wi<pers><d3><m><sg><obl>><dat>,wi<dem><d3><m><sg><obl>><dat>/wi<dem><d3><m><sg>><dat>,TP=2;FN=1;FP=0
xizmat,xizmat<n>,xizmat<n>,TP=1;FN=0;FP=0
kin,kin<v>,kin<v><imp>/kin<v><prs>,TP=2;FN=0;FP=0
yiga,yi<pro><indef>><add1>/yi<prt><indef>><add2>,yi<adj>><add>/yi<pro>><add>,TP=1;FN=1;FP=1
ǰinow,ǰinow<post>/ǰinow<n>,ǰinow<adj>/ǰinow<post>,TP=1;FN=1;FP=1
wi-rd-i,wi<dem><d3><m><sg><obl>><dat>><3sg>,wi<dem><d3><m><sg><obl>><dat>><3sg>/wi<dem><d3><m><sg>><dat>><3sg>/wi<dem><d3><m><sg>><dat>><adj>/wi<dem><d3><m><sg>><dat>><subst>/wi<dem><d3><m><sg>><dat>>><adj>/wi<dem><d3><m><sg>><dat>>><subst>,TP=6;FN=0;FP=0
lůd,lů<v>><pst>/lů<v>><-pst>,lů<v>><inf>/lů<v>><pst>/lůd<v><imp>/lůd<v><prs>/lůd<v><prs><3pl>/lůd<v><prs><3sg>/lůd<v><pst>,TP=14;FN=0;FP=0
tu-t,tu<pers><2sg>><2sg>/tu<pro><prn><2sg>><2sg>,tu<pers><2sg><obl>><2sg>/tu<pers><2sg>><2sg>,TP=2;FN=1;FP=0
durust,durust<n>,durust<adj>,TP=0;FN=1;FP=1
ǰiwob,ǰiwob<n>,ǰiwob<n>,TP=1;FN=0;FP=0
yik,yik<prt><emph>/yik<prt><indef>,yik<n>,TP=0;FN=2;FP=1
gāp-ti,gāp<n>><sup>,gāp<n>><2sg>><3sg>/gāp<n>><sup>,TP=2;FN=0;FP=0
kini,kin<v>><prs><2sg>,kin<v><imp>><3sg>/kin<v><prs>><3sg>/kin<v>><prs><2sg>,TP=3;FN=0;FP=0
zindagi-ta,zindagi<n>><irr>,zindagi<n>><fut>,TP=1;FN=0;FP=0
safedčīd,safed<v>><do>><inf>,safed<adj>>чӣд<n>,TP=0;FN=1;FP=1
ǰāt-i,ǰāt<post><cause>><3sg>,ǰāt<n>><3sg>/ǰāt<n>><adj>/ǰāt<n>><subst>,TP=0;FN=1;FP=3
mu-rd,mu<pers><1sg><obl>><dat>,mu<pers><1sg><obl>><dat>/mu<pers><1sg>><dat>,TP=2;FN=0;FP=0
nazdīk,nazdīk<prep>/nazdīk<n>,nazdīk<adj>,TP=0;FN=2;FP=1
čāy,čāy<pro>,čāy<n>/čāy<pro>,TP=1;FN=0;FP=1
ǰiwob-and-i,ǰiwob<n>><loc>><3sg>,ǰiwob<n>><loc>><3sg>,TP=1;FN=0;FP=0
odam,odam<n>,odam<n>,TP=1;FN=0;FP=0
tūyǰ,tūy<v>><prf><m>,tūy<v>><prf>/tūyǰ<v><prf><m>,TP=2;FN=0;FP=0
rāzanen-and-i,rāzan<n>><pl>><loc>><3sg>,rāzan<n>><3pl>><loc>><3sg>/rāzan<n>><pl>><loc>><3sg>,TP=2;FN=0;FP=0
δoδǰ,δoδ<v>><prf>,δoδ<v>><prf>/δoδǰ<v><prf><m>/δoδǰ<v><prs>,TP=3;FN=0;FP=0
wāδ-en,wāδ<dem><d3><pl>><3pl>/wāδ<dem><d2><pl>><3pl>/wāδ<pro><d3><pl>><3pl>,wāδ<dem><d3><pl>><3pl>,TP=2;FN=1;FP=0
ɣorat,ɣorat<n>,ɣor<n>><2sg>/ɣor<n>><coord2>/ɣorat<n>,TP=3;FN=0;FP=0
xuben,xub<n>><3pl>,xub<n>><3pl>/xub<n>><pl>,TP=2;FN=0;FP=0
nīmǰůn-en,nīmǰůn<n>><3pl>,nīmǰůn<adj>><3pl>,TP=0;FN=1;FP=1
pitêwǰ,pitêw<v>><prf>,pitêw<v>><prf>,TP=1;FN=0;FP=0
zibic-en,zibi<v>><prf><f_pl>><3pl>,zibic<v><prf><f>><3pl>,TP=1;FN=0;FP=0
půnd,půnd<n>,půnd<n>,TP=1;FN=0;FP=0
va,va<post><prol>/va<v>,va<v><imp>,TP=1;FN=1;FP=0
naɣ̌ǰīδǰ,naɣ̌ǰīδ<v>><prf>,naɣ̌ǰīδ<v>><prf>/naɣ̌ǰīδǰ<v><prf><m>,TP=2;FN=0;FP=0
to-yi,to<conj><lim1>><3sg>,to<n>><3sg>,TP=0;FN=1;FP=1
wīnč,wīn<v>><prf>,wīn<v>><prf>,TP=1;FN=0;FP=0
yi-ga,yi<prt><indef>><add1>,yi-ga<pro>/yi<adj>><add>/yi<pro>><add>,TP=0;FN=1;FP=3
taraf,taraf<n>,taraf<n>,TP=1;FN=0;FP=0
dis-ga-yi,dis<pro>><add1>><3sg>,dis-ga<n>><3sg>/dis<n>><add>><3sg>/dis<pro>><add>><3sg>,TP=1;FN=0;FP=2
mardīnā,mardīnā<n>,mardīnā<adj>/mardīnā<n>,TP=1;FN=0;FP=1
awlod,awlod<n>,awlod<n>,TP=1;FN=0;FP=0
xez,xez<post><apud>,xez<adj>/xez<post>,TP=1;FN=0;FP=1
qati,qati<post><com>,qat<v><prs><f>><3sg>/qat<v><pst><f>><3sg>/qati<n>/qati<post>/qati<prep>,TP=1;FN=0;FP=4
naɣ̌ǰīst,naɣ̌ǰīs<v>><prs><3sg>,naɣ̌ǰīs<v><prs>><2sg>/naɣ̌ǰīs<v>><inf>/naɣ̌ǰīs<v>><prs><3sg>/naɣ̌ǰīs<v>><pst>,TP=4;FN=0;FP=0
samari,samari<nprop><samaritan>,samar<n>><3sg>/samar<n>><adj>/samar<n>><subst>,TP=0;FN=1;FP=3
čorik,čorik<n>,čor<n>><dim>/čorik<n>,TP=2;FN=0;FP=0
půnd-ti,půnd<n>><sup>,půnd<n>><2sg>><3sg>/půnd<n>><sup>,TP=2;FN=0;FP=0
yaθč,yaθ<v>><prf>,yaθ<v>><prf>/yaθč<prt>,TP=1;FN=0;FP=1
bečorā-yi,bečorā<n>><3sg>,<without><adj>>čorā<n>><3sg>/bečorā<adj>><3sg>/bečorā<n>><3sg>,TP=2;FN=0;FP=1
rām-i,rām<n>><3sg>,rām<n>><3sg>/rām<n>><adj>/rām<n>><subst>,TP=3;FN=0;FP=0
bar,bar<prep><all>,bar<intj>/bar<n>/bar<prep>,TP=1;FN=0;FP=2
qačīr-ti,qačīr<n>><sup>,qačīr<n>><2sg>><3sg>/qačīr<n>><sup>,TP=2;FN=0;FP=0
xāvǰ,xāv<v>><prf>,xāv<v>><prf>,TP=1;FN=0;FP=0
zaxmiyen-i,zaxmi<n>><pl>><3sg>,zaxmi<adj>><3pl>><3sg>/zaxmi<n>><3pl>><3sg>/zaxmi<n>><pl>><3sg>/zaxmi<n>><pl>><adj>/zaxmi<n>><pl>><subst>,TP=4;FN=0;FP=1
zinoδǰ,zinoδ<v>><prf>,zinoδ<v>><prf>,TP=1;FN=0;FP=0
yamard-i,yam<dem><d1><sg>><dat>><3sg>,yam<dem><d1><sg>><dat>><3sg>/yam<dem><d1><sg>><dat>><adj>/yam<dem><d1><sg>><dat>><subst>/yam<dem><d1><sg>><dat>>><adj>/yam<dem><d1><sg>><dat>>><subst>/yam<n>><dat>><3sg>/yama<n>><dat>><3sg>/yamard<n>><3sg>/yamard<n>><adj>/yamard<n>><subst>,TP=5;FN=0;FP=5
rūɣan,rūɣan<n>,rūɣan<n>,TP=1;FN=0;FP=0
šarob,šarob<n>,šarob<n>,TP=1;FN=0;FP=0
molč,mol<v>><prf>,mol<v>><prf>,TP=1;FN=0;FP=0
sawor,sawor<n>,sawor<n>,TP=1;FN=0;FP=0
vūɣ̌ǰ,vūɣ̌<v>><prf>,vūɣ̌<v>><prf>,TP=1;FN=0;FP=0
yamandi-yi,yam<dem><d1><sg>><loc>><3sg>,yam<dem><d1><sg>><loc>><3sg>><3sg>/yam<dem><d1><sg>><loc>><adj>><3sg>/yam<dem><d1><sg>><loc>><subst>><3sg>/yam<dem><d1><sg>><loc>>><adj>><3sg>/yam<dem><d1><sg>><loc>>><subst>><3sg>/yam<n>><loc>><3sg>><3sg>/yama<n>><loc>><3sg>><3sg>/yamand<n>><3sg>><3sg>/yamand<n>><adj>><3sg>/yamand<n>><subst>><3sg>,TP=5;FN=0;FP=5
pis,pis<prep><goal>,pis<prep>/pis<v><prs>,TP=1;FN=0;FP=1
paloysč,paloys<v>><prf>,paloys<v>><prf>,TP=1;FN=0;FP=0
meθ-ard,meθ<n>><dat>,me<pro>><adv>><dat>/me<pro>>><adv>><dat>/meθ<n>><dat>,TP=1;FN=0;FP=2
tīdow-ti-yi,tī<v>><inf>><purp>><sup>><3sg>,tī<v>><inf>><purp>><2sg>><3sg>><3sg>/tī<v>><inf>><purp>><sup>><3sg>,TP=2;FN=0;FP=0
soyib-ard,soyib<n>><dat>,soyib<n>><dat>,TP=1;FN=0;FP=0
δu,δu<num>,δu<num>,TP=1;FN=0;FP=0
dāk,dāk<v>,dāk<v><prs>,TP=1;FN=0;FP=0
lůvǰ-i,lův<v>><prf>><3sg>,lův<v>><prf>><3sg>,TP=1;FN=0;FP=0
čorik-aθ,čorik<n>><int>,čor<n>><dim>><adv>/čor<n>><dim>><int>/čorik<n>><adv>/čorik<n>><int>,TP=4;FN=0;FP=0
paloys,paloys<v>,paloys<v><prs>,TP=1;FN=0;FP=0
aga,aga<conj>,aga<conj>,TP=1;FN=0;FP=0
lapdi,lap<n>><comp>,lapdi<n>,TP=1;FN=0;FP=0
xarč,xarč<n>,xarč<n>,TP=1;FN=0;FP=0
gax̌t,gax̌t<n>,gax̌t<n>,TP=1;FN=0;FP=0
tu-rd,tu<pers><2sg>><dat>,tu-rd<pro>/tu<pers><2sg><obl>><dat>/tu<pers><2sg>><dat>,TP=2;FN=0;FP=1
garδenum,garδen<v>><prn><1sg>,garδen<v><prs>><1sg>/garδen<v>><prs><1sg>,TP=2;FN=0;FP=0
lůvi,lův<v>><prs><2sg>,lův<v><prs>><3sg>/lův<v>><prs><2sg>,TP=2;FN=0;FP=0
dev,dev<dem><d2><pl><obl>,dev<dem><d2><pl><obl>,TP=1;FN=0;FP=0
rāzanen,rāzan<n>><pl>,rāzan<n>><3pl>/rāzan<n>><pl>,TP=2;FN=0;FP=0
čorik-ard,čorik<n>><dat>,čor<n>><dim>><dat>/čorik<n>><dat>,TP=2;FN=0;FP=0
yik-u,yik<dem><emph>><d3><m><sg>/yik<pro><emph>><d3><m><sg>,yik<n>><coord3>,TP=0;FN=2;FP=1
čūd,čū<v>><pst>,čū<v>><inf>/čū<v>><pst>,TP=2;FN=0;FP=0
sa,sa<v>,sa<v><imp>/sa<v><prs>,TP=2;FN=0;FP=0
dis-ga,dis<pro>><add2>/dis<pro>><add1>/dis<adj.pro>><add1>,dis-ga<n>/dis<n>><add>/dis<pro>><add>,TP=2;FN=1;FP=2
meθ,meθ<n>,me<pro>><adv>/me<pro>>><adv>/meθ<n>,TP=1;FN=0;FP=2
ǰo-ndi,ǰo<n>><loc>,ǰo<n>><loc>><3sg>,TP=1;FN=0;FP=0
duo-yi,duo<n>><3sg>,duo<n>><3sg>,TP=1;FN=0;FP=0
x̌ogird,x̌ogird<n>,x̌ogird<n>,TP=1;FN=0;FP=0
e,e<prt><voc>,e<intj>/e<prt>,TP=1;FN=0;FP=1
māš,māš<pers><1pl>,māš<pers><1pl>/māš<pers><1pl><obl>,TP=2;FN=0;FP=0
uxmānd,uxmānd<n>,uxmānd<adj>,TP=0;FN=1;FP=1
yida,yida<dem><d2><loc>,yida<prt>,TP=0;FN=1;FP=1
x̌ogirden-i,x̌ogird<n>><pl>><3sg>,x̌ogird<n>><3pl>><3sg>/x̌ogird<n>><pl>><3sg>/x̌ogird<n>><pl>><adj>/x̌ogird<n>><pl>><subst>,TP=4;FN=0;FP=0
wev-ard-i,wev<dem><d3><pl><obl>><dat>><3sg>,wev<dem><d3><pl><obl>><dat>><3sg>/wev<dem><d3><pl>><dat>><3sg>/wev<dem><d3><pl>><dat>><adj>/wev<dem><d3><pl>><dat>><subst>/wev<dem><d3><pl>><dat>>><adj>/wev<dem><d3><pl>><dat>>><subst>,TP=6;FN=0;FP=0
waxt,waxt<n>/wax̌t<n>,waxt<n>,TP=2;FN=0;FP=0
duo,duo<n>,duo<n>,TP=1;FN=0;FP=0
x̌êyd,x̌ey<v>><inf>,x̌êy<v>><inf>/x̌êy<v>><pst>,TP=2;FN=0;FP=0
set,s<v>><prs><2pl>,set<v><prs><2pl>,TP=1;FN=0;FP=0
dis,dis<prt>/dis<pro>,dis<n>/dis<pro>/dis<prt>,TP=2;FN=0;FP=1
lůvet,lův<v>><prs><2pl>,lův<v><prs>><2pl>/lův<v>><prs><2pl>,TP=2;FN=0;FP=0
padari,padar<n>><ez>,padar<n>><3sg>/padar<n>><adj>/padar<n>><subst>/padari<n>,TP=4;FN=0;FP=0
buzurgwor,buzurgwor<n>,buzurg<adj>>wор<n>,TP=0;FN=1;FP=1
osmůn,osmůn<n>,osmůn<n>,TP=1;FN=0;FP=0
lāk,lāk<v>,lāk<conj>/lāk<n>/lāk<prt>/lāk<v><prs>,TP=1;FN=0;FP=3
nům,nům<n>,nům<n>,TP=1;FN=0;FP=0
zamīn-ti,zamīn<n>><sup>,zamīn<n>><2sg>><3sg>/zamīn<n>><sup>,TP=2;FN=0;FP=0
barqaror,barqaror<n>,barqaror<n>,TP=1;FN=0;FP=0
ved,ve<v>><prs><3sg>,ve<v>><prs><3sg>,TP=1;FN=0;FP=0
māš-ard,māš<pers><1pl>><dat>,māš<pers><1pl><obl>><dat>/māš<pers><1pl>><dat>,TP=2;FN=0;FP=0
risq,risq<n>,risq<n>,TP=1;FN=0;FP=0
rūzi,rūzi<n>,rūz<n>><3sg>/rūz<n>><adj>/rūz<n>><subst>/rūzi<n>,TP=4;FN=0;FP=0
guno,guno<n>,guno<n>,TP=1;FN=0;FP=0
biyomurzīdā,biyomurzīdā<n>,biyomurzīdā<intj>,TP=0;FN=1;FP=1
fukard-aθ,fuk<pro>><dat>><int>,fuk<pro>><dat>><adv>/fuk<pro>><dat>><int>/fuk<pro>><dat>>><adv>/fuka<pro>><dat>><adv>/fuka<pro>><dat>><int>/fuka<pro>><dat>>><adv>,TP=6;FN=0;FP=0
badi,bad<n>><subst>,bad<adj>><3sg>/bad<n>><3sg>/bad<n>><adj>/bad<n>><subst>/badi<n>,TP=4;FN=0;FP=1
wev,wev<dem><d3><pl><obl>/wev<pro><d3><pl><obl>,wev<dem><d3><pl><obl>,TP=1;FN=1;FP=0
kinām,kin<v>><prs><1pl>/kin<v>><-prs><1pl>,kin<v><imp>><1pl>/kin<v><prs>><1pl>/kin<v>><prs><1pl>,TP=6;FN=0;FP=0
ozmūd-ard,ozmūd<n>><dat>,ozmūd<n>><dat>,TP=1;FN=0;FP=0
dičor,dičor<n>,dičor<n>,TP=1;FN=0;FP=0
yiblīs,yiblīs<n>,yiblīs<n>,TP=1;FN=0;FP=0
nigo,nigo<n>,nigo<n>,TP=1;FN=0;FP=0
δêr,δêr<v>,δêr<v><prs>,TP=1;FN=0;FP=0
farz-ām,farz<n>><1pl>,farz<n>><1pl>,TP=1;FN=0;FP=0
yīw-and,yīw<num>><loc>,yīw<adj>><loc>/yīw<pro>><loc>,TP=0;FN=1;FP=2
tama,tama<pers><2pl>,tama<pers><2pl>/tama<pers><2pl><obl>,TP=2;FN=0;FP=0
dūst,dūst<n>,dūs<n>><2sg>/dūst<n>,TP=2;FN=0;FP=0
yast,yast<v>,yas<v>><prs><3sg>,TP=1;FN=0;FP=0
barobar,barobar<n>,<with><adj>>robar<n>/barobar<adj>,TP=1;FN=0;FP=1
x̌āb,х̌āb<n>,x̌āb<n>,TP=1;FN=0;FP=0
divi,divi<n>,divi<n>,TP=1;FN=0;FP=0
lůvd,lův<v>><prs><3sg>,lův<v>><inf>/lův<v>><prs><3sg>/lův<v>><pst>,TP=3;FN=0;FP=0
garδā,garδā<n>,garδā<n>,TP=1;FN=0;FP=0
δa,δa<v>,δa<v><imp>,TP=1;FN=0;FP=0
šič,šič<prt>,šič<adj>/šič<n>,TP=0;FN=1;FP=2
mu,mu<pers><1sg><obl>,mu<pers><1sg><obl>,TP=1;FN=0;FP=0
ded,de<v>><pst>,de<v>><inf>/de<v>><pst>,TP=2;FN=0;FP=0
mu-nd,mu<pers><1sg><obl>><loc>,mu<pers><1sg><obl>><loc>/mu<pers><1sg>><loc>,TP=2;FN=0;FP=0
yi-čīz-aθ,yi<pro><indef>><thing>><int>,yi-čīz<pro>><adv>/yi-čīz<pro>><int>/yi-čīz<pro>>><adv>/yi<adj>>чӣз<n>><int>/yičīz<pro>><adv>/yičīz<pro>><int>/yičīz<pro>>><adv>/yičīzaθ<pro>,TP=7;FN=0;FP=1
nist,nist<v><neg>,nist<prt>/nist<v><prs>,TP=1;FN=0;FP=1
piro-ndi,piro<prep>><loc>,piro<adj>><loc>><3sg>/piro<n>><loc>><3sg>,TP=0;FN=1;FP=2
naxo,naxo<prt>,<neg>>xo<v><prs>/<neg>>xo<v><pst>/naxo<prt>,TP=1;FN=0;FP=2
yu-ta,yu<dem><d3><m><sg>><irr>,yu<dem><d3><m><sg>><fut>,TP=1;FN=0;FP=0
čīd-and,čīd<n>><loc>,čī<v>><inf>><loc>/čī<v>><pst>><loc>/čīd<n>><loc>,TP=1;FN=0;FP=2
dūst-ard,dūst<n>><dat>,dūs<n>><2sg>><dat>/dūst<n>><dat>,TP=2;FN=0;FP=0
a,a<prt><voc>,a<prt>,TP=1;FN=0;FP=0
ǰůn,ǰůn<n>,ǰůn<n>,TP=1;FN=0;FP=0
ol,ol<n>,ol<intj>/ol<n>,TP=1;FN=0;FP=1
čust,čust<v>,čust<adj>,TP=0;FN=1;FP=1
bāč-kāč-en,bāčkāč<n>><redup>><3pl>,bāč-kāč<n>><3pl>/bāč-kāč<n>><pl>,TP=2;FN=0;FP=0
x̌êvӡ,x̌êv<v>><prf><f_pl>,x̌êvdz<v><prf><f>/x̌êvʒ<v><prf><f>,TP=2;FN=0;FP=0
wuz-um,wuz<pers><1sg>><1sg>/wuz<dem><prn><1sg>><1sg>,wuz<n>><1sg>/wuz<pers><1sg>><1sg>/wuz<v><prs>><1sg>,TP=1;FN=1;FP=2
bīreǰ,bīreǰ<n>,bīreǰ<n>,TP=1;FN=0;FP=0
andiӡum,andiʒ<v>><prs><1sg>,andidz<v><prs>><1sg>/andiʒ<v><prs>><1sg>/andidz<v>><prs><1sg>/andiʒ<v>><prs><1sg>,TP=4;FN=0;FP=0
ziwêδum,ziwêδ<v>><1sg>,ziwêδ<v><prs>><1sg>/ziwêδ<v>><prs><1sg>,TP=2;FN=0;FP=0
rost-aθ,rost<n>><adv>,rost<adj>><adv>/rost<adj>><int>/rost<n>><adv>/rost<n>><int>,TP=2;FN=0;FP=2
tama-rd,tama<pers><2pl>><dat>,tama<pers><2pl><obl>><dat>/tama<pers><2pl>><dat>,TP=2;FN=0;FP=0
lům,lů<v>><prs><1sg>,lům<n>/lům<v><prs><1sg>,TP=1;FN=0;FP=1
na,na<prt><neg>,na<prt>,TP=1;FN=0;FP=0
picemak,picemak<n>,picemak<n>,TP=1;FN=0;FP=0
dūst-ta,dūst<n>><irr>,dūs<n>><2sg>><fut>/dūst<n>><fut>,TP=2;FN=0;FP=0
maǰbūr,maǰbūr<n>,maǰbūr<adj>,TP=0;FN=1;FP=1
andīzd,andīz<v>><prs><3sg>,andīz<v>><prs><3sg>,TP=1;FN=0;FP=0
fort,for<v>><prs><3sg>,for<v><prs>><2sg>/for<v>><inf>/for<v>><prs><3sg>/for<v>><pst>,TP=4;FN=0;FP=0
tilābet,tilāb<v>><prs><2pl>,tilāb<v><prs>><2pl>/tilāb<v>><prs><2pl>,TP=2;FN=0;FP=0
tama-rd-ta,tama<pers><2pl>><dat>><irr>,tama<pers><2pl><obl>><dat>><fut>/tama<pers><2pl>><dat>><fut>,TP=2;FN=0;FP=0
dāken,dāk<v>><prs><3pl>,dāk<v><prs>><3pl>/dāk<v>><prs><3pl>,TP=2;FN=0;FP=0
x̌ikaret,x̌ikar<v>><prs><2pl>,x̌ikar<v><prs>><2pl>/x̌ikar<v>><prs><2pl>,TP=2;FN=0;FP=0
viriyet-ta,viri<v>><prs><2pl>><irr>,viri<v><prs>><2pl>><fut>/viri<v>><prs><2pl>><fut>,TP=2;FN=0;FP=0
diyet,di<v>><prs><2pl>,di<dem><d2><m><sg><obl>><2pl>/di<v><imp>><2pl>/di<v><prs><2sg>><2pl>/di<v><prs>><2pl>/di<v>><prs><2pl>,TP=4;FN=0;FP=1
yet,yet<n>,yet<adj>/yet<n>,TP=1;FN=0;FP=1
kinen,kin<v>><prs><3pl>/kin<v>><-prs><3pl>,kin<v><imp>><3pl>/kin<v><prs>><3pl>/kin<v>><prs><3pl>,TP=6;FN=0;FP=0
tilāpt,tilāp<v>><prs><3sg>/tilāp<v>><pst>,tilāp<v><prs>><2sg>/tilāp<v>><inf>/tilāp<v>><prs><3sg>/tilāp<v>><pst>,TP=8;FN=0;FP=0
zêzd-ta,zêz<v>><prs><3sg>><irr>,zêz<v>><inf>><fut>/zêz<v>><prs><3sg>><fut>/zêz<v>><pst>><fut>,TP=3;FN=0;FP=0
x̌ikīrt,x̌ikīr<v>><prs><3sg>,x̌ikīr<v>><prs><3sg>,TP=1;FN=0;FP=0
vired-ta,vire<v>><prs><3sg>><irr>,vire<v>><prs><3sg>><fut>,TP=1;FN=0;FP=0
δīd,δī<v>><pst>/δī<v>><prs><3sg>,δī<v>><prs><3sg>/δīd<n>,TP=2;FN=0;FP=1
memūn,memūn<n>,me<adj>>мӯн<n>/memūn<n>,TP=1;FN=0;FP=1
di-yi,di<dem><d2><m><sg><obl>><3sg>,di<dem><d2><m><sg><obl>><3sg>/di<v><imp>><3sg>/di<v><prs><2sg>><3sg>/di<v><prs>><3sg>,TP=1;FN=0;FP=3
x̌ud,x̌u<v>><3sg>/x̌u<v>><pst>,x̌u<v>><inf>/x̌u<v>><pst>,TP=4;FN=0;FP=0
xušbaxt,xušbaxt<n>,xuš<adj>>бахт<n>/xušbaxt<adj>/xušbaxt<n>,TP=1;FN=0;FP=2
šelůn,šelůn<n>,šelůn<n>,TP=1;FN=0;FP=0
xīrt,xīr<v>><prs><3sg>,xīr<n>><2sg>/xīr<v>><prs><3sg>,TP=1;FN=0;FP=1
ziyofat-i,ziyofat<n>><3sg>,ziyofat<n>><3sg>/ziyofat<n>><adj>/ziyofat<n>><subst>,TP=3;FN=0;FP=0
taškīl,taškīl<n>,taškīl<n>,TP=1;FN=0;FP=0
lap,lap<prt>/lap<pro>/lap<n>,lap<adj>/lap<n>,TP=1;FN=2;FP=1
memūn-i,memūn<n>><3sg>,me<adj>>мӯн<n>><3sg>/memūn<n>><3sg>/memūn<n>><adj>/memūn<n>><subst>,TP=3;FN=0;FP=1
qīwd,qīw<v>><pst>,qīw<v>><inf>/qīw<v>><prs><3sg>/qīw<v>><pst>,TP=3;FN=0;FP=0
dastorxůn,dastorxůn<n>,dastor<adj>>ху̊н<n>/dastorxůn<n>,TP=1;FN=0;FP=1
kāl-ti,kāl<n>><sup>,kāl<n>><2sg>><3sg>/kāl<n>><sup>,TP=2;FN=0;FP=0
nīstow,nīs<v>><inf>><purp>,nīs<v>><inf>><purp>/nīstow<v><prs>,TP=2;FN=0;FP=0
yat,ya<v>><pst>/ya<v>><-pst>,ya<v><imp>><2sg>/ya<v><prs>><2sg>/ya<v>><prs><3sg>/yat<prt>/yat<v><prs>/yat<v><pst>,TP=10;FN=0;FP=1
ɣulům-i,ɣulům<n>><3sg>,ɣulům<n>><3sg>/ɣulům<n>><adj>/ɣulům<n>><subst>,TP=3;FN=0;FP=0
rimod,rimo<v>><pst>,rimo<v>><inf>/rimo<v>><pst>,TP=2;FN=0;FP=0
wev-ard,wev<dem><d3><pl><obl>><dat>/wev<pro><d3><pl><obl>><dat>,wev<dem><d3><pl><obl>><dat>/wev<dem><d3><pl>><dat>,TP=2;FN=1;FP=0
lůvdow,lův<v>><inf>><purp>,lův<v>><inf>><purp>,TP=1;FN=0;FP=0
yadet,yad<v>><prs><2pl>,ya<v>><inf>><2pl>/ya<v>><pst>><2pl>/yad<v><imp>><2pl>/yad<v><prs>><2pl>/yad<v>><prs><2pl>/yadet<prt>/yadet<v><imp>,TP=6;FN=0;FP=1
ziyofat,ziyofat<n>,ziyofat<n>,TP=1;FN=0;FP=0
pigoθ,pigo<n>><adv>,pigo<n>><adv>,TP=1;FN=0;FP=0
tayor,tayor<n>,tayor<adj>/tayor<n>,TP=1;FN=0;FP=1
bexilīwand-aθ-en,bexilīwand<n>><adv>><3pl>,bexilīw<adj>><loc>><int>><3pl>/bexilīwand<n>><adv>><3pl>/bexilīwand<n>><int>><3pl>,TP=2;FN=0;FP=1
daraw,daraw<prt><inch>/daraw<prt><inc>,daraw<n>,TP=0;FN=2;FP=1
sat,sa<v><f_pl>><pst>/sa<v>><pst>/sa<v>><-pst>,sa<v><imp>><2sg>/sa<v><prs>><2sg>/sat<v><pst><f>/sat<v><pst><f_pl>,TP=12;FN=0;FP=0
yīw,yīw<num>,yīw<adj>/yīw<num>/yīw<pro>,TP=1;FN=0;FP=2
zimc-i,zimc<n>><3sg>,zimc<n>><3sg>/zimc<n>><adj>/zimc<n>><subst>,TP=3;FN=0;FP=0
xarīt,xarīt<n>,xarīt<n>,TP=1;FN=0;FP=0
čīx̌tow,čīx̌<v>><inf>><purp>,čīx̌<v>><inf>><purp>,TP=1;FN=0;FP=0
bax̌xix̌,bax̌xix̌<n>,bax̌xix̌<n>,TP=1;FN=0;FP=0
ǰuft,ǰuft<n>,ǰuft<n>,TP=1;FN=0;FP=0
x̌īǰ-i,x̌īǰ<n>><3sg>,x̌ī<v>><prf>><3sg>/x̌īǰ<adj>><3sg>/x̌īǰ<n>><3sg>/x̌īǰ<n>><adj>/x̌īǰ<n>><subst>,TP=3;FN=0;FP=2
čost,čos<v>><prs><3sg>,čos<v>><prs><3sg>,TP=1;FN=0;FP=0
wāδ,wāδ<dem><d3><pl>,wāδ<dem><d3><pl>,TP=1;FN=0;FP=0
bāf-en,bāf<n>><3pl>,bāf<v><prs>><3pl>,TP=0;FN=1;FP=1
yo,yo<conj><or>/yo<conj><disj>,yo<conj><disj>/yo<intj>/yo<v><prs>,TP=2;FN=0;FP=2
nay,nay<prt>,nay<n>/nay<prt>,TP=1;FN=0;FP=1
seyum,se<num>><ord>,se<num>><ord>,TP=1;FN=0;FP=0
ɣ̌in,ɣ̌in<n>,ɣ̌in<n>,TP=1;FN=0;FP=0
xez-and,xez<post><apud>><loc>,xez<adj>><loc>,TP=0;FN=1;FP=1
tīdow,tī<v>><inf>><purp>,tī<v>><inf>><purp>,TP=1;FN=0;FP=0
gax̌t-i,gax̌t<n>><3sg>,gax̌t<n>><3sg>/gax̌t<n>><adj>/gax̌t<n>><subst>,TP=3;FN=0;FP=0
xūǰayīn-ard-i,xūǰayīn<n>><dat>><3sg>,xūǰayīn<n>><dat>><3sg>,TP=1;FN=0;FP=0
naqli,naqli<n>,naql<n>><3sg>/naql<n>><adj>/naql<n>><subst>/naqli<n>,TP=4;FN=0;FP=0
ču,čū<v><pst>/ču<v><pst>,ču<v><prs>/ču<v><pst>,TP=4;FN=0;FP=0
tām,tām<n>,tām<n>/tām<prt>,TP=1;FN=0;FP=1
xūǰayīn,xūǰayīn<n>,xūǰayīn<n>,TP=1;FN=0;FP=0
sifīd,sifī<v>><pst>,sifī<v>><inf>/sifī<v>><pst>/sifīd<v><pst><m>,TP=3;FN=0;FP=0
ɣulům-ard-i,ɣulům<n>><dat>><3sg>,ɣulům<n>><dat>><3sg>,TP=1;FN=0;FP=0
farmůn,farmůn<n>,farmůn<n>,TP=1;FN=0;FP=0
ǰāldi,ǰāl<n>><comp>,ǰāld<adj>><3sg>,TP=0;FN=1;FP=1
x̌ār,x̌ār<n>,x̌ār<adj>/x̌ār<n>,TP=1;FN=0;FP=1
kučā-t,kučā<n>><coord2>,kučā<n>><2sg>,TP=1;FN=0;FP=0
kambaɣal,kambaɣal<n>,<with_little><adj>>baɣal<n>/kambaɣal<n>,TP=2;FN=0;FP=0
šīl,šīl<n>,šīl<adj>,TP=0;FN=1;FP=1
šāl,šāl<n>,šāl<adj>,TP=0;FN=1;FP=1
kůr,kůr<n>,kůr<adj>/kůr<n>,TP=1;FN=0;FP=1
šuten,šut<n>><pl>,šut<adj>><3pl>,TP=0;FN=1;FP=1
tarů,tar<dem><eq>><d1>,tarů<n>,TP=0;FN=1;FP=1
yiǰro,yiǰro<n>,yiǰro<n>,TP=1;FN=0;FP=0
čūɣ̌ǰin,čūɣ̌<v>><prf>><ptcp1>,čūɣ̌<adj>>ҷин<n>/čūɣ̌<v>><prf>><ptcp1>,TP=1;FN=0;FP=1
yilāvga,yi<pro><indef>><a_little>><add1>,yi<adj>>лāв<n>><add>,TP=0;FN=1;FP=1
ǰoy,ǰoy<n>,ǰoy<n>,TP=1;FN=0;FP=0
reδǰ,reδ<v>><prf>,reδ<v>><prf>,TP=1;FN=0;FP=0
tām-i,tām<n>><3sg>,tām<n>><3sg>/tām<n>><adj>/tām<n>><subst>,TP=3;FN=0;FP=0
ɣulům-ard,ɣulům<n>><dat>,ɣulům<n>><dat>,TP=1;FN=0;FP=0
fuk,fuk<pro>,fuk<pro>,TP=1;FN=0;FP=0
kučā,kučā<n>,kučā<n>,TP=1;FN=0;FP=0
parδīren,parδīr<n>><pl>,parδīr<n>><3pl>/parδīr<n>><pl>,TP=2;FN=0;FP=0
naɣ̌ǰīs,naɣ̌ǰīs<v>,naɣ̌ǰīs<v><prs>,TP=1;FN=0;FP=0
darwozā,darwozā<n>,darwoz<n>><hb>/darwozā<n>,TP=2;FN=0;FP=0
rozi,rozi<n>,roz<n>><3sg>/roz<n>><adj>/roz<n>><subst>/rozi<adj>,TP=3;FN=0;FP=1
yaden,yad<v>><prs><3pl>,ya<v>><inf>><3pl>/ya<v>><pst>><3pl>/yad<v><imp>><3pl>/yad<v><prs>><3pl>/yad<v>><prs><3pl>,TP=5;FN=0;FP=0
memůn,memůn<n>,me<adj>>му̊н<n>/memůn<n>,TP=1;FN=0;FP=1
pur,pur<n>,pur<adj>/pur<n>,TP=1;FN=0;FP=1
yi-čāy-aθ-ta,yi<pro><indef>><who>><int>><irr>,yi-čāy<pro>><adv>><fut>/yi-čāy<pro>><int>><fut>/yi-čāy<pro>>><adv>><fut>/yi<adj>>чāй<n>><int>><fut>,TP=3;FN=0;FP=1
kāl,kāl<n>,kāl<n>/kāl<prep>,TP=1;FN=0;FP=1
kām,kām<prt>,kām<n>,TP=0;FN=1;FP=1
dawům-i,dawům<n>><3sg>,dawům<n>><3sg>/dawům<n>><adj>/dawům<n>><subst>,TP=3;FN=0;FP=0
odam-and-en,odam<n>><loc>><3pl>,odam<n>><loc>><3pl>,TP=1;FN=0;FP=0
puc,puc<n>,puc<n>,TP=1;FN=0;FP=0
vad,va<v><f_pl>><pst>,vad<v><pst><f>/vad<v><pst><f_pl>,TP=2;FN=0;FP=0
fištīr,fištīr<n>,fištīr<adj>,TP=0;FN=1;FP=1
dod-ard-i,dod<n>><dat>><3sg>,dod<n>><dat>><3sg>,TP=1;FN=0;FP=0
bāx̌,bāx̌<n>,bāx̌<n>,TP=1;FN=0;FP=0
mīros,mīros<n>,mīros<n>,TP=1;FN=0;FP=0
mol,mol<n>,mol<n>/mol<v><prs>,TP=1;FN=0;FP=1
oli,ol<n>><3sg>,ol<n>><3sg>/ol<n>><adj>/ol<n>><subst>/oli<adj>,TP=3;FN=0;FP=1
pacen-ard,pac<n>><pl>><dat>,pac<n>><pl>><dat>,TP=1;FN=0;FP=0
fukaθ-i,fukaθ<pro>><3sg>,fuk<pro>><adv>><3sg>/fuk<pro>><adv>><adj>/fuk<pro>><adv>><subst>/fuk<pro>><int>><3sg>/fuk<pro>>><adv>><3sg>/fuk<pro>>><adv>><adj>/fuk<pro>>><adv>><subst>/fuka<pro>><adv>><3sg>/fuka<pro>><adv>><adj>/fuka<pro>><adv>><subst>/fuka<pro>>><adv>><3sg>/fuka<pro>>><adv>><adj>/fuka<pro>>><adv>><subst>/fukaθ<pro>><3sg>/fukaθ<pro>><adj>/fukaθ<pro>><subst>/fukaθ<pro>>><adj>/fukaθ<pro>>><subst>,TP=18;FN=0;FP=0
ǰām,ǰām<n>,ǰām<adj>/ǰām<n>,TP=1;FN=0;FP=1
pūl,pūl<n>,pūl<n>,TP=1;FN=0;FP=0
δaraki,δaraki<n>,δar<adj>><dim>><3sg>/δar<n>><dim>><3sg>/δar<n>><dim>><adj>/δar<n>><dim>><subst>/δaraki<n>,TP=4;FN=0;FP=1
mamlakat,mamlakat<n>,mamlakat<n>,TP=1;FN=0;FP=0
tūyd,tūy<v><m>><pst>,tūy<v>><inf>/tūy<v>><pst>/tūyd<v><pst><m>,TP=3;FN=0;FP=0
taram-i,taram<dem><eq>><d3>><3sg>,tar<v><prs><f>><1pl>><3sg>/tar<v><prs>><1pl>><3sg>/tar<v>><prs><1pl>><3sg>/taram<n>><3sg>/taram<n>><adj>/taram<n>><subst>,TP=0;FN=1;FP=6
ayš,ayš<n>,ayš<n>,TP=1;FN=0;FP=0
wi-nd,wi<dem><d3><m><sg><obl>><loc>,wi<dem><d3><m><sg><obl>><loc>/wi<dem><d3><m><sg>><loc>,TP=2;FN=0;FP=0
binêst,binês<v>><pst>,binês<v><prs>><2sg>/binês<v>><inf>/binês<v>><prs><3sg>/binês<v>><pst>,TP=4;FN=0;FP=0
waxt-and,waxt<n>><loc>,waxt<n>><loc>,TP=1;FN=0;FP=0
mamlakat-and,mamlakat<n>><loc>,mamlakat<n>><loc>,TP=1;FN=0;FP=0
moɣ̌ӡ,moɣ̌ʒ<n>,moɣ̌dz<n>/moɣ̌ʒ<n>,TP=2;FN=0;FP=0
sof,sof<n>,sof<n>,TP=1;FN=0;FP=0
benawo,benawo<n>,<without><adj>>nawo<n>/benawo<n>,TP=2;FN=0;FP=0
maǰbūri,maǰbūri<n>,maǰbūr<adj>><3sg>/maǰbūri<adj>/maǰbūri<n>,TP=1;FN=0;FP=2
boy,boy<n>,boy<n>,TP=1;FN=0;FP=0
kor,kor<n>,kor<n>,TP=1;FN=0;FP=0
box̌t,box̌<v>><pst>,box̌<v><prs>><2sg>/box̌<v>><inf>/box̌<v>><prs><3sg>/box̌<v>><pst>,TP=4;FN=0;FP=0
amex̌ā,amex̌ā<n>,amex̌ā<n>,TP=1;FN=0;FP=0
maɣ̌ӡůnǰ,maɣ̌ʒůnǰ<n>,maɣ̌dzůnǰ<adj>/maɣ̌ʒůnǰ<adj>,TP=0;FN=1;FP=2
xūgen,xūg<n>><pl>,xūg<n>><3pl>/xūg<n>><pl>,TP=2;FN=0;FP=0
xurokā,xurokā<n>,xurok<n>><hb>/xurokā<n>,TP=2;FN=0;FP=0
xīd,xī<v>><inf>,xī<v>><inf>/xī<v>><prs><3sg>/xī<v>><pst>/xīd<n>,TP=3;FN=0;FP=1
důnd-aven,důnd<pro>><cause>,důnd<n>><cause>,TP=0;FN=1;FP=1
wi-rd-en,wi<dem><d3><m><sg><obl>><dat>><3pl>,wi<dem><d3><m><sg><obl>><dat>><3pl>/wi<dem><d3><m><sg>><dat>><3pl>,TP=2;FN=0;FP=0
daδ,daδ<prt>/daδ<conj>,daδ<n>/daδ<prt>,TP=1;FN=1;FP=1
wux̌,wux̌<n>,wux̌<n>,TP=1;FN=0;FP=0
xu-rd-aθ-i,xu<pro><refl>><dat>><adv>><3sg>,xu-rd-aθ<n>><3sg>/xu-rd-aθ<n>><adj>/xu-rd-aθ<n>><subst>/xu<pro><refl>><dat>><adv>><3sg>/xu<pro><refl>><dat>><adv>><adj>/xu<pro><refl>><dat>><adv>><subst>/xu<pro><refl>><dat>><int>><3sg>/xu<pro><refl>><dat>>><adv>><3sg>/xu<pro><refl>><dat>>><adv>><adj>/xu<pro><refl>><dat>>><adv>><subst>/xu<v><prs>><dat>><int>><3sg>/xu<v><pst>><dat>><int>><3sg>,TP=7;FN=0;FP=5
dod-and,dod<n>><loc>,dod<n>><loc>,TP=1;FN=0;FP=0
důnd,důnd<pro>,důnd<n>/důnd<pro>,TP=1;FN=0;FP=1
xizmatgor,xizmatgor<n>,xizmatgor<n>,TP=1;FN=0;FP=0
wev-andi,wev<dem><d3><pl><obl>><loc>><3sg>,wev<dem><d3><pl><obl>><loc>><3sg>/wev<dem><d3><pl>><loc>><3sg>/wev<dem><d3><pl>><loc>><adj>/wev<dem><d3><pl>><loc>><subst>/wev<dem><d3><pl>><loc>>><adj>/wev<dem><d3><pl>><loc>>><subst>,TP=6;FN=0;FP=0
rist-at,ris<v>><prs><3sg>><coord2>,ris<v><prs>><2sg>><2sg>/ris<v><prs>><2sg>><coord2>/ris<v>><inf>><2sg>/ris<v>><inf>><coord2>/ris<v>><prs><3sg>><2sg>/ris<v>><prs><3sg>><coord2>/ris<v>><pst>><2sg>/ris<v>><pst>><coord2>,TP=8;FN=0;FP=0
xurok,xurok<n>,xurok<n>,TP=1;FN=0;FP=0
bex̌,bex̌<n>,bex̌<n>,TP=1;FN=0;FP=0
δed,δe<v>><prs><3sg>,δe<v>><prs><3sg>/δed<v><prs>,TP=2;FN=0;FP=0
yůdard,yůd<dem><d1>><dat>,yůd<n>><dat>/yůdard<n>,TP=0;FN=1;FP=2
maɣ̌ӡůnǰgi,maɣ̌ʒůnǰ<n>><subst>,maɣ̌dzůnǰgi<n>/maɣ̌ʒůnǰgi<n>,TP=2;FN=0;FP=0
marum,mar<v>><prs><1sg>,mar<v><prs>><1sg>/mar<v>><prs><1sg>,TP=2;FN=0;FP=0
azůdand,az<dem><el>><d1>><loc>,azůdand<n>,TP=0;FN=1;FP=1
tīm,tī<v>><prs><1sg>,tīm<v><prs><1sg>,TP=1;FN=0;FP=0
dod,dod<n>,dod<n>,TP=1;FN=0;FP=0
gināgor,gināgor<n>,gināgor<n>,TP=1;FN=0;FP=0
ač-ga,ač<prt>><add1>,ač-ga<n>/ač<pro>><add>,TP=0;FN=1;FP=2
loyiqi,loyiq<n>><adj>,loyiq<adj>><3sg>,TP=0;FN=1;FP=1
vidow,vid<v>><inf>><purp>,vi<v>><inf>><purp>/vidow<v><inf>,TP=2;FN=0;FP=0
yisob,yisob<n>,yisob<n>,TP=1;FN=0;FP=0
daraw-aθ,daraw<n>><int>,daraw<n>><adv>/daraw<n>><int>,TP=2;FN=0;FP=0
ɣal,ɣal<prt>,ɣal<n>/ɣal<prt>,TP=1;FN=0;FP=1
δar-aθ,δar<n>><adv>,δar-aθ<n>/δar<adj>><adv>/δar<adj>><int>/δar<n>><adv>/δar<n>><int>,TP=3;FN=0;FP=2
dod-ard,dod<n>><dat>,dod<n>><dat>,TP=1;FN=0;FP=0
rām,rām<n>,rām<n>,TP=1;FN=0;FP=0
puc-i,puc<n>><3sg>,puc<n>><3sg>/puc<n>><adj>/puc<n>><subst>,TP=3;FN=0;FP=0
kinor,kinor<n>,kinor<n>,TP=1;FN=0;FP=0
anǰūvd,anǰūv<v>><pst>,anǰūv<v>><inf>/anǰūv<v>><pst>,TP=2;FN=0;FP=0
xizmatgoren-ard-i,xizmatgor<n>><pl>><dat>><3sg>,xizmatgor<n>><3pl>><dat>><3sg>/xizmatgor<n>><pl>><dat>><3sg>,TP=2;FN=0;FP=0
bīdi,bīdi<n>,bīdi<adj>,TP=0;FN=1;FP=1
pūx̌oken,pūx̌ok<n>><3pl>,pūx̌ok<n>><3pl>/pūx̌ok<n>><pl>,TP=2;FN=0;FP=0
vet,v<v>><prs><2pl>,v<v>><prs><2pl>/vet<v><prs><2pl>,TP=2;FN=0;FP=0
di-rd,di<dem><d2><m><sg><obl>><dat>,di<dem><d2><m><sg><obl>><dat>/di<dem><d2><m><sg>><dat>/di<v><imp>><dat>/di<v><prs><2sg>><dat>/di<v><prs>><dat>,TP=2;FN=0;FP=3
piniӡet,piniʒ<v>><prs><2pl>,pinidz<v><prs>><2pl>/piniʒ<v><prs>><2pl>/pinidz<v>><prs><2pl>/piniʒ<v>><prs><2pl>,TP=4;FN=0;FP=0
angix̌t-ard,angix̌t<post>><dat>,angix̌t<n>><dat>,TP=0;FN=1;FP=1
čillā,čillā<n>,čillā<n>,TP=1;FN=0;FP=0
weδet,weδ<v>><prs><2pl>,weδ<v><prs>><2pl>/weδ<v>><prs><2pl>,TP=2;FN=0;FP=0
mūzā,mūzā<n>,mūzā<n>,TP=1;FN=0;FP=0
pinīzd,pinīz<v>><prs><3sg>,pinīz<v>><prs><3sg>,TP=1;FN=0;FP=0
pirvor,pirvor<n>,pirvor<adj>,TP=0;FN=1;FP=1
šīg,šīg<n>,šīg<n>,TP=1;FN=0;FP=0
kaɣ̌et,kaɣ̌<v>><prs><2pl>,kaɣ̌<adj>><2pl>/kaɣ̌<v><prs>><2pl>/kaɣ̌<v>><prs><2pl>,TP=2;FN=0;FP=1
xārām,xār<v>><prs><1pl>,xār<v><imp>><1pl>/xār<v><prs>><1pl>/xār<v>><prs><1pl>,TP=3;FN=0;FP=0
xuši,xuši<n>,xuš<adj>><3sg>/xuš<n>><3sg>/xuš<n>><adj>/xuš<n>><subst>/xuši<n>,TP=4;FN=0;FP=1
mūɣ̌ǰin,mūɣ̌<n>><prf><m>><ptcp1>,mūɣ̌<v>><prf>><ptcp1>/mūɣ̌ǰ<v><prf><m>><ptcp1>,TP=0;FN=1;FP=2
bed,be<v>><pst>,be<v>><inf>/be<v>><pst>,TP=2;FN=0;FP=0
peδo,peδo<n>,peδo<adj>,TP=0;FN=1;FP=1
bād-en,bād<prt>><3pl>/bād<n>><3pl>,bād<n>><3pl>,TP=1;FN=1;FP=0
xidīr,xidīr<n>,xidīr<adj>/xidīr<n>,TP=1;FN=0;FP=1
zimcen,zimc<n>><pl>,zimc<n>><3pl>/zimc<n>><pl>,TP=2;FN=0;FP=0
soz-i,soz<n>><3sg>,soz<adj>><3sg>/soz<n>><3sg>/soz<n>><adj>/soz<n>><subst>,TP=3;FN=0;FP=1
raqosi-yi,raqosi<n>><3sg>,raqosi<n>><3sg>,TP=1;FN=0;FP=0
xizmatgor-i,xizmatgor<n>><3sg>,xizmatgor<n>><3sg>/xizmatgor<n>><adj>/xizmatgor<n>><subst>,TP=3;FN=0;FP=0
gāp,gāp<n>,gāp<n>,TP=1;FN=0;FP=0
suδǰ,suδ<v>><prf><m>,suδ<v>><prf>/suδǰ<v><prf><m>,TP=2;FN=0;FP=0
virod,virod<n>,virod<n>,TP=1;FN=0;FP=0
šīg-i,šīg<n>><3sg>,šīg<n>><3sg>/šīg<n>><adj>/šīg<n>><subst>,TP=3;FN=0;FP=0
kux̌t,kux̌<v>><pst>,kux̌<v><prs>><2sg>/kux̌<v>><inf>/kux̌<v>><prs><3sg>/kux̌<v>><pst>,TP=4;FN=0;FP=0
salůmat-aθ,salůmat<n>><int>,salům<n>><2sg>><int>/salům<n>><coord2>><int>/salůmat<adj>><adv>/salůmat<adj>><int>/salůmat<n>><adv>/salůmat<n>><int>,TP=4;FN=0;FP=2
virod-and,virod<n>><loc>,virod<n>><loc>,TP=1;FN=0;FP=0
dedow,de<v>><inf>><purp>,de<v>><inf>><purp>,TP=1;FN=0;FP=0
forti,for<v>><pst>><3sg>,for<v><prs>><2sg>><3sg>/for<v><prs>><sup>/for<v>><inf>><3sg>/for<v>><prs><3sg>><3sg>/for<v>><pst>><3sg>,TP=5;FN=0;FP=0
nax̌tūyd,nax̌tūy<v><m>><pst>/nax̌tūy<v>><pst>,nax̌tūy<v>><inf>/nax̌tūy<v>><pst>/nax̌tūyd<v><pst><m>,TP=6;FN=0;FP=0
yůlloyi,yůllo<n>><3sg>,yůllo<n>><3sg>,TP=1;FN=0;FP=0
čis,čis<v>,čis<v><prs>,TP=1;FN=0;FP=0
soloyi,sol<taj>><pl>><ez>,solo<n><pl>><3sg>,TP=0;FN=1;FP=1
sol-and,sol<taj>><loc>,sol<n>><loc>,TP=0;FN=1;FP=1
ɣulům,ɣulům<n>,ɣulům<n>,TP=1;FN=0;FP=0
mênat,mênat<n>,mênat<n>,TP=1;FN=0;FP=0
gāp-um,gāp<n>><1sg>,gāp<n>><1sg>,TP=1;FN=0;FP=0
nax̌tūyǰ,nax̌tūy<v>><prf><m>,nax̌tūy<v>><prf>,TP=1;FN=0;FP=0
guǰbuc-aθ,guǰ<n>><child>><int>,guǰbuc<n>><adv>/guǰbuc<n>><int>,TP=2;FN=0;FP=0
ol-i,ol<n>><3sg>,ol<n>><3sg>/ol<n>><adj>/ol<n>><subst>,TP=3;FN=0;FP=0
ǰalaben-ard,ǰalab<n>><pl>><dat>,ǰalab<n>><3pl>><dat>/ǰalab<n>><pl>><dat>,TP=2;FN=0;FP=0
binêst-i,binês<v>><pst>><3sg>,binês<v><prs>><2sg>><3sg>/binês<v>><inf>><3sg>/binês<v>><prs><3sg>><3sg>/binês<v>><pst>><3sg>,TP=4;FN=0;FP=0
pirvor-i,pirvor<n>><adj>,pirvor<adj>><3sg>,TP=0;FN=1;FP=1
pucik,puc<n>><dim>,puc<n>><dim>,TP=1;FN=0;FP=0
tu-nd,tu<pers><2sg>><loc>,tu-nd<pro>/tu<pers><2sg><obl>><loc>/tu<pers><2sg>><loc>,TP=2;FN=0;FP=1
xursandi,xursandi<n>,xursand<adj>><3sg>/xursand<n>><3sg>/xursand<n>><adj>/xursand<n>><subst>/xursandi<n>,TP=4;FN=0;FP=1
nax̌toyd,nax̌toy<v><f_pl>><pst>,nax̌toyd<v><pst><f>/nax̌toyd<v><pst><f_pl>,TP=2;FN=0;FP=0
rūm,rūm<nprop><rome>,rūm<adj>,TP=0;FN=1;FP=1
qaysar,qaysar<n>,qaysar<adj>,TP=0;FN=1;FP=1
rimod-i,rimo<v>><pst>><3sg>,rimo<v>><inf>><3sg>/rimo<v>><pst>><3sg>,TP=2;FN=0;FP=0
tamůmi,tamům<n>><adj>/tamům<n>><ez>,tamům<n>><3sg>/tamům<n>><adj>/tamům<n>><subst>/tamům<pro>><3sg>/tamům<pro>><adj>/tamům<pro>><subst>/tamům<pro>>><adj>/tamům<pro>>><subst>,TP=6;FN=0;FP=5
okim,okim<n>,okim<adj>/okim<n>,TP=1;FN=0;FP=1
fukaθ-en,fukaθ<pro>><3pl>/fukaθ<n>><3pl>,fuk<pro>><adv>><3pl>/fuk<pro>><int>><3pl>/fuk<pro>>><adv>><3pl>/fuka<pro>><adv>><3pl>/fuka<pro>>><adv>><3pl>/fukaθ<pro>><3pl>,TP=6;FN=1;FP=0
toyd,toy<v><f_pl>><pst>,toyd<v><pst><f>/toyd<v><pst><f_pl>,TP=2;FN=0;FP=0
aven,aven<post><cause>,aven<post>/aven<prep>,TP=1;FN=0;FP=1
xisminenӡ,xisminenӡ<n>,xisminendz<n>/xisminenʒ<n>,TP=2;FN=0;FP=0
yā,yā<dem><d3><f><sg>/yā<dem><ds><f><sg>,yā<dem><d3><f><sg>/yā<n>/yā<prt>,TP=2;FN=0;FP=2
duǰůn,duǰůn<n>,duǰůn<adj>,TP=0;FN=1;FP=1
mêst,mêst<n>,mêst<n>,TP=1;FN=0;FP=0
wam-and,wam<dem><d3><f><sg><obl>><loc>,wam<dem><d3><f><sg><obl>><loc>/wam<dem><d3><f><sg>><loc>,TP=2;FN=0;FP=0
wix̌tak-i,wix̌tak<n>><3sg>,wix̌tak<n>><3sg>/wix̌tak<n>><adj>/wix̌tak<n>><subst>,TP=3;FN=0;FP=0
winīr,winīr<n>,winīr<n>,TP=1;FN=0;FP=0
ɣiǰīd,ɣiǰīd<n>,ɣiǰīd<n>,TP=1;FN=0;FP=0
qūšxůnā,qūšxůnā<n>,qūšxůnā<n>,TP=1;FN=0;FP=0
ǰoy,ǰoy<n>,ǰoy<n>,TP=1;FN=0;FP=0
qarībi-ra-yen,qarībi<n>><dat>><3pl>,qarīb<adj>><3sg>><dat>><3pl>/qarīb<n>><3sg>><dat>><3pl>/qarīb<n>><adj>><dat>><3pl>/qarīb<n>><subst>><dat>><3pl>/qarībi<n>><dat>><3pl>,TP=4;FN=0;FP=1
čūpůnen,čūpůn<n>><pl>,čūpůn<n>><3pl>/čūpůn<n>><pl>,TP=2;FN=0;FP=0
biyābůn-ard,biyābůn<n>><dat>,biyābůn<adj>><dat>/biyābůn<n>><dat>,TP=1;FN=0;FP=1
x̌ābaǰev-en,x̌āba<n>><time>><3pl>,x̌āb<n>><time>><3pl>/x̌ābaǰev<n>><3pl>,TP=2;FN=0;FP=0
čarogo-ra,čarogo<n>><dat>,čarogo<n>><dat>,TP=1;FN=0;FP=0
x̌ibůni,x̌ibůni<n>,x̌ibůni<n>,TP=1;FN=0;FP=0
cem,cem<n>,cem<n>,TP=1;FN=0;FP=0
rux,rux<n>,rux<adj>/rux<n>,TP=1;FN=0;FP=1
osepi,osepi<n>,osep<n>><3sg>/osep<n>><adj>/osep<n>><subst>/osepi<n>,TP=4;FN=0;FP=0
x̌oǰ,x̌oǰ<n>,x̌oǰ<n>,TP=1;FN=0;FP=0
δêret,δêr<v>><prs><2pl>,δêr<v><prs>><2pl>/δêr<v>><prs><2pl>,TP=2;FN=0;FP=0
buzurg,buzurg<n>,buzurg<adj>,TP=0;FN=1;FP=1
xabar,xabar<n>,xabar<adj>/xabar<n>,TP=1;FN=0;FP=1
vārum,vār<v>><prs><1sg>,vār<n>><1sg>/vār<v><imp>><1sg>/vār<v><prs>><1sg>/vār<v>><prs><1sg>,TP=3;FN=0;FP=1
xalq-ard,xalq<n>><dat>,xalq<n>><dat>,TP=1;FN=0;FP=0
nur,nur<n>,nur<n>,TP=1;FN=0;FP=0
x̌ār-and,x̌ār<n>><loc>,x̌ār<adj>><loc>/x̌ār<n>><loc>,TP=1;FN=0;FP=1
nān,nān<n>,nān<n>,TP=1;FN=0;FP=0
yima,yima<dem><d1><loc>,yima<n>/yima<prt>,TP=0;FN=1;FP=2
nix̌ůnā,nix̌ůnā<n>,nix̌ůn<n>><hb>/nix̌ůnā<n>,TP=2;FN=0;FP=0
tama-ta,tama<pers><2pl>><irr>,tama<pers><2pl><obl>><fut>/tama<pers><2pl>><fut>,TP=2;FN=0;FP=0
wix̌tak,wix̌tak<n>,wix̌tak<n>,TP=1;FN=0;FP=0
čūɣ̌ǰin,čūɣ̌<v>><prf>><ptcp1>,čūɣ̌<adj>>ҷин<n>/čūɣ̌<v>><prf>><ptcp1>,TP=1;FN=0;FP=1
kūdak,kūdak<n>,kūdak<adj>/kūdak<n>,TP=1;FN=0;FP=1
viriyet,viri<v>><prs><2pl>,viri<v><prs>><2pl>/viri<v>><prs><2pl>,TP=2;FN=0;FP=0
pāli-ndi,pāli<n>><loc>,pāli<n>><loc>><3sg>,TP=1;FN=0;FP=0
lix̌kar,lix̌kar<n>,lix̌kar<n>,TP=1;FN=0;FP=0
sitowax̌,sitowax̌<n>,sitowax̌<n>,TP=1;FN=0;FP=0
xuδoy-ard,xuδoy<n><god>><dat>,xuδoy<n>><dat>,TP=1;FN=0;FP=0
sar,sar<n>,sar<n>/sar<prep>,TP=1;FN=0;FP=1
tīr,tīr<post><sup>,tīr<adj>/tīr<n>/tīr<post>,TP=1;FN=0;FP=2
osoyax̌,osoyax̌<n>,osoyax̌<n>,TP=1;FN=0;FP=0
zamīn,zamīn<n>,zamīn<n>,TP=1;FN=0;FP=0
ti,ti<post><sup>,ti<v><imp>/ti<v><prs>,TP=0;FN=1;FP=2
mardum-ard,mardum<n>><dat>,mard<adj>><1sg>><dat>/mard<n>><1sg>><dat>/mardum<n>><dat>,TP=2;FN=0;FP=1
wev-i,wev<dem><d3><pl><obl>><3sg>,wev<dem><d3><pl><obl>><3sg>/wev<dem><d3><pl><obl>><adj>/wev<dem><d3><pl><obl>><subst>/wev<dem><d3><pl><obl>>><adj>/wev<dem><d3><pl><obl>>><subst>,TP=5;FN=0;FP=0
žīwǰ,žīwǰ<v>,žīw<v>><prf>/žīwǰ<v><prs>,TP=2;FN=0;FP=0
čūɣ̌ǰ,čūɣ̌<v>><prf>,čūɣ̌<v>><prf>,TP=1;FN=0;FP=0
sifād,sifā<v><f_pl>><pst>,sifād<v><pst><f_pl>,TP=1;FN=0;FP=0
čūpůnen-en,čūpůn<n>><pl>><3pl>,čūpůn<n>><3pl>><3pl>/čūpůn<n>><pl>><3pl>,TP=2;FN=0;FP=0
yak,yak<num>,yak<num>,TP=1;FN=0;FP=0
digar,digar<pro>,digar<adj>/digar<n>,TP=0;FN=1;FP=2
gāx̌t,gāx̌<v>><pst>,gāx̌<v><prs>><2sg>/gāx̌<v>><inf>/gāx̌<v>><prs><3sg>/gāx̌<v>><pst>,TP=4;FN=0;FP=0
tiyet,ti<v>><prs><2pl>,ti<v><imp>><2pl>/ti<v><prs>><2pl>/ti<v>><prs><2pl>/tiy<v><imp>><2pl>,TP=4;FN=0;FP=0
sāwām,sāw<v>><prs><1pl>,sāw<n>><1pl>/sāw<v><imp>><1pl>/sāw<v><prs>><1pl>/sāw<v>><prs><1pl>,TP=3;FN=0;FP=1
čisām,čis<v>><prs><1pl>,čis<v><prs>><1pl>/čis<v>><prs><1pl>,TP=2;FN=0;FP=0
taram,tar<dem><eq>><d3>,tar<v><prs><f>><1pl>/tar<v><prs>><1pl>/tar<v>><prs><1pl>/taram<n>,TP=0;FN=1;FP=4
čīz-i,čīz<n>><3sg>,čīz<n>><3sg>/čīz<n>><adj>/čīz<n>><subst>/čīz<pro>><3sg>/čīz<pro>><adj>/čīz<pro>><subst>/čīz<pro>>><adj>/čīz<pro>>><subst>,TP=3;FN=0;FP=5
firêpč,firêp<v>><prf>,firêp<v>><prf>,TP=1;FN=0;FP=0
ǰāld-aθ,ǰāld<n>><adv>,ǰāld-aθ<n>/ǰāld<adj>><adv>/ǰāld<adj>><int>,TP=1;FN=0;FP=2
virūd,virū<v>><pst>,virū<v>><inf>/virū<v>><pst>,TP=2;FN=0;FP=0
x̌ovǰin,x̌ov<v>><prf><m>><ptcp1>,x̌ov<v>><prf>><ptcp1>/x̌ovǰ<v><prf><m>><ptcp1>/x̌ovǰin<adj>,TP=2;FN=0;FP=1
takror-en,takror<n>><3pl>,takror<n>><3pl>/takror<n>><pl>,TP=2;FN=0;FP=0
gāp-i,gāp<n>><3sg>,gāp<n>><3sg>/gāp<n>><adj>/gāp<n>><subst>,TP=3;FN=0;FP=0
ayrůni,ayrůn<n>><subst>,ayrůni<n>,TP=1;FN=0;FP=0
zor,zor<n>,zor<adj>/zor<n>,TP=1;FN=0;FP=1
ba,ba<prep><all>,ba<prep>/ba<prt>,TP=1;FN=0;FP=1
dil,dil<n>,dil<n>,TP=1;FN=0;FP=0
anǰūvd,anǰūv<v>><pst>,anǰūv<v>><inf>/anǰūv<v>><pst>,TP=2;FN=0;FP=0
fikri-yi,fikri<n>><3sg>,fikr<n>><3sg>><3sg>/fikr<n>><adj>><3sg>/fikr<n>><subst>><3sg>/fikri<adj>><3sg>/fikri<n>><3sg>,TP=4;FN=0;FP=1
xuδoy-en,xuδoy<n><god>><3pl>,xuδoy<n>><3pl>/xuδoy<n>><pl>,TP=2;FN=0;FP=0
ǰinow,ǰinow<n>/ǰinow<post>,ǰinow<adj>/ǰinow<post>,TP=1;FN=1;FP=1
koren,kor<n>><pl>,kor<n>><3pl>/kor<n>><pl>,TP=2;FN=0;FP=0
gāpen,gāp<n>><pl>,gāp<n>><3pl>/gāp<n>><pl>,TP=2;FN=0;FP=0
ɣiδā,ɣiδā<n>,ɣiδā<n>,TP=1;FN=0;FP=0
nůmen,nům<n>><3pl>,nům<n>><3pl>/nům<n>><pl>,TP=2;FN=0;FP=0
piro,piro<n>,piro<adj>/piro<n>/piro<post>,TP=1;FN=0;FP=2
qīč-and,qīč<n>><loc>,qīč<n>><loc>,TP=1;FN=0;FP=0
sidaθ-i,si<n>><inf>><adv>><3sg>,si<v>><inf>><int>><3sg>/si<v>><pst>><int>><3sg>/sid<v><prs>><int>><3sg>,TP=0;FN=1;FP=3
firīpt,firīp<v>><pst>,firīp<v><prs>><2sg>/firīp<v>><inf>/firīp<v>><prs><3sg>/firīp<v>><pst>,TP=4;FN=0;FP=0
xudowand-ard,xudowand<n><god>><dat>,xu<v>><inf>><purp>><loc>><dat>/xudowand<n>><dat>,TP=1;FN=0;FP=1
vūd,vū<v>><pst>,vū<v>><inf>/vū<v>><pst>,TP=2;FN=0;FP=0
qonūn-and,qonūn<n>><loc>,qonūn<n>><loc>,TP=1;FN=0;FP=0
ǰāt,ǰāt<post><cause>,ǰāt<n>/ǰāt<prep>,TP=0;FN=1;FP=2
qurbůni,qurbůni<n>,qurbůn<n>><3sg>/qurbůn<n>><adj>/qurbůn<n>><subst>/qurbůni<n>,TP=4;FN=0;FP=0
foxtā,foxtā<n>,foxtā<n>,TP=1;FN=0;FP=0
δiyůn,δiyůn<num>,δiyůn<n>,TP=0;FN=1;FP=1
rāng,rāng<pro>/rāng<n>,rāng<n>,TP=1;FN=1;FP=0
rimoδǰi,rimoδ<v>><prf>><3sg>,rimoδ<v>><prf>><3sg>,TP=1;FN=0;FP=0
ven,v<v>><prs><3pl>,v<v>><prs><3pl>/ven<v><prs><3pl>,TP=2;FN=0;FP=0
waxten-and,waxt<n>><pl>><loc>,waxt<n>><3pl>><loc>/waxt<n>><pl>><loc>,TP=2;FN=0;FP=0
porso,porso<n>,porso<adj>,TP=0;FN=1;FP=1
rūyi,rū<n>><ez>,rū<n>><3sg>/rūy<n>><3sg>/rūy<n>><adj>/rūy<n>><subst>,TP=4;FN=0;FP=0
firīpčin,firīp<v>><prf>><ptcp1>,firīp<v>><prf>><ptcp1>,TP=1;FN=0;FP=0
mālum,mālum<n>,māl<n>><1sg>/mālum<adj>,TP=1;FN=0;FP=1
tůnec-i,tůnec<prep>><3sg>,tůn<n>><lim2>><3sg>/tůnec<n>><3sg>/tůnec<n>><adj>/tůnec<n>><subst>,TP=0;FN=1;FP=4
mīrt,mīr<v>><prs><3sg>,mīr<adj>><2sg>/mīr<n>><2sg>/mīr<v>><prs><3sg>,TP=1;FN=0;FP=2
to-yen,to<conj><lim1>><3pl>,to<n>><3pl>/to<n>><pl>,TP=0;FN=1;FP=2
zox̌t-i,zox̌<v>><pst>><3sg>,zox̌<v><prs>><2sg>><3sg>/zox̌<v>><inf>><3sg>/zox̌<v>><pst>><3sg>,TP=3;FN=0;FP=0
mi,mi<prep><cont2>/mi<dem><d1><m><sg><obl>,mi<dem><d1><m><sg><obl>,TP=1;FN=1;FP=0
δust,δust<n>,δust<adj>/δust<n>,TP=1;FN=0;FP=1
xuδoy-ard-i,xuδoy<n><god>><dat>><3sg>,xuδoy<n>><dat>><3sg>,TP=1;FN=0;FP=0
šukrat,šukrat<n>,šukrat<n>,TP=1;FN=0;FP=0
šič-ta,šič<prt>><irr>,šič<adj>><fut>/šič<n>><fut>,TP=0;FN=1;FP=2
bandā,bandā<n>,band<n>><hb>/bandā<adj>/bandā<n>,TP=2;FN=0;FP=1
osoyax̌-aθ,osoyax̌<n>><adv>,osoyax̌<n>><adv>/osoyax̌<n>><int>,TP=2;FN=0;FP=0
lāk-i,lāk<v>><prs><2sg>,lāk<n>><3sg>/lāk<n>><adj>/lāk<n>><subst>/lāk<v><prs>><3sg>,TP=1;FN=0;FP=3
parwardigor,parwardigor<n>,parwardigor<n>,TP=1;FN=0;FP=0
wādā,wādā<n>,wādā<n>,TP=1;FN=0;FP=0
yiǰro,yiǰro<n>,yiǰro<n>,TP=1;FN=0;FP=0
cemaθ-um,cem<n>><adv>><1sg>,cem<n>><adv>><1sg>/cem<n>><int>><1sg>,TP=2;FN=0;FP=0
mardumen-ard,mardum<n>><pl>><dat>,mard<adj>><1sg>><3pl>><dat>/mard<n>><1sg>><3pl>><dat>/mardum<n>><3pl>><dat>/mardum<n>><pl>><dat>,TP=3;FN=0;FP=1
lůvǰ,lův<v>><prf>,lův<v>><prf>,TP=1;FN=0;FP=0
nūr-um,nūr<n>><1sg>,nūr<n>><1sg>,TP=1;FN=0;FP=0
bexuδoyen,be<n>><god>><pl>,<without><adj>>xuδoy<n>><3pl>,TP=1;FN=0;FP=0
xalq,xalq<n>,xalq<n>,TP=1;FN=0;FP=0
nān-en,nān<n>><3pl>,nān<n>><3pl>/nān<n>><pl>,TP=2;FN=0;FP=0
ayrat,ayrat<n>,ay<n>><dat>><2sg>/ayrat<n>,TP=2;FN=0;FP=0
niɣux̌t,niɣux̌<v>><pst>,niɣux̌<v><prs>><2sg>/niɣux̌<v>><inf>/niɣux̌<v>><prs><3sg>/niɣux̌<v>><pst>,TP=4;FN=0;FP=0
nān-ard,nān<n>><dat>,nān<n>><dat>,TP=1;FN=0;FP=0
yed-and,yed<dem><d2><sg>><loc>,yed<n>><loc>,TP=0;FN=1;FP=1
x̌ovǰ,x̌ov<v>><prf><m>,x̌ov<v>><prf>/x̌ovǰ<v><prf><m>,TP=2;FN=0;FP=0
di-ta,di<dem><d2><m><sg><obl>><irr>,di<dem><d2><m><sg><obl>><fut>/di<v><imp>><fut>/di<v><prs><2sg>><fut>/di<v><prs>><fut>,TP=1;FN=0;FP=3
odamen,odam<n>><pl>,odam<n>><3pl>/odam<n>><pl>,TP=2;FN=0;FP=0
wox̌en,wox̌<v>><prs><3pl>,wox̌<n>><3pl>/wox̌<n>><pl>/wox̌<v><prs>><3pl>/wox̌<v>><prs><3pl>,TP=2;FN=0;FP=2
lap-ta,lap<prt>><irr>,lap<adj>><fut>/lap<n>><fut>,TP=0;FN=1;FP=2
andiӡen,andiӡ<v>><prs><3pl>,andidz<v><prs>><3pl>/andiʒ<v><prs>><3pl>/andidz<v>><prs><3pl>/andiʒ<v>><prs><3pl>,TP=4;FN=0;FP=0
ǰůn-ta,ǰůn<n>><irr>,ǰůn<n>><fut>,TP=1;FN=0;FP=0
šamšer,šamšer<n>,šamšer<n>,TP=1;FN=0;FP=0
yid-ta,yid<dem><d2><sg>><irr>,yid<dem><d2><sg>><fut>,TP=1;FN=0;FP=0
ziddi,zidd<n>><ez>,zid<v>><inf>><3sg>/zid<v>><pst>><3sg>,TP=0;FN=1;FP=2
darūnaki,darūn<n>><dim>><adj>,darūn<adj>><dim>><3sg>/darūn<n>><dim>><3sg>/darūn<n>><dim>><adj>/darūn<n>><dim>><subst>,TP=3;FN=0;FP=1
fikriyen,fikri<n>><pl>,fikr<n>><3sg>><3pl>/fikr<n>><adj>><3pl>/fikr<n>><subst>><3pl>/fikri<adj>><3pl>/fikri<n>><3pl>/fikri<n>><pl>,TP=5;FN=0;FP=1
ox̌kor,ox̌kor<n>,ox̌kor<adj>,TP=0;FN=1;FP=1
yam-and,yam<dem><d1><sg>><loc>,yam<dem><d1><sg>><loc>/yam<n>><loc>,TP=1;FN=0;FP=1
rizīn,rizīn<n>,rizīn<n>,TP=1;FN=0;FP=0
pīr,pīr<n>,pīr<adj>/pīr<n>,TP=1;FN=0;FP=1
čor-čīd,čor<n>><do>><inf>,čor-čīd<n>,TP=1;FN=0;FP=0
wūvd,wūvd<num>,wūvd<num>,TP=1;FN=0;FP=0
sol-i,sol<n>><3sg>,sol<n>><3sg>/sol<n>><adj>/sol<n>><subst>,TP=3;FN=0;FP=0
čor,čor<n>/čor<num>,čor<n>/čor<num>,TP=2;FN=0;FP=0
bewā-θ,bewā<n>><adv>,bewā<n>><adv>,TP=1;FN=0;FP=0
reδǰ,reδ<v>><prf>,reδ<v>><prf>,TP=1;FN=0;FP=0
sol,sol<n>,sol<n>,TP=1;FN=0;FP=0
sic,si<v>><prf><f_pl>,sic<v><prf><f>/sic<v><prf><pl>,TP=2;FN=0;FP=0
ačaθ,ačaθ<prt>/ačaθ<n>,ač<pro>><adv>/ač<pro>><int>/ač<pro>>><adv>/ača<pro>><adv>/ača<pro>>><adv>/ačaθ<n>/ačaθ<pro>,TP=1;FN=1;FP=6
nax̌tīc,nax̌tī<v>><prf><f_pl>,nax̌tīc<v><prf><f>,TP=1;FN=0;FP=0
meθ-i,meθ<n>><3sg>,me<pro>><adv>><3sg>/me<pro>><adv>><adj>/me<pro>><adv>><subst>/me<pro>>><adv>><3sg>/me<pro>>><adv>><adj>/me<pro>>><adv>><subst>/meθ<n>><3sg>/meθ<n>><adj>/meθ<n>><subst>,TP=3;FN=0;FP=6
yůllo,yůllo<n>,yůllo<n>,TP=1;FN=0;FP=0
parezi,parez<n>><3sg>,parez<n>><3sg>/parez<n>><adj>/parez<n>><subst>,TP=3;FN=0;FP=0
xuδoy-i,xuδoy<n><god>><3sg>,xuδoy<n>><3sg>/xuδoy<n>><adj>/xuδoy<n>><subst>,TP=3;FN=0;FP=0
ozodi,ozodi<n>,ozod<adj>><3sg>/ozod<n>><3sg>/ozod<n>><adj>/ozod<n>><subst>/ozodi<n>,TP=4;FN=0;FP=1
muntazir,muntazir<n>,muntazir<adj>,TP=0;FN=1;FP=1
čīzaθ-en,čīz<pro>><adv>><3pl>/čīz<pro>><int>><3pl>,čīz<n>><adv>><3pl>/čīz<n>><int>><3pl>/čīz<pro>><adv>><3pl>/čīz<pro>><int>><3pl>/čīz<pro>>><adv>><3pl>,TP=6;FN=0;FP=2
gāx̌t-en,gāx̌t<n>><3pl>,gāx̌<v><prs>><2sg>><3pl>/gāx̌<v>><inf>><3pl>/gāx̌<v>><pst>><3pl>,TP=0;FN=1;FP=3
qād-i,qād<n>><3sg>,qād<n>><3sg>/qād<n>><adj>/qād<n>><subst>,TP=3;FN=0;FP=0
bačamard,bačamard<n>,bačamard<n>,TP=1;FN=0;FP=0
aqlidor,aqlidor<n>,aqli<n>><hb>/aqlidor<adj>,TP=1;FN=0;FP=1
fayz,fayz<n>,fayz<n>,TP=1;FN=0;FP=0
barakat,barakat<n>,bar<n>><dim>><2sg>/bar<n>><dim>><coord2>/barakat<n>,TP=3;FN=0;FP=0
sol-en,sol<n>><3pl>,sol<n>><3pl>/sol<n>><pl>,TP=2;FN=0;FP=0
ayům,ayům<n>,ayům<n>,TP=1;FN=0;FP=0
ayům-en,ayům<n>><3pl>,ayům<n>><3pl>/ayům<n>><pl>,TP=2;FN=0;FP=0
red,re<v>><pst>,re<v>><inf>/re<v>><pst>,TP=2;FN=0;FP=0
wizent,wizen<v>><pst>,wiz<v><prs>><3pl>><2sg>/wiz<v>><prs><3pl>><2sg>/wizen<v><prs>><2sg>/wizen<v>><inf>/wizen<v>><prs><3sg>/wizen<v>><pst>,TP=6;FN=0;FP=0
xayol-en,xayol<n>><3pl>,xayol<n>><3pl>/xayol<n>><pl>,TP=2;FN=0;FP=0
darūn,darūn<n>/darūn<post>,darūn<adj>/darūn<n>/darūn<post>/darūn<prep>,TP=2;FN=0;FP=2
tay,tay<n>,tay<intj>,TP=0;FN=1;FP=1
tām-en,tām<conj>><3pl>,tām<n>><3pl>/tām<n>><pl>,TP=0;FN=1;FP=2
baladen,balad<n>><3pl>,bal<n>><coord2>><3pl>/balad<adj>><3pl>,TP=1;FN=0;FP=1
x̌ikīd,x̌ikī<n>><inf>,x̌ikī<v>><inf>/x̌ikī<v>><pst>,TP=0;FN=1;FP=2
cůnden,cůnd<pro>><3pl>,cůnd<pro>><3pl>,TP=1;FN=0;FP=0
x̌ikūd,x̌ikū<v>><pst>,x̌ikū<v>><inf>/x̌ikū<v>><pst>,TP=2;FN=0;FP=0
wi-yen,wi<dem><d3><m><sg><obl>><3pl>,wi<dem><d3><m><sg><obl>><3pl>,TP=1;FN=0;FP=0
gax̌t-en,gax̌t<n>><pl>,gax̌t<n>><3pl>/gax̌t<n>><pl>,TP=2;FN=0;FP=0
yamard-en,yam<dem><d1><sg>><dat>><3pl>,yam<dem><d1><sg>><dat>><3pl>/yam<n>><dat>><3pl>/yama<n>><dat>><3pl>/yamard<n>><3pl>,TP=1;FN=0;FP=3
azoben,azob<n>><3pl>,azob<n>><3pl>/azob<n>><pl>,TP=2;FN=0;FP=0
ara,ara<num>,ara<num>,TP=1;FN=0;FP=0
oxůnen,oxůn<n>><pl>,oxůn<n>><3pl>/oxůn<n>><pl>,TP=2;FN=0;FP=0
nūsč,nūs<v>><prf><m>,nūs<v>><prf>/nūsč<v><prf><m>,TP=2;FN=0;FP=0
niɣůɣ̌d,niɣůɣ̌<v>><prs><3sg>,niɣůɣ̌<v>><inf>/niɣůɣ̌<v>><prs><3sg>/niɣůɣ̌<v>><pst>,TP=3;FN=0;FP=0
wev-at,wev<dem><d3><pl><obl>><coord2>,wev<dem><d3><pl><obl>><2sg>/wev<dem><d3><pl><obl>><coord2>,TP=2;FN=0;FP=0
ǰiwoben,ǰiwob<n>><pl>,ǰiwob<n>><3pl>/ǰiwob<n>><pl>,TP=2;FN=0;FP=0
čīz-ard,čīz<pro>><dat>/čīzard<pro>,čīz<n>><dat>/čīz<pro>><dat>,TP=2;FN=0;FP=1
wuz-ām,wuz<pers><1sg>><1pl>,wuz<n>><1pl>/wuz<pers><1sg>><1pl>/wuz<v><prs>><1pl>,TP=1;FN=0;FP=2
virêdow-ard,virêd<n>><inf>><purp>><dat>,virê<v>><inf>><purp>><dat>,TP=0;FN=1;FP=1
ǰiwob-i,ǰiwob<n>><3sg>,ǰiwob<n>><3sg>/ǰiwob<n>><adj>/ǰiwob<n>><subst>,TP=3;FN=0;FP=0
nā,nā<prt><neg><q>,nā<prt>,TP=1;FN=0;FP=0
vīm,vī<v>><prs><1sg>,vīm<v><prs><1sg>,TP=1;FN=0;FP=0
fāmt,fām<v>><pst>/fām<v>><-pst>,fām<v><prs>><2sg>/fām<v>><inf>/fām<v>><prs><3sg>/fām<v>><pst>,TP=8;FN=0;FP=0
yoδ,yoδ<n>,yoδ<n>/yoδ<v><prs>,TP=1;FN=0;FP=1
ɣullā,ɣullā<n>,ɣullā<adj>/ɣullā<n>,TP=1;FN=0;FP=1
farosat,farosat<n>,farosat<n>,TP=1;FN=0;FP=0
žīwǰgi,žīwǰ<n>><subst>,žīwǰgi<n>,TP=1;FN=0;FP=0
tarafi,taraf<n>><ez>,taraf<n>><3sg>/taraf<n>><adj>/taraf<n>><subst>,TP=3;FN=0;FP=0
purrā,purrā<n>,pur<adj>>рā<n>/purrā<adj>/purrā<n>,TP=1;FN=0;FP=2
garginūx̌ā,garginūx̌ā<post>,garginūx̌ā<post>,TP=1;FN=0;FP=0
ʒuv,ʒuv<n>,dzuv<adj>/ʒuv<adj>,TP=0;FN=1;FP=2
kalům,kalům<n>,kalům<n>,TP=1;FN=0;FP=0
ɣêv-and,ɣêv<n>><loc>,ɣêv<n>><loc>,TP=1;FN=0;FP=0
x̌īnt,x̌īn<v>><prs><3sg>,x̌īn<adj>><2sg>/x̌īn<v>><prs><3sg>,TP=1;FN=0;FP=1
kax̌tīn-i,kax̌tīn<n>><3sg>,kax̌tīn<n>><3sg>/kax̌tīn<n>><adj>/kax̌tīn<n>><subst>,TP=3;FN=0;FP=0
kax̌tīnen-and,kax̌tīn<n>><pl>><loc>,kax̌tīn<n>><3pl>><loc>/kax̌tīn<n>><pl>><loc>,TP=2;FN=0;FP=0
tūren-en,tūr<n>><pl>><3pl>,tūr<n>><3pl>><3pl>/tūr<n>><pl>><3pl>,TP=2;FN=0;FP=0
zinod,zino<v>><pst>,zino<v>><inf>/zino<v>><pst>,TP=2;FN=0;FP=0
kax̌tīn,kax̌tīn<n>,kax̌tīn<n>,TP=1;FN=0;FP=0
xoyix̌-i,xoyix̌<n>><3sg>,xoyix̌<n>><3sg>/xoyix̌<n>><adj>/xoyix̌<n>><subst>,TP=3;FN=0;FP=0
důndikaθ,důnd<pro>><dim>><adv>,důnd<n>><dim>><adv>/důnd<n>><dim>><int>/důnd<pro>><dim>><adv>/důnd<pro>><dim>><int>/důnd<pro>>><dim>><adv>/důnd<pro>>><dim>><int>/důndik<adj>><adv>/důndik<adj>><int>,TP=4;FN=0;FP=4
zīmbā,zīmbā<n>,zīmb<n>><hb>/zīmbā<n>,TP=2;FN=0;FP=0
δardi,δar<n>><comp>,δa<v><imp>><dat>><3sg>,TP=0;FN=1;FP=1
xubaθ,xubaθ<pro>/xubaθ<pro><self>,xub<n>><adv>/xub<n>><int>/xubaθ<n>/xubaθ<pro><self>,TP=2;FN=0;FP=3
nūst,nūs<v><m>><pst>,nūs<v><prs>><2sg>/nūs<v>><inf>/nūs<v>><prs><3sg>/nūs<v>><pst>,TP=4;FN=0;FP=0
odamen-ard-i,odam<n>><pl>><dat>><3sg>,odam<n>><3pl>><dat>><3sg>/odam<n>><pl>><dat>><3sg>,TP=2;FN=0;FP=0
tālīm,tālīm<n>,tālīm<n>,TP=1;FN=0;FP=0
δêd,δê<v>><inf>,δê<v>><inf>/δê<v>><pst>/δêd<n>,TP=2;FN=0;FP=1
dawům,dawům<n>,dawům<n>,TP=1;FN=0;FP=0
awʒi,awʒi<n>,awdz<adj>><3sg>/awʒ<adj>><3sg>/awdz<n>><3sg>/awʒ<n>><3sg>/awdz<n>><adj>/awʒ<n>><adj>/awdz<n>><subst>/awʒ<n>><subst>/awdzi<n>/awʒi<n>,TP=8;FN=0;FP=2
anǰīvdow-ard,anǰīv<v>><inf>><purp>><dat>,anǰīv<v>><inf>><purp>><dat>,TP=1;FN=0;FP=0
tūr,tūr<n>,tūr<n>,TP=1;FN=0;FP=0
pitet,pit<v>><prs><2pl>,pi<v><prs>><2sg>><2pl>/pitet<v><prs><2pl>,TP=2;FN=0;FP=0
māš-ām,māš<pers><1pl>><1pl>,māš<pers><1pl><obl>><1pl>/māš<pers><1pl>><1pl>,TP=2;FN=0;FP=0
čīzaθ-ām,čīz<n>><int>><1pl>,čīz<n>><adv>><1pl>/čīz<n>><int>><1pl>/čīz<pro>><adv>><1pl>/čīz<pro>><int>><1pl>/čīz<pro>>><adv>><1pl>,TP=2;FN=0;FP=3
gārδenum,gārδen<v>><prs><1sg>,gārδ<v><prs>><3pl>><1sg>/gārδ<v>><prs><3pl>><1sg>,TP=2;FN=0;FP=0
pitêwum,pitêw<v>><prs><1sg>,pitêw<v><imp>><1sg>/pitêw<v><prs>><1sg>/pitêw<v>><prs><1sg>,TP=3;FN=0;FP=0
pitêwd,pitêw<v>><pst>,pitêw<v>><inf>/pitêw<v>><prs><3sg>/pitêw<v>><pst>,TP=3;FN=0;FP=0
moyi-yen,moyi<n>><3pl>,mo<n>><3sg>><3pl>/mo<pro>><3sg>><3pl>/moyi<n>><3pl>/moyi<n>><pl>,TP=3;FN=0;FP=1
pirost,piros<v><f_pl>><pst>,pirost<v><pst><f_pl>,TP=1;FN=0;FP=0
δust-weδd,δust<v>><lay_out>><inf>,δust<adj>>wеδд<n>,TP=0;FN=1;FP=1
yordam,yordam<n>,yo<v><prs>><dat>><1pl>/yord<n>><1pl>/yordam<n>,TP=2;FN=0;FP=1
kax̌tīnen,kax̌tīn<n>><pl>,kax̌tīn<n>><3pl>/kax̌tīn<n>><pl>,TP=2;FN=0;FP=0
moyi,moyi<n>,mo<n>><3sg>/mo<pro>><3sg>/moyi<n>,TP=2;FN=0;FP=1
wīz,wīz<v>,wīz<n>,TP=0;FN=1;FP=1
kax̌tīnen-en,kax̌tīn<n>><pl>><3pl>,kax̌tīn<n>><3pl>><3pl>/kax̌tīn<n>><pl>><3pl>,TP=2;FN=0;FP=0
piro-ndi-yi,piro<n>><loc>><3sg>,piro<adj>><loc>><3sg>><3sg>/piro<n>><loc>><3sg>><3sg>,TP=1;FN=0;FP=1
δar,δar<n>,δar<adj>/δar<n>/δar<prt>,TP=1;FN=0;FP=2
oxir,oxir<prt>,oxir<adj>/oxir<n>/oxir<prt>,TP=1;FN=0;FP=2
pacen,pac<n><pl>><3pl>,pac<n>><pl>,TP=1;FN=0;FP=0
rafīqen,rafīq<n>><3pl>,rafīq<n>><3pl>/rafīq<n>><pl>,TP=2;FN=0;FP=0
nur-and-ta,nur<n>><loc>><irr>,nur<n>><loc>><fut>,TP=1;FN=0;FP=0
anǰāvi,anǰāv<v>><prs><2sg>,anǰāv<v><imp>><3sg>/anǰāv<v><prs>><3sg>/anǰāv<v>><prs><2sg>,TP=3;FN=0;FP=0
ziwost,ziwos<v>><pst>,ziwos<v><prs>><2sg>/ziwos<v>><inf>/ziwos<v>><prs><3sg>/ziwos<v>><pst>,TP=4;FN=0;FP=0
dām-ti-yen,dām<n>><sup>><3pl>/dām<post>><sup>><3pl>,dām<n>><2sg>><3sg>><3pl>/dām<n>><sup>><3pl>/dām<v><prs>><2sg>><3sg>><3pl>/dām<v><prs>><sup>><3pl>,TP=2;FN=1;FP=2
forax̌,forax̌<n>,forax̌<n>,TP=1;FN=0;FP=0
sadā,sadā<n>,sad<n>><hb>,TP=1;FN=0;FP=0
mīr-and,mīr<n>><loc>,mīr<adj>><loc>/mīr<n>><loc>,TP=1;FN=0;FP=1
bašānd,bašānd<n>,bašānd<adj>/bašānd<prt>,TP=0;FN=1;FP=2
damdor,damdor<n>,dam<dem><d2><f><sg><obl>><hb>/dam<dem><d2><f><sg><obl>>><hb>,TP=0;FN=1;FP=2
bemor,bemor<n>,<without><adj>>mor<n>/bemor<adj>,TP=1;FN=0;FP=1
mīd,mī<v>><inf>,mī<v>><inf>/mī<v>><pst>,TP=2;FN=0;FP=0
mīr,mīr<n>,mīr<adj>/mīr<n>,TP=1;FN=0;FP=1
aqsaqolen-i,aqsaqol<n>><pl>><3sg>,aqsaqol<n>><3pl>><3sg>/aqsaqol<n>><pl>><3sg>/aqsaqol<n>><pl>><adj>/aqsaqol<n>><pl>><subst>,TP=4;FN=0;FP=0
mīdow,mī<v>><inf>><purp>,mī<v>><inf>><purp>,TP=1;FN=0;FP=0
xax̌-aθ,xax̌<n>><adv>,xax̌-aθ<n>/xax̌<adj>><adv>/xax̌<adj>><int>/xax̌<n>><adv>/xax̌<n>><int>,TP=3;FN=0;FP=2
mardum-i,mardum<n>><3sg>,mard<adj>><1sg>><3sg>/mard<n>><1sg>><3sg>/mardum<n>><3sg>/mardum<n>><adj>/mardum<n>><subst>,TP=4;FN=0;FP=1
māš-ard-i,māš<pers><1pl>><dat>><3sg>,māš<pers><1pl><obl>><dat>><3sg>/māš<pers><1pl>><dat>><3sg>/māš<pers><1pl>><dat>><adj>/māš<pers><1pl>><dat>><subst>/māš<pers><1pl>><dat>>><adj>/māš<pers><1pl>><dat>>><subst>,TP=6;FN=0;FP=0
kiništ,kiništ<n>,kiništ<n>,TP=1;FN=0;FP=0
mīzd,mīz<v>><pst>,mīz<v>><inf>/mīz<v>><pst>,TP=2;FN=0;FP=0
qarībaki,qarīb<n>><dim>><ez>,qarīb<adj>><dim>><3sg>/qarīb<n>><dim>><3sg>/qarīb<n>><dim>><adj>/qarīb<n>><dim>><subst>,TP=3;FN=0;FP=1
čīd-en,čīd<n>><3pl>,čī<v>><inf>><3pl>/čī<v>><pst>><3pl>/čīd<n>><3pl>/čīd<n>><pl>,TP=2;FN=0;FP=2
odamenaθ-i,odam<n>><pl>><adv>><3sg>,odam<n>><3pl>><int>><3sg>/odam<n>><pl>><adv>><3sg>/odam<n>><pl>><adv>><adj>/odam<n>><pl>><adv>><subst>/odam<n>><pl>><int>><3sg>,TP=5;FN=0;FP=0
pêɣům,pêɣům<n>,pêɣům<n>,TP=1;FN=0;FP=0
taxsīr,taxsīr<n>,tax<adj>>сӣр<n>/taxsīr<n>,TP=1;FN=0;FP=1
qadam,qadam<n>,qad<n>><1pl>/qadam<n>,TP=2;FN=0;FP=0
ranǰā,ranǰ<n>><pl>,ranǰ<n>><hb>,TP=1;FN=0;FP=0
důnd-ard,důnd<pro>><dat>,důnd-ard<n>/důnd<n>><dat>/důnd<pro>><dat>,TP=1;FN=0;FP=2
loyiq,loyiq<n>,loyiq<adj>,TP=0;FN=1;FP=1
deδi,deδ<v>><prs><2sg>,deδ<v><prs>><3sg>/deδ<v>><prs><2sg>,TP=2;FN=0;FP=0
xubaθ-um,xubaθ<pro>><1sg>,xub<n>><adv>><1sg>/xub<n>><int>><1sg>/xubaθ<n>><1sg>/xubaθ<pro><self>><1sg>,TP=1;FN=0;FP=3
loyiq-um,loyiq<n>><1sg>,loyiq<adj>><1sg>,TP=0;FN=1;FP=1
rimi,rimi<v>,rimi<v><prs>,TP=1;FN=0;FP=0
ɣulům-ta,ɣulům<n>><irr>,ɣulům<n>><fut>,TP=1;FN=0;FP=0
xub,xub<n>,xub<n>,TP=1;FN=0;FP=0
mund-en,mu<pers><1sg><obl>><loc>><3pl>,mu<pers><1sg><obl>><loc>><3pl>/mu<pers><1sg>><loc>><3pl>/mund<pro>><3pl>,TP=2;FN=0;FP=1
farmůn-and,farmůn<n>><loc>,farmůn<n>><loc>,TP=1;FN=0;FP=0
yīward,yīw<num>><dat>,yīw<adj>><dat>/yīw<pro>><dat>,TP=0;FN=1;FP=2
yīw-ard,yīw<num>><dat>,yīw<adj>><dat>/yīw<pro>><dat>,TP=0;FN=1;FP=2
ya,ya<v>/yā<dem><d3><f><sg>,ya<prt>/ya<v><imp>/ya<v><prs>,TP=2;FN=1;FP=1
falůn,falůn<n>,falůn<adj>,TP=0;FN=1;FP=1
gāpen-i,gāp<n>><pl>><3sg>,gāp<n>><3pl>><3sg>/gāp<n>><pl>><3sg>/gāp<n>><pl>><adj>/gāp<n>><pl>><subst>,TP=4;FN=0;FP=0
yemůn,yemůn<n>,yemůn<n>,TP=1;FN=0;FP=0
box̌čin,box̌<v>><prf>><ptcp1>,box̌<v>><prf>><ptcp1>,TP=1;FN=0;FP=0
odamen-en,odam<n>><pl>><3pl>,odam<n>><3pl>><3pl>/odam<n>><pl>><3pl>,TP=2;FN=0;FP=0
waxt-aθ,waxt<n>><adv>,waxt<n>><adv>/waxt<n>><int>,TP=2;FN=0;FP=0
čand,čand<pro>,čand<n>/čand<pro>,TP=1;FN=0;FP=1
nayin,nayin<nprop><nain>,nay<n>><adj>,TP=0;FN=1;FP=1
x̌ogirden,x̌ogird<n>><pl>,x̌ogird<n>><3pl>/x̌ogird<n>><pl>,TP=2;FN=0;FP=0
katā,katā<n>,katā<adj>,TP=0;FN=1;FP=1
amro,amro<n>,amro<n>,TP=1;FN=0;FP=0
x̌ār-and-en,x̌ār<n>><loc>><3pl>,x̌ār<adj>><loc>><3pl>/x̌ār<n>><loc>><3pl>,TP=1;FN=0;FP=1
murδā,murδā<n>,murδā<n>,TP=1;FN=0;FP=0
bewā-nd,bewā<n>><loc>,bewā<n>><loc>,TP=1;FN=0;FP=0
yīwikaθ,yīw<num>><dim>><adv>,yīw<pro>><dim>><adv>/yīw<pro>><dim>><int>/yīw<pro>>><dim>><adv>/yīw<pro>>><dim>><int>/yīwik<adj>><adv>/yīwik<adj>><int>/yīwik<pro>><adv>/yīwik<pro>><int>/yīwik<pro>>><adv>,TP=0;FN=1;FP=9
ziryot,ziryot<n>,ziryot<n>,TP=1;FN=0;FP=0
bewā,bewā<n>,bewā<n>,TP=1;FN=0;FP=0
wam-i,wam<pers><d3><f><sg><obl>><3sg>,wam<dem><d3><f><sg><obl>><3sg>/wam<dem><d3><f><sg><obl>><adj>/wam<dem><d3><f><sg><obl>><subst>/wam<dem><d3><f><sg><obl>>><adj>/wam<dem><d3><f><sg><obl>>><subst>,TP=0;FN=1;FP=5
nāw,nāw<v>,nāw<v><prs>,TP=1;FN=0;FP=0
δust-i,δust<n>><3sg>,δust<adj>><3sg>/δust<n>><3sg>/δust<n>><adj>/δust<n>><subst>,TP=3;FN=0;FP=1
tobūt,tobūt<n>,tobūt<n>,TP=1;FN=0;FP=0
gīr-en,gīr<n>><3pl>,gīr<adj>><3pl>/gīr<n>><3pl>/gīr<n>><pl>/gīr<v><prs>><3pl>,TP=2;FN=0;FP=2
ǰiwůn,ǰiwůn<n>,ǰiwůn<adj>/ǰiwůn<n>,TP=1;FN=0;FP=1
andiӡ,andiӡ<v>,andidz<v><prs>/andiʒ<v><prs>,TP=2;FN=0;FP=0
ǰoy-ti,ǰoy<n>><sup>,ǰoy<n>><2sg>><3sg>/ǰoy<n>><sup>,TP=2;FN=0;FP=0
woymā-ndi,woymā<n>><loc>><3sg>,woymā<n>><loc>><3sg>,TP=1;FN=0;FP=0
xuδoy-ard-en,xuδoy<n><god>><dat>><3pl>,xuδoy<n>><dat>><3pl>,TP=1;FN=0;FP=0
xax̌aθ,xax̌<n>><adv>,xax̌<adj>><adv>/xax̌<adj>><int>/xax̌<n>><adv>/xax̌<n>><int>,TP=2;FN=0;FP=2
mulki,mulk<n>><ez>,mulk<n>><3sg>/mulk<n>><adj>/mulk<n>><subst>/mulki<adj>/mulki<n>,TP=4;FN=0;FP=1
bor,bor<n>,bor<n>/bor<prt>,TP=1;FN=0;FP=1
por,por<n>,por<n>,TP=1;FN=0;FP=0
δiyām,δi<v>><prs><1pl>,δi<v><prs>><1pl>/δi<v>><prs><1pl>/δiy<v><prs>><1pl>/δiy<v>><prs><1pl>,TP=4;FN=0;FP=0
dūsik-ga,dūs<pro>><dim>><add2>,dūs<n>><dim>><add>/dūsik-ga<n>/dūsik<adj>><add>/dūsik<n>><add>,TP=0;FN=1;FP=4
xūδm,xūδm<n>,xūδm<n>,TP=1;FN=0;FP=0
gandā,gandā<n>,gandā<adj>,TP=0;FN=1;FP=1
x̌ūӡ,x̌ūʒ<n>,x̌ūdz<n>/x̌ūʒ<n>,TP=2;FN=0;FP=0
x̌ac,x̌ac<n>,x̌ac<n>,TP=1;FN=0;FP=0
ǰůn-ard,ǰůn<n>><dat>,ǰůn<n>><dat>,TP=1;FN=0;FP=0
xatar,xatar<n>,xatar<n>,TP=1;FN=0;FP=0
lůd-en,lů<v>><pst>><3pl>,lů<v>><inf>><3pl>/lů<v>><pst>><3pl>/lůd<v><imp>><3pl>/lůd<v><prs><3pl>><3pl>/lůd<v><prs><3sg>><3pl>/lůd<v><prs>><3pl>/lůd<v><pst>><3pl>,TP=7;FN=0;FP=0
alok,alok<n>,alok<n>,TP=1;FN=0;FP=0
mawǰen-i,mawǰ<n>><pl>><3sg>,mawǰ<n>><3pl>><3sg>/mawǰ<n>><pl>><3sg>/mawǰ<n>><pl>><adj>/mawǰ<n>><pl>><subst>,TP=4;FN=0;FP=0
fuka,fuk<pro>><adv>,fuka<pro>,TP=1;FN=0;FP=0
ǰo,ǰo<pro><place>,ǰo<n>,TP=0;FN=1;FP=1
orůmi,orůmi<n>,orům<adj>><3sg>/orům<n>><3sg>/orům<n>><adj>/orům<n>><subst>/orůmi<n>,TP=4;FN=0;FP=1
x̌ogirden-ard-i,x̌ogird<n>><pl>><dat>><3sg>,x̌ogird<n>><3pl>><dat>><3sg>/x̌ogird<n>><pl>><dat>><3sg>,TP=2;FN=0;FP=0
kāyi,kāyi<pro>,kā<pro>><3sg>/kāy<n>><3sg>/kāy<n>><adj>/kāy<n>><subst>/kāyi<n>,TP=1;FN=0;FP=4
yakdigar,yakdigar<pro><recp>,yakdigar<pro>,TP=1;FN=0;FP=0
ku,ku<prt>/ku<prt><ptcl>,ku<prt>,TP=2;FN=0;FP=0
x̌ac-ard,x̌ac<n>><dat>,x̌ac<n>><dat>,TP=1;FN=0;FP=0
sen,s<v>><prs><3pl>,sen<v><prs>/sen<v><prs><3pl>,TP=2;FN=0;FP=0
koringi,koringi<n>,koringi<n>,TP=1;FN=0;FP=0
zox̌t,zox̌<v>><pst>,zox̌<v><prs>><2sg>/zox̌<v>><inf>/zox̌<v>><prs><3sg>/zox̌<v>><pst>,TP=4;FN=0;FP=0
xilwat-aθ,xilwat<n>><adv>,xilwat-aθ<n>/xilwat<adj>><adv>/xilwat<adj>><int>,TP=1;FN=0;FP=2
nīθt,nīθ<v>><prs><3sg>,nīθ<v>><prs><3sg>,TP=1;FN=0;FP=0
dām-ti,dām<post>><sup>,dām<n>><2sg>><3sg>/dām<n>><sup>/dām<v><prs>><2sg>><3sg>/dām<v><prs>><sup>,TP=0;FN=1;FP=4
bašānd-aθ,bašānd<n>><adv>,bašānd<adj>><adv>/bašānd<adj>><int>,TP=0;FN=1;FP=2
qabūl,qabūl<n>,qabūl<n>,TP=1;FN=0;FP=0
vegā,vegā<n>,vegā<n>,TP=1;FN=0;FP=0
sid,si<v>><inf>,si<v>><inf>/si<v>><pst>/sid<v><prs>,TP=3;FN=0;FP=0
duwozdā,duwozdā<num>,duwozdā<num>,TP=1;FN=0;FP=0
atrof,atrof<prep>,atrof<n>,TP=0;FN=1;FP=1
qišloqen,qišloq<n>><pl>,qišloq<n>><3pl>/qišloq<n>><pl>,TP=2;FN=0;FP=0
xu-rd,xu<pro><refl>><dat>,xu-rd<prt>/xu<pro><refl>><dat>/xu<v><prs>><dat>/xu<v><pst>><dat>,TP=1;FN=0;FP=3
x̌ikaren,x̌ikar<v>><prs><3pl>,x̌ikar<v><prs>><3pl>/x̌ikar<v>><prs><3pl>,TP=2;FN=0;FP=0
yůdand,yůd<dem><d1>><loc>,yůd<n>><loc>/yůdand<n>,TP=0;FN=1;FP=2
māš-and,māš<pers><1pl>><loc>,māš<pers><1pl><obl>><loc>/māš<pers><1pl>><loc>,TP=2;FN=0;FP=0
biyābůn,biyābůn<n>,biyābůn<adj>/biyābůn<n>,TP=1;FN=0;FP=1
dev-ard,dev<dem><d2><pl><obl>><dat>,dev<dem><d2><pl><obl>><dat>/dev<dem><d2><pl>><dat>,TP=2;FN=0;FP=0
awqot,awqot<n>,awqot<n>,TP=1;FN=0;FP=0
δet,δ<v>><prs><2pl>,δet<v><prs><2pl>,TP=1;FN=0;FP=0
baɣer,baɣer<n>,<with><adj>>ɣer<n>/baɣer<n>/baɣer<prt>,TP=2;FN=0;FP=1
awqotwori,awqotwori<n>,awqotwori<n>,TP=1;FN=0;FP=0
xarīd-ām,xarīd<v>><1pl>,xarīd<n>><1pl>,TP=0;FN=1;FP=1
fukaki,fukaki<pro>,fuk<pro>><dim>><3sg>/fuk<pro>><dim>><adj>/fuk<pro>><dim>><subst>/fuk<pro>>><dim>><3sg>/fuk<pro>>><dim>><adj>/fuk<pro>>><dim>><subst>/fukaki<n>/fukaki<prt>,TP=6;FN=0;FP=2
qarīb,qarīb<n>,qarīb<adj>/qarīb<n>,TP=1;FN=0;FP=1
azor,azor<num>,azor<num>,TP=1;FN=0;FP=0
nafari,nafar<n>><distr>,nafar<n>><3sg>/nafar<n>><adj>/nafar<n>><subst>,TP=3;FN=0;FP=0
ǰargā,ǰargā<n>,ǰargā<n>,TP=1;FN=0;FP=0
nêδet,nêδ<v>><prs><2pl>,nêδ<v><prs>><2pl>/nêδ<v>><prs><2pl>,TP=2;FN=0;FP=0
nêδd,nêδ<v>><pst>,nêδ<v>><inf>/nêδ<v>><prs><3sg>/nêδ<v>><pst>,TP=3;FN=0;FP=0
pīc-i,pīc<n>><3sg>,pīc<n>><3sg>/pīc<n>><adj>/pīc<n>><subst>,TP=3;FN=0;FP=0
bād-i,bād<n>><3sg>,bād<n>><3sg>/bād<n>><adj>/bād<n>><subst>,TP=3;FN=0;FP=0
kānd,kānd<n>,kā<pro>><loc>/kānd<n>,TP=1;FN=0;FP=1
dāk-i,dāk<n>><3sg>,dāk<v><prs>><3sg>,TP=0;FN=1;FP=1
xūd,xū<v>><pst>,xū<v>><inf>/xū<v>><pst>,TP=2;FN=0;FP=0
ser,ser<n>,ser<adj>,TP=0;FN=1;FP=1
toθč-and-ga,toθč<n>><loc>><add1>,toθč-and<adj>><add>/toθč<n>><loc>><add>,TP=1;FN=0;FP=1
rūzo,rūzo<n>,rūzo<n>,TP=1;FN=0;FP=0
idi,idi<conj><compl>,idi<conj><compl>,TP=1;FN=0;FP=0
čoriki,čorik<n>><3sg>,čor<n>><dim>><3sg>/čor<n>><dim>><adj>/čor<n>><dim>><subst>/čorik<n>><3sg>/čorik<n>><adj>/čorik<n>><subst>,TP=6;FN=0;FP=0
sifīδǰ,sifīδ<v>><prf>/sifīδ<v>><prf><m>,sifīδ<v>><prf>/sifīδǰ<v><prf><m>,TP=4;FN=0;FP=0
daraxt,daraxt<n>,daraxt<n>,TP=1;FN=0;FP=0
boɣand,boɣ<n>><loc>,boɣ<n>><loc>,TP=1;FN=0;FP=0
xušrūy,xušrūy<n>,xuš<adj>>рӯй<n>/xušrūy<adj>/xušrūy<n>,TP=1;FN=0;FP=2
boɣ,boɣ<n>,boɣ<n>,TP=1;FN=0;FP=0
wind,wi<dem><d3><m><sg><obl>><loc>,wi<dem><d3><m><sg><obl>><loc>/wi<dem><d3><m><sg>><loc>/wind<pro>,TP=2;FN=0;FP=1
xoyix̌i,xoyix̌<n>><3sg>,xoyix̌<n>><3sg>/xoyix̌<n>><adj>/xoyix̌<n>><subst>,TP=3;FN=0;FP=0
čūǰ,čū<v>><prf>,čū<v>><prf>,TP=1;FN=0;FP=0
az,az<prep><el>,az<prep>,TP=1;FN=0;FP=0
nok,nok<n>,nok<n>,TP=1;FN=0;FP=0
daraxtti,daraxt<n>><sup>,daraxt<n>><2sg>><3sg>/daraxt<n>><sup>,TP=2;FN=0;FP=0
noken,nok<n>><pl>,nok<n>><3pl>/nok<n>><pl>,TP=2;FN=0;FP=0
xurd,xu<pro><refl>><dat>/xurd<prt>,xu<pro><refl>><dat>/xu<v><prs>><dat>/xu<v><pst>><dat>/xurd<pro>,TP=2;FN=1;FP=2
sabadand,sabad<n>><loc>,sabad<n>><loc>,TP=1;FN=0;FP=0
xīdowra,xī<v>><inf>><purp>><dat>,xī<v>><inf>><purp>><dat>,TP=1;FN=0;FP=0
nū,nū<prt><hez>,nū<num>,TP=0;FN=1;FP=1
bādi,bād<n>><3sg>/bādi<n>,bād<n>><3sg>/bād<n>><adj>/bād<n>><subst>/bādi<prep>,TP=6;FN=0;FP=1
zox̌č,zox̌<v>><prf>,zox̌<v>><prf>,TP=1;FN=0;FP=0
čūx̌č,čūx̌<v>><prf>,čūx̌<v>><prf>,TP=1;FN=0;FP=0
vazga,vaz<n>><add1>,vaz<n>><add>,TP=1;FN=0;FP=0
vīsčin,vīs<v>><prf>><ptcp1>,vīs<v>><prf>><ptcp1>,TP=1;FN=0;FP=0
xezand,xez<post><apud>><loc>,xez<adj>><loc>,TP=0;FN=1;FP=1
xāfct,xāfc<v>><prs><3sg>,xāfc<v><prs>><2sg>/xāfc<v>><inf>/xāfc<v>><prs><3sg>/xāfc<v>><pst>,TP=4;FN=0;FP=0
sifīnt,sifīn<v>><prs><3sg>,sifīn<v>><prs><3sg>,TP=1;FN=0;FP=0
zêzd,zêz<v>><prs><3sg>/zêz<v>><-prs><3sg>,zêz<v>><inf>/zêz<v>><prs><3sg>/zêz<v>><pst>,TP=6;FN=0;FP=0
sabaden,sabad<n>><pl>,sabad<n>><3pl>/sabad<n>><pl>,TP=2;FN=0;FP=0
důnā,důnā<n>,důn<pro>><hb>/důn<pro>>><hb>/důnā<n>,TP=1;FN=0;FP=2
rāguzar,rāguzar<n>,rāguzar<n>,TP=1;FN=0;FP=0
deδd,deδ<v>><prs><3sg>,deδ<v>><inf>/deδ<v>><prs><3sg>/deδ<v>><pst>,TP=3;FN=0;FP=0
sabad,sabad<n>,sabad<n>,TP=1;FN=0;FP=0
aθêrt,aθêr<v>><prs><3sg>,aθêr<v><prs>><2sg>/aθêr<v>><inf>/aθêr<v>><prs><3sg>/aθêr<v>><pst>,TP=4;FN=0;FP=0
disga,dis<pro>><add1>/dis<pro>><=add1>,dis<n>><add>/dis<pro>><add>,TP=2;FN=0;FP=1
kix̌tat,kix̌<v>><prs><3sg>><coord2>,kix̌<v><prs>><2sg>><2sg>/kix̌<v><prs>><2sg>><coord2>/kix̌<v><prs>><fut>><2sg>/kix̌<v>><inf>><2sg>/kix̌<v>><inf>><coord2>/kix̌<v>><prs><3sg>><2sg>/kix̌<v>><prs><3sg>><coord2>/kix̌<v>><pst>><2sg>/kix̌<v>><pst>><coord2>,TP=9;FN=0;FP=0
wirdatā,wi<dem><d3><m><sg><obl>><dat>><advs>,wi<dem><d3><m><sg><obl>><dat>><advs>/wi<dem><d3><m><sg>><dat>><advs>/wi<dem><d3><m><sg>><dat>><in>/wi<dem><d3><m><sg>><dat>>><in>/wird<pro>><advs>/wird<pro>><in>/wird<pro>>><in>,TP=4;FN=0;FP=3
duyum,du<num>><ord>,du<num>><ord>,TP=1;FN=0;FP=0
wird,wi<dem><d3><m><sg><obl>><dat>,wi<dem><d3><m><sg><obl>><dat>/wi<dem><d3><m><sg>><dat>/wird<pro>,TP=2;FN=0;FP=1
půndaθ,půnd<n>><adv>,půnd<n>><adv>/půnd<n>><int>,TP=2;FN=0;FP=0
dāmti,dam<dem><d2><f><sg><obl>><sup>/dām<dem><d2><f><sg><obl>><sup>,dām<n>><2sg>><3sg>/dām<n>><sup>/dām<v><prs>><2sg>><3sg>/dām<v><prs>><sup>/dām<v>><inf>><3sg>/dām<v>><prs><3sg>><3sg>/dām<v>><pst>><3sg>,TP=0;FN=2;FP=7
uzum,uz<pers><1sg>><1sg>,uz<n>><1sg>/uz<pers><1sg>><1sg>,TP=1;FN=0;FP=1
δiyen,δi<v>><-prs><3pl>,δi<v><prs>><3pl>/δi<v>><prs><3pl>/δiy<v><prs>><3pl>/δiy<v>><prs><3pl>,TP=4;FN=0;FP=0
windi,wi<dem><d3><m><sg><obl>><loc>,wi<dem><d3><m><sg><obl>><loc>><3sg>/wi<dem><d3><m><sg>><loc>><3sg>/wi<dem><d3><m><sg>><loc>><adj>/wi<dem><d3><m><sg>><loc>><subst>/wi<dem><d3><m><sg>><loc>>><adj>/wi<dem><d3><m><sg>><loc>>><subst>/wind<pro>><3sg>/wind<pro>><adj>/wind<pro>><subst>/wind<pro>>><adj>/wind<pro>>><subst>,TP=6;FN=0;FP=5
tīdowandatā,tī<v>><inf>><purp>><loc>><advs>,tī<v>><inf>><purp>><loc>><advs>,TP=1;FN=0;FP=0
wāδga,wāδ<dem><d3><pl>><add1>,wāδ<dem><d3><pl>><add>,TP=1;FN=0;FP=0
wef,wef<dem><d3><pl><obl>,wef<n>/wef<pro>,TP=0;FN=1;FP=2
wint,win<v>><prs><3sg>,win<v><prs>><2sg>/win<v>><inf>/win<v>><prs><3sg>/win<v>><pst>,TP=4;FN=0;FP=0
qatiyat,qati<post><com>><coord2>,qat<v><prs><f>><3sg>><2sg>/qat<v><pst><f>><3sg>><2sg>/qati<n>><2sg>,TP=0;FN=1;FP=3
bozi,bozi<n>,boz<n>><3sg>/boz<n>><adj>/boz<n>><subst>/boz<v><prs>><3sg>/boz<v>><prs><2sg>/bozi<n>,TP=4;FN=0;FP=2
sawol,sawol<n>,sawol<n>,TP=1;FN=0;FP=0
tund,tu<pers><2sg>><loc>,tu<pers><2sg><obl>><loc>/tu<pers><2sg>><loc>/tund<adj>/tund<n>/tund<pro>,TP=2;FN=0;FP=3
mund,mu<pers><1sg><obl>><loc>,mu<pers><1sg><obl>><loc>/mu<pers><1sg>><loc>/mund<pro>,TP=2;FN=0;FP=1
xaraɣ,xaraɣ<nprop><khorog>,xaraɣ<n>,TP=0;FN=1;FP=1
naɣ̌ǰīsi,naɣ̌ǰīs<v>><prs><2sg>,naɣ̌ǰīs<v><prs>><3sg>/naɣ̌ǰīs<v>><prs><2sg>,TP=2;FN=0;FP=0
dam,dam<dem><d2><f><sg><obl>,dam<dem><d2><f><sg><obl>,TP=1;FN=0;FP=0
daryo,daryo<n>,daryo<adj>/daryo<n>,TP=1;FN=0;FP=1
padůd,<up>>ůd<dem><d1>,padůd<n>,TP=0;FN=1;FP=1
yāni,yāni<prt>/yāni<conj>,yān<v><prs>><3sg>/yān<v>><prs><2sg>,TP=0;FN=2;FP=2
nay-at,nay<prt>><coord2>,nay<n>><2sg>/nay<n>><coord2>,TP=0;FN=1;FP=2
šodarā,šodarā<nprop><shohdara>,šod<adj>>арā<n>,TP=0;FN=1;FP=1
modar,modar<n>,modar<n>,TP=1;FN=0;FP=0
xay,xay<prt><ptcl>,xay<v><prs>,TP=0;FN=1;FP=1
qišloq-and,qišloq<n>><loc>,qišloq<n>><loc>,TP=1;FN=0;FP=0
tawallud,tawallud<n>,tawallud<n>,TP=1;FN=0;FP=0
kilametir,kilametir<n>,kilametir<n>,TP=1;FN=0;FP=0
ida,ida<dem><d2><loc>,ida<prt>,TP=0;FN=1;FP=1
navad,navad<num>,<neg>>vad<v><pst><f>/<neg>>vad<v><pst><f_pl>,TP=0;FN=1;FP=2
solā,sol<n>><hb>,sol<n>><hb>,TP=1;FN=0;FP=0
wafot,death<n>,wafo<n>><2sg>/wafot<n>,TP=2;FN=0;FP=0
sabab-i,sabab<n>><ez>,sabab<n>><3sg>/sabab<n>><adj>/sabab<n>><subst>,TP=3;FN=0;FP=0
kasaliyat,kasal<n>><subst>><coord2>,kasal<adj>><3sg>><2sg>/kasali<n>><2sg>,TP=1;FN=0;FP=1
dev-en,dev<dem><d2><pl><obl>><3pl>,dev<dem><d2><pl><obl>><3pl>/dev<n>><pl>,TP=1;FN=0;FP=1
lůvām,lův<v>><prs><1pl>/lův<v>><-prs><1pl>,lův<v><prs>><1pl>/lův<v>><prs><1pl>,TP=4;FN=0;FP=0
mošīn-qati-yen,mošīn<n>><com>><3pl>,mošīn<n>><com>><3pl>,TP=1;FN=0;FP=0
avār,avār<n>,avār<n>,TP=1;FN=0;FP=0
wi-ti,wi<dem><d3><m><sg><obl>><sup>,wi-ti<n>/wi<dem><d3><m><sg><obl>><2sg>><3sg>/wi<dem><d3><m><sg><obl>><sup>,TP=2;FN=0;FP=1
guzaštā,guzaštā<n>,guzaštā<n>,TP=1;FN=0;FP=0
nāy,nāy<prt>,nāy<n>/nāy<prt>,TP=1;FN=0;FP=1
bašāndaθ,bašānd<n>><adv>,bašānd<adj>><adv>/bašānd<adj>><int>,TP=0;FN=1;FP=2
salůmati,salůmat<n>><subst>,salům<n>><2sg>><3sg>/salům<n>><coord2>><3sg>/salůmat<adj>><3sg>/salůmat<n>><3sg>/salůmat<n>><adj>/salůmat<n>><subst>/salůmati<n>,TP=6;FN=0;FP=1
wamand,wam<dem><d3><f><sg><obl>><loc>,wam<dem><d3><f><sg><obl>><loc>/wam<dem><d3><f><sg>><loc>/wamand<pro>,TP=2;FN=0;FP=1
sadi,sadi<n>,sad<n>><3sg>/sad<n>><adj>/sad<n>><subst>/sadi<n>,TP=4;FN=0;FP=0
weδǰatatā,weδ<v>><prf>><pqp>><advs>,weδ<v>><prf>><2sg>><advs>/weδ<v>><prf>><coord2>><advs>,TP=2;FN=0;FP=0
tārīxi,tārīx<n>><indf>,tārīx<n>><3sg>/tārīx<n>><adj>/tārīx<n>><subst>/tārīxi<adj>,TP=3;FN=0;FP=1
wīnčin,wīn<v>><prf>><ptcp1>,wīn<v>><prf>><ptcp1>,TP=1;FN=0;FP=0
ik-am,ik<prt><emph>><d1><sg>,ik-am<n>/ik-am<pro>,TP=0;FN=1;FP=2
ukūmati,ukūmat<n>><iz>,ukūmat<n>><3sg>/ukūmat<n>><adj>/ukūmat<n>><subst>/ukūmati<adj>,TP=3;FN=0;FP=1
arůd,<down>>ůd<dem><d1>,arůd<pro>,TP=0;FN=1;FP=1
ɣalabā,ɣalabā<n>,ɣalabā<n>,TP=1;FN=0;FP=0
taxt-i,taxt<n>><3sg>,tax<adj>><2sg>><3sg>/tax<n>><2sg>><3sg>/tax<v><prs>><2sg>><3sg>/tax<v>><inf>><3sg>/tax<v>><pst>><3sg>/taxt<adj>><3sg>/taxt<n>><3sg>/taxt<n>><adj>/taxt<n>><subst>,TP=4;FN=0;FP=5
yam,yam<dem><d1><sg>,yam<dem><d1><sg>/yam<n>,TP=1;FN=0;FP=1
aqiqat,aqiqat<n>,aqiqat<n>,TP=1;FN=0;FP=0
wi-ta,wi<dem><d3><m><sg><obl>><fut>,wi<dem><d3><m><sg><obl>><fut>,TP=1;FN=0;FP=0
inkor,inkor<n>,inkor<n>,TP=1;FN=0;FP=0
nakix̌t,<neg>>kix̌<v>><prs><3sg>,<neg>>kix̌<v><prs>><2sg>/<neg>>kix̌<v>><inf>/<neg>>kix̌<v>><prs><3sg>/<neg>>kix̌<v>><pst>,TP=4;FN=0;FP=0
maktab-ām,maktab<n>><1pl>,maktab<n>><1pl>,TP=1;FN=0;FP=0
māšand,māš<pers><1pl>><loc>,māš<pers><1pl><obl>><loc>/māš<pers><1pl>><loc>,TP=2;FN=0;FP=0
navud,<neg>>vu<v><m>><pst>,<neg>>vu<v>><inf>/<neg>>vu<v>><pst>/<neg>>vud<v><pst><m>,TP=3;FN=0;FP=0
māšard-en,māš<pers><1pl>><dat>><3pl>,māš<pers><1pl><obl>><dat>><3pl>/māš<pers><1pl>><dat>><3pl>,TP=2;FN=0;FP=0
vaz-en,vaz<n>><3pl>,vaz<n>><3pl>/vaz<n>><pl>,TP=2;FN=0;FP=0
di-yen,di<dem><d2><m><sg><obl>><3pl>,di<dem><d2><m><sg><obl>><3pl>/di<v><imp>><3pl>/di<v><prs><2sg>><3pl>/di<v><prs>><3pl>,TP=1;FN=0;FP=3
doden-at,dod<n>><pl>><coord2>,dod<n>><3pl>><2sg>/dod<n>><3pl>><coord2>/dod<n>><pl>><2sg>/dod<n>><pl>><coord2>,TP=4;FN=0;FP=0
molt-en,mol<v>><pst>><3pl>,mol<n>><2sg>><3pl>/mol<v><prs>><2sg>><3pl>/mol<v>><inf>><3pl>/mol<v>><prs><3sg>><3pl>/mol<v>><pst>><3pl>,TP=4;FN=0;FP=1
poδen,poδ<n>><pl>,poδ<n>><3pl>/poδ<n>><pl>,TP=2;FN=0;FP=0
molt,mol<v>><pst>,mol<n>><2sg>/mol<v><prs>><2sg>/mol<v>><inf>/mol<v>><prs><3sg>/mol<v>><pst>,TP=4;FN=0;FP=1
čidům,čidům<pro>,čidům<pro>,TP=1;FN=0;FP=0
lůvǰit,lův<v>><prf>><pqp>,lův<v>><prf>><3sg>><2sg>,TP=1;FN=0;FP=0
nāmb,nāmb<n>,nāmb<n>,TP=1;FN=0;FP=0
nāmb-en,nāmb<n>><3pl>,nāmb<n>><3pl>/nāmb<n>><pl>,TP=2;FN=0;FP=0
darūn-and,darūn<n>><loc>,darūn<adj>><loc>/darūn<n>><loc>,TP=1;FN=0;FP=1
miloyim,miloyim<n>,miloyim<adj>,TP=0;FN=1;FP=1
ik-u,ik<adv>><d3><m><sg><obl>,ik-u<pro>,TP=0;FN=1;FP=1
půst,půst<n>,půst<n>,TP=1;FN=0;FP=0
rāng-en,rāng<n>><3pl>,rāng<n>><3pl>/rāng<n>><pl>,TP=2;FN=0;FP=0
misol,misol<prt>,<cont2>>sol<n>/misol<n>,TP=0;FN=1;FP=2
nay-atā,nay<prt>><advs>,nay<n>><advs>/nay<n>><in>,TP=0;FN=1;FP=2
wān,wān<n>,wān<n>,TP=1;FN=0;FP=0
wān-en,wān<n>><3pl>,wān<n>><3pl>/wān<n>><pl>,TP=2;FN=0;FP=0
čīnt,čīn<v>><pst>,čīn<n>><2sg>/čīn<v><prs>><2sg>/čīn<v>><inf>/čīn<v>><prs><3sg>/čīn<v>><pst>,TP=4;FN=0;FP=1
wam-en,wam<dem><d3><f><sg><obl>><3pl>,wam<dem><d3><f><sg><obl>><3pl>,TP=1;FN=0;FP=0
půstāk,půstāk<n>,půstāk<n>,TP=1;FN=0;FP=0
půstak,půstāk<n>,půst<n>><dim>/půstak<n>,TP=2;FN=0;FP=0
rūšt,rūšt<n>,rūšt<adj>/rūšt<n>,TP=1;FN=0;FP=1
pêxt,pêx<v>><pst>,pêx<n>><2sg>/pêx<v><prs>><2sg>/pêx<v>><inf>/pêx<v>><prs><3sg>/pêx<v>><pst>,TP=4;FN=0;FP=1
půst-en,půst<n>><3pl>,půst<n>><3pl>/půst<n>><pl>,TP=2;FN=0;FP=0
δod-en,δo<v>><pst>><3pl>,δo<v>><inf>><3pl>/δo<v>><pst>><3pl>,TP=2;FN=0;FP=0
aram,<down>>am<dem><d1><sg>,ar<n>><1pl>/ar<pro>><1pl>/ara<num>><ord>/aram<n>,TP=0;FN=1;FP=4
xāy,xāy<prt>,xāy<n>/xāy<prt>,TP=1;FN=0;FP=1
yakumaθ,yak<num>><-ord>><-adv>,yakum<adj>><adv>/yakum<adj>><int>,TP=0;FN=1;FP=2
misoland,misol<n>><=loc>,<cont2>>sol<n>><loc>/misol<n>><loc>,TP=2;FN=0;FP=0
mardumen,mardum<n>><-pl>,mard<adj>><1sg>><3pl>/mard<n>><1sg>><3pl>/mardum<n>><3pl>/mardum<n>><pl>,TP=3;FN=0;FP=1
xuɣ̌nůni,xuɣ̌nůn<n><shughnan>><-adj>,xuɣ̌nůn<n>><3sg>/xuɣ̌nůn<n>><adj>/xuɣ̌nůn<n>><subst>/xuɣ̌nůni<adj>/xuɣ̌nůni<n>,TP=4;FN=0;FP=1
farq,farq<n>,farq<n>,TP=1;FN=0;FP=0
māšta,māš<pers><1pl>><=irr>,māš<pers><1pl><obl>><fut>/māš<pers><1pl>><fut>,TP=2;FN=0;FP=0
kalamoti,kalamot<n><pl>><=ez>,kal<adj>>амо<n>><2sg>><3sg>/kal<adj>>амо<n>><sup>,TP=0;FN=1;FP=2
rūsi,rūs<n><russian>><adj>,rūs<adj>><3sg>/rūs<n>><3sg>/rūs<n>><adj>/rūs<n>><subst>/rūsi<adj>/rūsi<n>,TP=4;FN=0;FP=2
istifodā,istifodā<n>,istifodā<n>,TP=1;FN=0;FP=0
tarafta,taraf<n>><=irr>,taraf<n>><fut>,TP=1;FN=0;FP=0
ala,ala<prt><quot>,ala<n>/ala<prt>,TP=1;FN=0;FP=1
kalamoten,kalamot<n><pl>><-pl>,kal<adj>>амо<n>><2sg>><3pl>,TP=0;FN=1;FP=1
viyen,vi<v>><-prs><3pl>,vi<v><prs>><3pl>/vi<v>><prs><3pl>/vīm<v><prs>><1sg>><3pl>/vid<v><prs>><3sg>><3pl>/viyām<v><prs>><1pl>><3pl>/viyen<v><prs>><3pl>><3pl>/viyet<v><prs>><2pl>><3pl>/viyi<v><prs>><2sg>><3pl>,TP=8;FN=0;FP=0
qīnām,qīn<n>><=1pl>,qīn<adj>><1pl>,TP=0;FN=1;FP=1
rostiyaθ,rost<n>><-adj>><-adv>,rost<n>><adj>><adv>/rost<n>><subst>><adv>/rosti<n>><adv>,TP=3;FN=0;FP=0
dargoyām,dargo<n>><=1pl>,dargo<n>><1pl>,TP=1;FN=0;FP=0
ӡulik,ӡul<n>><-dim>,dzulik<adj>/ʒulik<adj>,TP=0;FN=1;FP=2
gāpām,gāp<n>><=1pl>,gāp<n>><1pl>,TP=1;FN=0;FP=0
yuyi,yu<dem><d3><m><sg>><=3sg>,yu<dem><d3><m><sg>><3sg>,TP=1;FN=0;FP=0
šīnti,šīn<v>><-pst>><=3sg>,šīn<v><prs>><2sg>><3sg>/šīn<v><prs>><sup>/šīn<v>><inf>><3sg>/šīn<v>><pst>><3sg>,TP=4;FN=0;FP=0
bori,bor<n>><=3sg>,bor<n>><3sg>/bor<n>><adj>/bor<n>><subst>/bori<adj>,TP=3;FN=0;FP=1
x̌uδǰ,x̌uδ<v>><-pf>,x̌uδ<v>><prf>,TP=1;FN=0;FP=0
ӡuliken,ӡul<n>><-dim>><-pl>/ӡul<n>><-dim>><=3pl>,dzulik<adj>><3pl>/ʒulik<adj>><3pl>,TP=0;FN=2;FP=2
šīntenat,šīn<v>><-pst>><=3pl>><=coord2>,šīn<v><prs>><2sg>><3pl>><2sg>/šīn<v><prs>><2sg>><3pl>><coord2>/šīn<v>><inf>><3pl>><2sg>/šīn<v>><inf>><3pl>><coord2>/šīn<v>><pst>><3pl>><2sg>/šīn<v>><pst>><3pl>><coord2>,TP=6;FN=0;FP=0
čīyaθen,čī<pro>><-adv>><=3pl>,čī<n>><adv>><3pl>/čī<pro>><adv>><3pl>/čī<pro>>><adv>><3pl>,TP=2;FN=0;FP=1
lůdi,lů<v>><-pst>><???>,lů<v>><inf>><3sg>/lů<v>><pst>><3sg>/lůd<v><imp>><3sg>/lůd<v><prs><3pl>><3sg>/lůd<v><prs><3sg>><3sg>/lůd<v><prs>><3sg>/lůd<v><pst>><3sg>/lůd<v>><prs><2sg>,TP=8;FN=0;FP=0
nistat,nist<v><neg>><=coord2>,nist<v><prs>><2sg>/nist<v><prs>><coord2>,TP=2;FN=0;FP=0
farqiyaten,farqiyat<n><pl>><=3pl>,farq<n>><3sg>><2sg>><3pl>/farq<n>><adj>><2sg>><3pl>/farq<n>><subst>><2sg>><3pl>,TP=3;FN=0;FP=0
mardumand,mardum<n>><=loc>,mard<adj>><1sg>><loc>/mard<n>><1sg>><loc>/mardum<n>><loc>,TP=2;FN=0;FP=1
zivand,ziv<n>><=loc>,ziv<n>><loc>,TP=1;FN=0;FP=0
tarafat,taraf<n>><=coord2>,taraf<n>><2sg>/taraf<n>><coord2>,TP=2;FN=0;FP=0
x̌o,x̌o<prt>,x̌o<prt>,TP=1;FN=0;FP=0
dar,dar<prep><loc>,dar<adj>/dar<intj>/dar<n>/dar<prep>/dar<prt>,TP=1;FN=0;FP=4
nazar,nazar<n>,nazar<n>,TP=1;FN=0;FP=0
dari,dari<n><dari>,dar<adj>><3sg>/dar<n>><3sg>/dar<n>><adj>/dar<n>><subst>,TP=3;FN=0;FP=1
