vuδǰ,vuδ<v>><prf><m>,vuð<v>><prf>/vuδ<v>><prf>/vuðǰ<v><prf><m>/vuðǰ<v><prf><m>/vuδǰ<v><prf><m>/vuδǰ<v><prf><m>,TP=4;FN=0;FP=2
navuδǰ,<neg>>vuδ<v>><prf><m>,<neg>>vuð<v>><prf>/<neg>>vuδ<v>><prf>/<neg>>vuðǰ<v><prf><m>/<neg>>vuðǰ<v><prf><m>/<neg>>vuδǰ<v><prf><m>/<neg>>vuδǰ<v><prf><m>,TP=4;FN=0;FP=2
yi,yi<prt><indef>/yi<pro><indef>/yi<num>,yi<adj>/yi<num>/yi<pro>/yi<prt>,TP=1;FN=2;FP=3
yu-yi,yu<dem><d3><m><sg>><3sg>,yu<dem><d3><m><sg>><3sg>,TP=1;FN=0;FP=0
pi,pi<prep><up>,pi<prep>/pi<v><prs>,TP=0;FN=1;FP=2
biland,biland<n>,biland<adj>,TP=0;FN=1;FP=1
kū,kū<n>,kū<n>,TP=1;FN=0;FP=0
zindagi,zindagi<n>,zindagi<n>,TP=1;FN=0;FP=0
čūɣ̌ǰ,čūɣ̌<v>><prf>/čūɣ̌<v>><prf><m>,čūɣ̌<v>><prf>,TP=1;FN=1;FP=0
di,di<dem><d2><m><sg><obl>,di<conj>/di<dem><d2><m><sg><obl>/di<prt>/di<v><imp>/di<v><prs>/di<v><prs><2sg>,TP=1;FN=0;FP=5
bīr-and,bīr<post><sub>><loc>,bīr<n>><loc>,TP=0;FN=1;FP=1
qišloq,qišloq<n>,qišloq<n>/qišlōq<n>,TP=2;FN=0;FP=0
vuδǰ-at,vuδ<v>><prf><m>><coord2>,vuð<v>><prf>><coord2>/vuδ<v>><prf>><coord2>/vuðǰ<v><prf><m>><2sg>/vuðǰ<v><prf><m>><2sg>/vuδǰ<v><prf><m>><2sg>/vuδǰ<v><prf><m>><2sg>/vuðǰ<v><prf><m>><coord2>/vuðǰ<v><prf><m>><coord2>/vuδǰ<v><prf><m>><coord2>/vuδǰ<v><prf><m>><coord2>,TP=4;FN=0;FP=6
qišloq-and-ga,qišloq<n>><loc>><add1>,qišloq<n>><loc>><add>/qišlōq<n>><loc>><add>,TP=0;FN=1;FP=2
ɣulā,ɣulā<n>,ɣulā<adj>/ɣulā<n>,TP=1;FN=0;FP=1
boǰakzor,<walnut>>zor<n><place>,boǰ<n>><dim>><place>/boǰ<n>><dim>><place>/bōǰ<n>><dim>><place>/bōǰ<n>><dim>><place>/boǰak<n>><place>/boǰak<n>><place>/bōǰak<n>><place>/bōǰak<n>><place>,TP=0;FN=1;FP=8
tīramo,tīramo<n>,tīr<adj>>амо<n>/tīramo<n>/tīramō<n>,TP=2;FN=0;FP=1
boǰak,boǰak<n>,boǰ<n>><dim>/boǰ<n>><dim>/bōǰ<n>><dim>/bōǰ<n>><dim>/boǰak<n>/boǰak<n>/bōǰak<n>/bōǰak<n>,TP=4;FN=0;FP=4
firopt-at,firop<v>><prs><3sg>><coord2>,firop<v>><prs><3sg>><coord2>/firōp<v>><prs><3sg>><coord2>,TP=2;FN=0;FP=0
yid,yid<dem><d2><sg>,yid<dem><d2><sg>,TP=1;FN=0;FP=0
xāfst,xāfs<v>><prs><3sg>,xāfs<v><prs>><2sg>/xāfs<v>><inf>/xāfs<v>><prs><3sg>/xāfs<v>><pst>,TP=1;FN=0;FP=3
ar,ar<prep><down>/ar<pro>/ar<prt>,ar<n>/ar<prep>/ar<pro>/ar<prt>,TP=2;FN=1;FP=2
cift,cif<v>><inf>,cif<v><prs>><2sg>/cif<v>><inf>/cif<v>><prs><3sg>/cif<v>><pst>/cift<v><prs>,TP=1;FN=0;FP=4
mardum,mardum<n>,mard<adj>><1sg>/mard<n>><1sg>/mardum<n>,TP=1;FN=0;FP=2
wi,wi<dem><d3><m><sg><obl>/wi<pers><d3><m><sg><obl>/wi<pro><d3><m><sg><obl>,wi<dem><d3><m><sg><obl>,TP=1;FN=2;FP=0
wintow,wīn<v>><inf>><purp>,win<v>><inf>><purp>,TP=1;FN=0;FP=0
wīnt,wīn<v>><prs><3sg>/wīn<v>><pst>,wīn<v><prs>><2sg>/wīn<v>><inf>/wīn<v>><prs><3sg>/wīn<v>><pst>,TP=2;FN=0;FP=2
amo,amo<conj>,amo<n>/amō<n>,TP=0;FN=1;FP=2
as,as<prep><el>,as<prep>,TP=0;FN=1;FP=1
x̌oǰ,x̌oǰ<n>,x̌oǰ<n>/x̌oǰ<n>/x̌ōǰ<n>/x̌ōǰ<n>,TP=4;FN=0;FP=0
čīraθ,čīr<pro>><int>,čīr<pro>><adv>/čīr<pro>><int>/čīr<pro>>><adv>/čīr<pro>><adv>/čīr<pro>><int>/čīr<pro>>><adv>,TP=2;FN=0;FP=4
čīdow,čī<v>><inf>><purp>,čī<v>><inf>><purp>,TP=1;FN=0;FP=0
meθ-at,meθ<n>><in>,me<pro>><adv>><2sg>/me<pro>><adv>><coord2>/me<pro>>><adv>><2sg>/me<pro>>><adv>><coord2>/meθ<n>><2sg>/meϑ<n>><2sg>/meθ<n>><coord2>/meϑ<n>><coord2>,TP=0;FN=1;FP=8
mūysafedik,mūysafed<n>><dim>,mūysafed<n>><dim>,TP=1;FN=0;FP=0
bebun,<without>>bun<n>,<without><adj>>bun<n>/bebun<adj>,TP=0;FN=1;FP=2
cimūd,cimūd<n>,cimūd<n>,TP=1;FN=0;FP=0
woft,wof<v>><prs><3sg>,wof<v>><prs><3sg>/wōf<v>><prs><3sg>,TP=2;FN=0;FP=0
xu,xu<conj><coord1>/xu<dem><refl>/xu<pro><refl>/xu<conj><conj>,xu<conj><coord1>/xu<pro><refl>/xu<prt>/xu<v><prs>/xu<v><pst>,TP=2;FN=2;FP=3
yêst,yês<v>><prs><3sg>,yês<v>><prs><3sg>,TP=1;FN=0;FP=0
tar,tar<prep><eq>,tar<prep>/tar<v><prs>/tar<v><prs><f>,TP=0;FN=1;FP=3
yoδd,yoδ<v>><prs><3sg>,yoð<v>><inf>/yoδ<v>><inf>/yōð<v>><inf>/yōδ<v>><inf>/yoð<v>><prs><3sg>/yoδ<v>><prs><3sg>/yōð<v>><prs><3sg>/yōδ<v>><prs><3sg>/yoð<v>><pst>/yoδ<v>><pst>/yōð<v>><pst>/yōδ<v>><pst>/yoðd<prt>/yoδd<prt>/yōðd<prt>/yōδd<prt>,TP=4;FN=0;FP=12
fukaθ,fuk<pro>><int>/fukaθ<pro>/fuk<pro>,fuk<pro>><adv>/fuk<pro>><int>/fuk<pro>>><adv>/fuka<pro>><adv>/fuka<pro>>><adv>/fukaθ<pro>/fukaϑ<pro>,TP=5;FN=0;FP=4
biɣ̌ent,biɣ̌en<v>><prs><3sg>,biɣ̌en<v><prs>><2sg>/biɣ̌en<v>><inf>/biɣ̌en<v>><prs><3sg>/biɣ̌en<v>><pst>,TP=1;FN=0;FP=3
bix̌čīrt,bix̌čīr<v>><prs><3sg>,bix̌čīr<v>><prs><3sg>,TP=1;FN=0;FP=0
či,či<prt><prosp>/či<prep><prosp>,či<n>/či<prep>/či<pro>/či<v><inf>/či<v><prs>,TP=0;FN=2;FP=5
tīd,tī<v>><inf>,tī<v>><inf>/tī<v>><pst>,TP=1;FN=0;FP=1
sůd,sů<v>><prs><3sg>,sů<v>><prs><3sg>,TP=1;FN=0;FP=0
naw,naw<prt>,naw<adj>/naw<n>,TP=0;FN=1;FP=2
mis,mis<prt><add2>/mis<prt><add1>/mis<prt>,mis<n>/mis<prt>,TP=1;FN=2;FP=1
dām,dām<n>,dā<num>><ord>/dām<n>/dām<post>/dām<v><prs>,TP=1;FN=0;FP=3
sent-at,sen<v>><prs><3sg>><coord2>,sen<v><prs><3pl>><2sg>><2sg>/sen<v><prs><3pl>><2sg>><coord2>/sen<v><prs>><2sg>><2sg>/sen<v><prs>><2sg>><coord2>/sen<v>><inf>><coord2>/sen<v>><prs><3sg>><coord2>/sen<v>><pst>><coord2>,TP=1;FN=0;FP=6
yu,yu<dem><d3><m><sg>/yu<pers><d3><m><sg>,yu<dem><d3><m><sg>,TP=1;FN=1;FP=0
xoli,xoli<n>,xol<n>><3sg>/xōl<n>><3sg>/xol<n>><adj>/xōl<n>><adj>/xol<n>><subst>/xōl<n>><subst>/xoli<adj>/xōli<adj>/xoli<n>/xōli<n>,TP=2;FN=0;FP=8
to,to<prep><lim1>/to<conj><lim1>,to<conj>/tō<conj>/to<n>/tō<n>/to<prep>/tō<prep>,TP=0;FN=2;FP=6
sāraki-ec,sāraki<n>><lim2>,sār<n>><dim>><adj>><lim2>/sār<n>><dim>><subst>><lim2>,TP=0;FN=1;FP=2
bix̌čīrt-at,bix̌čīr<v>><prs><3sg>><coord2>,bix̌čīr<v>><prs><3sg>><coord2>,TP=1;FN=0;FP=0
vo,vo<prt>,vo<adj>/vō<adj>,TP=0;FN=1;FP=2
qār,qār<n>/qār<dem>,qār<n>,TP=1;FN=1;FP=0
kix̌t,kix̌<v>><prs><3sg>,kix̌<v><prs>><2sg>/kix̌<v>><inf>/kix̌<v>><prs><3sg>/kix̌<v>><pst>,TP=1;FN=0;FP=3
tuk-tukak,tuk<n><redup>><dim>,tuk-tuk<adj>><dim>/tuk-tukak<adj>,TP=0;FN=1;FP=2
tīzd,<go>>d<v><prs><3sg>/tīz<v>><prs><3sg>,tīz<v>><prs><3sg>,TP=1;FN=1;FP=0
wam,wam<dem><d3><f><sg><obl>/wam<pro><d3><f><sg><obl>/wam<pers><d3><f><sg><obl>,wam<dem><d3><f><sg><obl>,TP=1;FN=2;FP=0
rūz-and,rūz<n>><loc>,rūz<n>><loc>,TP=1;FN=0;FP=0
naxāfst,<neg>>xāfs<v>><prs><3sg>,<neg>>xāfs<v><prs>><2sg>/<neg>>xāfs<v>><inf>/<neg>>xāfs<v>><prs><3sg>/<neg>>xāfs<v>><pst>,TP=1;FN=0;FP=3
duzd,duzd<n>,duzd<n>,TP=1;FN=0;FP=0
xalos,xalos<n>,xalos<adj>/xalōs<adj>,TP=0;FN=1;FP=2
atā,atā<conj><advs>/atā<conj><coord2>/atā<conj><add>,atā<conj><advs>,TP=1;FN=2;FP=0
yamand,yam<dem><d1><sg>><loc>/yamand<dem><d1><sg>><loc>,yam<dem><d1><sg>><loc>/yam<n>><loc>/yama<n>><loc>,TP=2;FN=0;FP=2
qonūn,qonūn<n>,qonūn<n>/qōnūn<n>,TP=2;FN=0;FP=0
oxůn,oxůn<n>,oxůn<n>/ōxůn<n>,TP=2;FN=0;FP=0
muallimi,muallim<n>><subst>,muallim<n>><3sg>/muallim<n>><adj>/muallim<n>><subst>/muallimi<n>,TP=1;FN=0;FP=3
šariyati,šariyat<n>><ez>,šar<n>><3sg>><2sg>><3sg>/šar<n>><adj>><2sg>><3sg>/šar<n>><subst>><2sg>><3sg>/šari<n>><2sg>><3sg>/šariyat<n>><3sg>/šariyat<n>><adj>/šariyat<n>><subst>,TP=0;FN=1;FP=7
vud,vu<v><m>><pst>/vu<v><f_pl>><pst>/vu<v>><-pst>,vu<v>><inf>/vu<v>><pst>/vud<v><pst><m>,TP=1;FN=2;FP=2
ozmūd,ozmūd<n>,ozmūd<n>/ōzmūd<n>,TP=2;FN=0;FP=0
čīd,čī<v>><inf>/čīd<n>,čī<v>><inf>/čī<v>><pst>/čīd<n>,TP=2;FN=0;FP=1
sut,su<v><m>><pst>/su<v>><pst>,su<v><prs>><2sg>/su<v>><prs><3sg>/sut<v><prs>,TP=0;FN=2;FP=3
andūyd,andūy<v><m>><pst>,andūy<v>><inf>/andūy<v>><pst>/andūyd<v><pst><m>,TP=1;FN=0;FP=2
lůd-i,lů<v>><pst>><3sg>,lůd<v><imp>><3sg>/lůd<v><prs><3pl>><3sg>/lůd<v><prs><3sg>><3sg>/lůd<v><prs>><3sg>/lůd<v><pst>><3sg>,TP=1;FN=0;FP=4
wistoδ,wistoδ<n>,wistoð<n>/wistoδ<n>/wistōð<n>/wistōδ<n>,TP=4;FN=0;FP=0
wuz,wuz<pers><1sg>/wuz<pro><prn><1sg>,wuz<n>/wuz<pers><1sg>/wuz<v><prs>,TP=1;FN=1;FP=2
boyad,boyad<v>/boyad<n>,boy<n>><coord2>/bōy<n>><coord2>,TP=0;FN=2;FP=2
kinum,kin<v>><prs><1sg>,kin<v><imp>><1sg>/kin<v><prs>><1sg>/kin<v>><prs><1sg>,TP=2;FN=0;FP=1
abadi,abadi<n>,abadi<adj>,TP=0;FN=1;FP=1
zindā,zindā<n>,zindā<adj>,TP=0;FN=1;FP=1
risum,ris<v>><prs><1sg>,ris<v><prs>><1sg>/ris<v>><prs><1sg>,TP=2;FN=0;FP=0
wi-yi,wi<dem><d3><m><sg><obl>><3sg>,wi<dem><d3><m><sg><obl>><3sg>,TP=1;FN=0;FP=0
pex̌st,pêx̌s<v>><pst>/pêx̌s<v>><prs><3sg>,pex̌s<v><prs>><2sg>/pex̌s<v>><inf>/pex̌s<v>><prs><3sg>/pex̌s<v>><pst>,TP=2;FN=0;FP=2
ǰāt,ǰāt<post><cause>,ǰāt<n>/ǰāt<n>/ǰāt<prep>/ǰāt<prep>,TP=0;FN=1;FP=4
čīz,čīz<pro>/čīz<n>,čīz<pro>/čīz<n>/čīz<pro>/čīz<prt>,TP=3;FN=0;FP=1
lůvǰ,lův<v>><prf>,lův<v>><prf>,TP=1;FN=0;FP=0
tu-ta,tu<pers><2sg>><irr>,tu<pers><2sg><obl>><fut>/tu<pers><2sg>><fut>,TP=0;FN=1;FP=2
x̌oyi,x̌oy<v>><prs><2sg>,x̌oy<n>><3sg>/x̌ōy<n>><3sg>/x̌oy<n>><adj>/x̌ōy<n>><adj>/x̌oy<n>><subst>/x̌ōy<n>><subst>/x̌oy<v><prs>><3sg>/x̌ōy<v><prs>><3sg>/x̌oy<v>><prs><2sg>/x̌ōy<v>><prs><2sg>,TP=2;FN=0;FP=8
ǰiwob-i,ǰiwob<n>><3sg>,ǰiwob<n>><3sg>/ǰiwōb<n>><3sg>/ǰiwob<n>><3sg>/ǰiwōb<n>><3sg>/ǰiwob<n>><adj>/ǰiwōb<n>><adj>/ǰiwob<n>><adj>/ǰiwōb<n>><adj>/ǰiwob<n>><subst>/ǰiwōb<n>><subst>/ǰiwob<n>><subst>/ǰiwōb<n>><subst>,TP=4;FN=0;FP=8
δod,δo<v>><pst>/δo<v>><-pst>,ðo<v>><inf>/ðō<v>><inf>/δo<v>><inf>/δō<v>><inf>/ðo<v>><pst>/ðō<v>><pst>/δo<v>><pst>/δō<v>><pst>,TP=4;FN=1;FP=4
xudowand,xudowand<n><god>,xudowand<n>/xudōwand<n>,TP=0;FN=1;FP=2
xuδoy,xuδoy<n><god>,xuðoy<n>/xuðōy<n>/xuδoy<n>/xuδōy<n>,TP=0;FN=1;FP=4
dil-at,dil<n>><coord2>,dil<n>><2sg>/dil<n>><coord2>,TP=1;FN=0;FP=1
ǰůn-aθ,ǰůn<n>><int>,ǰůn<n>><adv>/ǰůn<n>><adv>/ǰůn<n>><int>/ǰůn<n>><int>,TP=2;FN=0;FP=2
žīwǰ,žīwǰ<v>,žīw<v>><prf>/žīwǰ<v><prs>/žīwǰ<v><prs>,TP=0;FN=1;FP=3
ki,ki<v>,ki<v><imp>,TP=0;FN=1;FP=1
cůnd,cůnd<pro>,cůnd<pro>,TP=1;FN=0;FP=0
tu,tu<pers><2sg>,tu<pers><2sg>/tu<pers><2sg><obl>,TP=1;FN=0;FP=1
quwat,quwat<n>,quwat<n>,TP=1;FN=0;FP=0
ca,ca<conj><subd>,ca<conj><subd>/ca<n>/ca<pro>/ca<prt>,TP=1;FN=0;FP=3
at,at<conj><coord2>/at<prt><coord2>,at<conj><coord2>,TP=1;FN=1;FP=0
aqli,aqli<n>,aqli<n>,TP=1;FN=0;FP=0
firopt,firop<v>><prs><3sg>,firop<v>><prs><3sg>/firōp<v>><prs><3sg>,TP=2;FN=0;FP=0
wi-rd,wi<dem><d3><m><sg><obl>><dat>/wi<pers><d3><m><sg><obl>><dat>,wi<dem><d3><m><sg>><dat>,TP=0;FN=2;FP=1
xizmat,xizmat<n>,xizmat<n>,TP=1;FN=0;FP=0
kin,kin<v>,kin<v><imp>/kin<v><prs>,TP=0;FN=1;FP=2
yiga,yi<pro><indef>><add1>/yi<prt><indef>><add2>,yi<adj>><add>/yi<pro>><add>,TP=0;FN=2;FP=2
ǰinow,ǰinow<post>/ǰinow<n>,ǰinow<adj>/ǰinōw<adj>/ǰinow<adj>/ǰinōw<adj>/ǰinow<post>/ǰinōw<post>/ǰinow<post>/ǰinōw<post>,TP=4;FN=1;FP=4
wi-rd-i,wi<dem><d3><m><sg><obl>><dat>><3sg>,wi<dem><d3><m><sg>><dat>><3sg>/wi<dem><d3><m><sg>><dat>><adj>/wi<dem><d3><m><sg>><dat>><subst>/wi<dem><d3><m><sg>><dat>>><adj>/wi<dem><d3><m><sg>><dat>>><subst>,TP=0;FN=1;FP=5
lůd,lů<v>><pst>/lů<v>><-pst>,lů<v>><inf>/lů<v>><pst>/lůd<v><imp>/lůd<v><prs>/lůd<v><prs><3pl>/lůd<v><prs><3sg>/lůd<v><pst>,TP=2;FN=1;FP=5
tu-t,tu<pers><2sg>><2sg>/tu<pro><prn><2sg>><2sg>,tu<pers><2sg><obl>><2sg>/tu<pers><2sg>><2sg>,TP=1;FN=1;FP=1
durust,durust<n>,durust<adj>,TP=0;FN=1;FP=1
ǰiwob,ǰiwob<n>,ǰiwob<n>/ǰiwōb<n>/ǰiwob<n>/ǰiwōb<n>,TP=4;FN=0;FP=0
yik,yik<prt><emph>/yik<prt><indef>,yik<n>,TP=0;FN=2;FP=1
gāp-ti,gāp<n>><sup>,gāp<n>><2sg>><3sg>/gāp<n>><sup>,TP=1;FN=0;FP=1
kini,kin<v>><prs><2sg>,kin<v><imp>><3sg>/kin<v><prs>><3sg>/kin<v>><prs><2sg>,TP=1;FN=0;FP=2
zindagi-ta,zindagi<n>><irr>,zindagi<n>><fut>,TP=0;FN=1;FP=1
safedčīd,safed<v>><do>><inf>,safed<adj>>чӣд<n>,TP=0;FN=1;FP=1
ǰāt-i,ǰāt<post><cause>><3sg>,ǰāt<n>><3sg>/ǰāt<n>><3sg>/ǰāt<n>><adj>/ǰāt<n>><adj>/ǰāt<n>><subst>/ǰāt<n>><subst>,TP=0;FN=1;FP=6
mu-rd,mu<pers><1sg><obl>><dat>,mu<pers><1sg>><dat>,TP=0;FN=1;FP=1
nazdīk,nazdīk<prep>/nazdīk<n>,nazdīk<adj>,TP=0;FN=2;FP=1
čāy,čāy<pro>,čāy<n>/čāy<pro>,TP=1;FN=0;FP=1
ǰiwob-and-i,ǰiwob<n>><loc>><3sg>,ǰiwob<n>><loc>><3sg>/ǰiwōb<n>><loc>><3sg>/ǰiwob<n>><loc>><3sg>/ǰiwōb<n>><loc>><3sg>,TP=4;FN=0;FP=0
odam,odam<n>,odam<n>/ōdam<n>,TP=2;FN=0;FP=0
tūyǰ,tūy<v>><prf><m>,tūy<v>><prf>/tūyǰ<v><prf><m>/tūyǰ<v><prf><m>,TP=2;FN=0;FP=1
rāzanen-and-i,rāzan<n>><pl>><loc>><3sg>,rāzan<n>><pl>><loc>><3sg>,TP=1;FN=0;FP=0
δoδǰ,δoδ<v>><prf>,ðoð<v>><prf>/ðoδ<v>><prf>/ðōð<v>><prf>/ðōδ<v>><prf>/δoð<v>><prf>/δoδ<v>><prf>/δōð<v>><prf>/δōδ<v>><prf>/ðoðǰ<v><prf><m>/ðoðǰ<v><prf><m>/ðoδǰ<v><prf><m>/ðoδǰ<v><prf><m>/ðōðǰ<v><prf><m>/ðōðǰ<v><prf><m>/ðōδǰ<v><prf><m>/ðōδǰ<v><prf><m>/δoðǰ<v><prf><m>/δoðǰ<v><prf><m>/δoδǰ<v><prf><m>/δoδǰ<v><prf><m>/δōðǰ<v><prf><m>/δōðǰ<v><prf><m>/δōδǰ<v><prf><m>/δōδǰ<v><prf><m>/ðoðǰ<v><prs>/ðoðǰ<v><prs>/ðoδǰ<v><prs>/ðoδǰ<v><prs>/ðōðǰ<v><prs>/ðōðǰ<v><prs>/ðōδǰ<v><prs>/ðōδǰ<v><prs>/δoðǰ<v><prs>/δoðǰ<v><prs>/δoδǰ<v><prs>/δoδǰ<v><prs>/δōðǰ<v><prs>/δōðǰ<v><prs>/δōδǰ<v><prs>/δōδǰ<v><prs>,TP=8;FN=0;FP=32
wāδ-en,wāδ<dem><d3><pl>><3pl>/wāδ<dem><d2><pl>><3pl>/wāδ<pro><d3><pl>><3pl>,wāð<dem><d3><pl>><3pl>/wāδ<dem><d3><pl>><3pl>,TP=2;FN=2;FP=0
ɣorat,ɣorat<n>,ɣor<n>><2sg>/ɣōr<n>><2sg>/ɣor<n>><coord2>/ɣōr<n>><coord2>/ɣorat<n>/ɣōrat<n>,TP=2;FN=0;FP=4
xuben,xub<n>><3pl>,xub<n>><3pl>/xub<n>><pl>,TP=1;FN=0;FP=1
nīmǰůn-en,nīmǰůn<n>><3pl>,nīmǰůn<adj>><3pl>/nīmǰůn<adj>><3pl>,TP=0;FN=1;FP=2
pitêwǰ,pitêw<v>><prf>,pitêw<v>><prf>,TP=1;FN=0;FP=0
zibic-en,zibi<v>><prf><f_pl>><3pl>,zibic<v><prf><f>><3pl>,TP=0;FN=1;FP=1
půnd,půnd<n>,půnd<n>,TP=1;FN=0;FP=0
va,va<post><prol>/va<v>,va<v><imp>,TP=0;FN=2;FP=1
naɣ̌ǰīδǰ,naɣ̌ǰīδ<v>><prf>,naɣ̌ǰīð<v>><prf>/naɣ̌ǰīδ<v>><prf>/naɣ̌ǰīð<v>><prf>/naɣ̌ǰīδ<v>><prf>/naɣ̌ǰīðǰ<v><prf><m>/naɣ̌ǰīðǰ<v><prf><m>/naɣ̌ǰīδǰ<v><prf><m>/naɣ̌ǰīδǰ<v><prf><m>/naɣ̌ǰīðǰ<v><prf><m>/naɣ̌ǰīðǰ<v><prf><m>/naɣ̌ǰīδǰ<v><prf><m>/naɣ̌ǰīδǰ<v><prf><m>,TP=4;FN=0;FP=8
to-yi,to<conj><lim1>><3sg>,to<n>><3sg>/tō<n>><3sg>,TP=0;FN=1;FP=2
wīnč,wīn<v>><prf>,wīn<v>><prf>,TP=1;FN=0;FP=0
yi-ga,yi<prt><indef>><add1>,yi-ga<pro>/yi<adj>><add>/yi<pro>><add>,TP=0;FN=1;FP=3
taraf,taraf<n>,taraf<n>,TP=1;FN=0;FP=0
dis-ga-yi,dis<pro>><add1>><3sg>,dis<pro>><add>><3sg>,TP=0;FN=1;FP=1
mardīnā,mardīnā<n>,mardīnā<adj>/mardīnā<n>,TP=1;FN=0;FP=1
awlod,awlod<n>,awlod<n>/awlōd<n>,TP=2;FN=0;FP=0
xez,xez<post><apud>,xez<adj>/xez<post>,TP=0;FN=1;FP=2
qati,qati<post><com>,qat<v><prs><f>><3sg>/qat<v><pst><f>><3sg>/qati<post>/qati<prep>,TP=0;FN=1;FP=4
naɣ̌ǰīst,naɣ̌ǰīs<v>><prs><3sg>,naɣ̌ǰīs<v><prs>><2sg>/naɣ̌ǰīs<v><prs>><2sg>/naɣ̌ǰīs<v>><inf>/naɣ̌ǰīs<v>><inf>/naɣ̌ǰīs<v>><prs><3sg>/naɣ̌ǰīs<v>><prs><3sg>/naɣ̌ǰīs<v>><pst>/naɣ̌ǰīs<v>><pst>,TP=2;FN=0;FP=6
samari,samari<nprop><samaritan>,samar<n>><3sg>/samar<n>><adj>/samar<n>><subst>,TP=0;FN=1;FP=3
čorik,čorik<n>,čor<n>><dim>/čōr<n>><dim>/čorik<n>/čōrik<n>,TP=2;FN=0;FP=2
půnd-ti,půnd<n>><sup>,půnd<n>><2sg>><3sg>/půnd<n>><sup>,TP=1;FN=0;FP=1
yaθč,yaθ<v>><prf>,yaθ<v>><prf>/yaϑ<v>><prf>/yaθč<prt>/yaϑč<prt>,TP=2;FN=0;FP=2
bečorā-yi,bečorā<n>><3sg>,<without><adj>>čorā<n>><3sg>/<without><adj>>čōrā<n>><3sg>/bečorā<adj>><3sg>/bečōrā<adj>><3sg>/bečorā<n>><3sg>/bečōrā<n>><3sg>,TP=2;FN=0;FP=4
rām-i,rām<n>><3sg>,rām<n>><3sg>/rām<n>><adj>/rām<n>><subst>,TP=1;FN=0;FP=2
bar,bar<prep><all>,bar<intj>/bar<n>/bar<prep>,TP=0;FN=1;FP=3
qačīr-ti,qačīr<n>><sup>,qačīr<n>><2sg>><3sg>/qačīr<n>><sup>,TP=1;FN=0;FP=1
xāvǰ,xāv<v>><prf>,xāv<v>><prf>,TP=1;FN=0;FP=0
zaxmiyen-i,zaxmi<n>><pl>><3sg>,zaxmi<adj>><3pl>><3sg>/zaxmi<n>><3pl>><3sg>/zaxmi<n>><pl>><3sg>/zaxmi<n>><pl>><adj>/zaxmi<n>><pl>><subst>,TP=1;FN=0;FP=4
zinoδǰ,zinoδ<v>><prf>,zinoð<v>><prf>/zinoδ<v>><prf>/zinōð<v>><prf>/zinōδ<v>><prf>,TP=4;FN=0;FP=0
yamard-i,yam<dem><d1><sg>><dat>><3sg>,yam<dem><d1><sg>><dat>><3sg>/yam<dem><d1><sg>><dat>><adj>/yam<dem><d1><sg>><dat>><subst>/yam<dem><d1><sg>><dat>>><adj>/yam<dem><d1><sg>><dat>>><subst>/yam<n>><dat>><3sg>/yama<n>><dat>><3sg>,TP=1;FN=0;FP=6
rūɣan,rūɣan<n>,rūɣan<n>,TP=1;FN=0;FP=0
šarob,šarob<n>,šarob<n>/šarōb<n>,TP=2;FN=0;FP=0
molč,mol<v>><prf>,mol<v>><prf>/mōl<v>><prf>,TP=2;FN=0;FP=0
sawor,sawor<n>,sawor<n>/sawōr<n>,TP=2;FN=0;FP=0
vūɣ̌ǰ,vūɣ̌<v>><prf>,vūɣ̌<v>><prf>,TP=1;FN=0;FP=0
yamandi-yi,yam<dem><d1><sg>><loc>><3sg>,yam<dem><d1><sg>><loc>><3sg>><3sg>/yam<dem><d1><sg>><loc>><adj>><3sg>/yam<dem><d1><sg>><loc>><subst>><3sg>/yam<dem><d1><sg>><loc>>><adj>><3sg>/yam<dem><d1><sg>><loc>>><subst>><3sg>/yam<n>><loc>><3sg>><3sg>/yama<n>><loc>><3sg>><3sg>,TP=1;FN=0;FP=6
pis,pis<prep><goal>,pis<prep>/pis<v><prs>,TP=0;FN=1;FP=2
paloysč,paloys<v>><prf>,paloys<v>><prf>/palōys<v>><prf>,TP=2;FN=0;FP=0
meθ-ard,meθ<n>><dat>,meθ<n>><dat>/meϑ<n>><dat>,TP=2;FN=0;FP=0
tīdow-ti-yi,tī<v>><inf>><purp>><sup>><3sg>,tī<v>><inf>><purp>><2sg>><3sg>><3sg>,TP=0;FN=1;FP=1
soyib-ard,soyib<n>><dat>,soyib<n>><dat>/sōyib<n>><dat>,TP=2;FN=0;FP=0
δu,δu<num>,ðu<num>/δu<num>,TP=2;FN=0;FP=0
dāk,dāk<v>,dāk<v><prs>,TP=0;FN=1;FP=1
čorik-aθ,čorik<n>><int>,čor<n>><dim>><adv>/čōr<n>><dim>><adv>/čor<n>><dim>><int>/čōr<n>><dim>><int>/čorik<n>><adv>/čōrik<n>><adv>/čorik<n>><int>/čōrik<n>><int>,TP=2;FN=0;FP=6
paloys,paloys<v>,paloys<v><prs>/palōys<v><prs>,TP=0;FN=1;FP=2
aga,aga<conj>,aga<conj>,TP=1;FN=0;FP=0
xarč,xarč<n>,xarč<n>,TP=1;FN=0;FP=0
gax̌t,gax̌t<n>,gax̌t<n>,TP=1;FN=0;FP=0
tu-rd,tu<pers><2sg>><dat>,tu-rd<pro>/tu<pers><2sg>><dat>,TP=1;FN=0;FP=1
garδenum,garδen<v>><prn><1sg>,garðen<v><prs>><1sg>/garδen<v><prs>><1sg>/garðen<v>><prs><1sg>/garδen<v>><prs><1sg>,TP=0;FN=1;FP=4
lůvi,lův<v>><prs><2sg>,lův<v><prs>><3sg>/lův<v>><prs><2sg>,TP=1;FN=0;FP=1
dev,dev<dem><d2><pl><obl>,dev<dem><d2><pl><obl>,TP=1;FN=0;FP=0
rāzanen,rāzan<n>><pl>,rāzan<n>><3pl>/rāzan<n>><pl>,TP=1;FN=0;FP=1
čorik-ard,čorik<n>><dat>,čor<n>><dim>><dat>/čōr<n>><dim>><dat>/čorik<n>><dat>/čōrik<n>><dat>,TP=2;FN=0;FP=2
yik-u,yik<dem><emph>><d3><m><sg>/yik<pro><emph>><d3><m><sg>,yik<n>><coord3>,TP=0;FN=2;FP=1
čūd,čū<v>><pst>,čū<v>><inf>/čū<v>><pst>,TP=1;FN=0;FP=1
sa,sa<v>,sa<v><imp>/sa<v><prs>,TP=0;FN=1;FP=2
dis-ga,dis<pro>><add2>/dis<pro>><add1>/dis<adj.pro>><add1>,dis<pro>><add>,TP=0;FN=3;FP=1
meθ,meθ<n>,me<pro>><adv>/me<pro>>><adv>/meθ<n>/meϑ<n>,TP=2;FN=0;FP=2
ǰo-ndi,ǰo<n>><loc>,ǰo<n>><loc>><3sg>/ǰō<n>><loc>><3sg>/ǰo<n>><loc>><3sg>/ǰō<n>><loc>><3sg>,TP=0;FN=1;FP=4
duo-yi,duo<n>><3sg>,duo<n>><3sg>/duō<n>><3sg>,TP=2;FN=0;FP=0
x̌ogird,x̌ogird<n>,x̌ogird<n>/x̌ōgird<n>,TP=2;FN=0;FP=0
e,e<prt><voc>,e<intj>/e<prt>,TP=0;FN=1;FP=2
māš,māš<pers><1pl>,māš<pers><1pl>/māš<pers><1pl><obl>,TP=1;FN=0;FP=1
uxmānd,uxmānd<n>,uxmānd<adj>,TP=0;FN=1;FP=1
yida,yida<dem><d2><loc>,yida<prt>,TP=0;FN=1;FP=1
x̌ogirden-i,x̌ogird<n>><pl>><3sg>,x̌ogird<n>><3pl>><3sg>/x̌ōgird<n>><3pl>><3sg>/x̌ogird<n>><pl>><3sg>/x̌ōgird<n>><pl>><3sg>/x̌ogird<n>><pl>><adj>/x̌ōgird<n>><pl>><adj>/x̌ogird<n>><pl>><subst>/x̌ōgird<n>><pl>><subst>,TP=2;FN=0;FP=6
wev-ard-i,wev<dem><d3><pl><obl>><dat>><3sg>,wev<dem><d3><pl>><dat>><3sg>/wev<dem><d3><pl>><dat>><adj>/wev<dem><d3><pl>><dat>><subst>/wev<dem><d3><pl>><dat>>><adj>/wev<dem><d3><pl>><dat>>><subst>,TP=0;FN=1;FP=5
waxt,waxt<n>/wax̌t<n>,waxt<n>,TP=2;FN=0;FP=0
duo,duo<n>,duo<n>/duō<n>,TP=2;FN=0;FP=0
x̌êyd,x̌ey<v>><inf>,x̌êy<v>><inf>/x̌êy<v>><pst>,TP=1;FN=0;FP=1
set,s<v>><prs><2pl>,set<v><prs><2pl>,TP=1;FN=0;FP=0
dis,dis<prt>/dis<pro>,dis<pro>/dis<prt>,TP=2;FN=0;FP=0
lůvet,lův<v>><prs><2pl>,lův<v><prs>><2pl>/lův<v>><prs><2pl>,TP=2;FN=0;FP=0
padari,padar<n>><ez>,padar<n>><3sg>/padar<n>><adj>/padar<n>><subst>,TP=0;FN=1;FP=3
buzurgwor,buzurgwor<n>,buzurg<adj>>wор<n>,TP=0;FN=1;FP=1
osmůn,osmůn<n>,osmůn<n>/ōsmůn<n>,TP=2;FN=0;FP=0
lāk,lāk<v>,lāk<conj>/lāk<n>/lāk<prt>/lāk<v><prs>,TP=0;FN=1;FP=4
nům,nům<n>,nům<n>,TP=1;FN=0;FP=0
zamīn-ti,zamīn<n>><sup>,zamīn<n>><2sg>><3sg>/zamīn<n>><sup>,TP=1;FN=0;FP=1
barqaror,barqaror<n>,barqaror<n>/barqarōr<n>,TP=2;FN=0;FP=0
ved,ve<v>><prs><3sg>,ve<v>><prs><3sg>,TP=1;FN=0;FP=0
māš-ard,māš<pers><1pl>><dat>,māš<pers><1pl>><dat>,TP=1;FN=0;FP=0
risq,risq<n>,risq<n>,TP=1;FN=0;FP=0
rūzi,rūzi<n>,rūz<n>><3sg>/rūz<n>><adj>/rūz<n>><subst>/rūzi<n>,TP=1;FN=0;FP=3
guno,guno<n>,guno<n>/gunō<n>,TP=2;FN=0;FP=0
biyomurzīdā,biyomurzīdā<n>,biyomurzīdā<intj>/biyōmurzīdā<intj>,TP=0;FN=1;FP=2
fukard-aθ,fuk<pro>><dat>><int>,fuk<pro>><dat>><adv>/fuk<pro>><dat>><int>/fuk<pro>><dat>>><adv>/fuka<pro>><dat>><adv>/fuka<pro>><dat>><int>/fuka<pro>><dat>>><adv>,TP=2;FN=0;FP=4
badi,bad<n>><subst>,bad<adj>><3sg>/bad<n>><3sg>/bad<n>><adj>/bad<n>><subst>/badi<n>,TP=1;FN=0;FP=4
wev,wev<dem><d3><pl><obl>/wev<pro><d3><pl><obl>,wev<dem><d3><pl><obl>,TP=1;FN=1;FP=0
kinām,kin<v>><prs><1pl>/kin<v>><-prs><1pl>,kin<v><imp>><1pl>/kin<v><prs>><1pl>/kin<v>><prs><1pl>,TP=2;FN=1;FP=1
ozmūd-ard,ozmūd<n>><dat>,ozmūd<n>><dat>/ōzmūd<n>><dat>,TP=2;FN=0;FP=0
dičor,dičor<n>,dičor<n>/dičōr<n>,TP=2;FN=0;FP=0
yiblīs,yiblīs<n>,yiblīs<n>,TP=1;FN=0;FP=0
nigo,nigo<n>,nigo<n>/nigō<n>,TP=2;FN=0;FP=0
δêr,δêr<v>,ðêr<v><prs>/δêr<v><prs>,TP=0;FN=1;FP=2
farz-ām,farz<n>><1pl>,farz<n>><1pl>,TP=1;FN=0;FP=0
yīw-and,yīw<num>><loc>,yīw<pro>><loc>,TP=0;FN=1;FP=1
tama,tama<pers><2pl>,tama<pers><2pl>/tama<pers><2pl><obl>,TP=1;FN=0;FP=1
dūst,dūst<n>,dūst<n>,TP=1;FN=0;FP=0
yast,yast<v>,yas<v>><prs><3sg>,TP=0;FN=1;FP=1
barobar,barobar<n>,<with><adj>>robar<n>/<with><adj>>rōbar<n>/barobar<adj>/barōbar<adj>,TP=0;FN=1;FP=4
x̌āb,х̌āb<n>,x̌āb<n>,TP=1;FN=0;FP=0
divi,divi<n>,divi<n>,TP=1;FN=0;FP=0
lůvd,lův<v>><prs><3sg>,lův<v>><inf>/lův<v>><prs><3sg>/lův<v>><pst>,TP=1;FN=0;FP=2
garδā,garδā<n>,garðā<n>/garδā<n>,TP=2;FN=0;FP=0
δa,δa<v>,ða<v><imp>/δa<v><imp>,TP=0;FN=1;FP=2
šič,šič<prt>,šič<adj>,TP=0;FN=1;FP=1
mu,mu<pers><1sg><obl>,mu<pers><1sg><obl>,TP=1;FN=0;FP=0
ded,de<v>><pst>,de<v>><inf>/de<v>><pst>,TP=1;FN=0;FP=1
mu-nd,mu<pers><1sg><obl>><loc>,mu<pers><1sg>><loc>,TP=0;FN=1;FP=1
yi-čīz-aθ,yi<pro><indef>><thing>><int>,yi-čīz<pro>><adv>/yi-čīz<pro>><int>/yi-čīz<pro>>><adv>/yi<adj>>чӣз<n>><int>/yičīz<pro>><adv>/yičīz<pro>><int>/yičīz<pro>>><adv>/yičīzaθ<pro>/yičīzaϑ<pro>,TP=0;FN=1;FP=9
nist,nist<v><neg>,nist<prt>/nist<v><prs>,TP=0;FN=1;FP=2
piro-ndi,piro<prep>><loc>,piro<n>><loc>><3sg>/pirō<n>><loc>><3sg>,TP=0;FN=1;FP=2
naxo,naxo<prt>,<neg>>xo<v><prs>/<neg>>xō<v><prs>/<neg>>xo<v><pst>/<neg>>xō<v><pst>/naxo<prt>/naxō<prt>,TP=2;FN=0;FP=4
yu-ta,yu<dem><d3><m><sg>><irr>,yu<dem><d3><m><sg>><fut>,TP=0;FN=1;FP=1
čīd-and,čīd<n>><loc>,čīd<n>><loc>,TP=1;FN=0;FP=0
dūst-ard,dūst<n>><dat>,dūst<n>><dat>,TP=1;FN=0;FP=0
a,a<prt><voc>,a<prt>,TP=0;FN=1;FP=1
ǰůn,ǰůn<n>,ǰůn<n>/ǰůn<n>,TP=2;FN=0;FP=0
ol,ol<n>,ol<intj>/ōl<intj>/ol<n>/ōl<n>,TP=2;FN=0;FP=2
čust,čust<v>,čust<adj>,TP=0;FN=1;FP=1
bāč-kāč-en,bāčkāč<n>><redup>><3pl>,bāč-kāč<n>><3pl>/bāč-kāč<n>><pl>,TP=0;FN=1;FP=2
x̌êvӡ,x̌êv<v>><prf><f_pl>,x̌êvʒ<v><prf><f>/x̌êvӡ<v><prf><f>,TP=0;FN=1;FP=2
wuz-um,wuz<pers><1sg>><1sg>/wuz<dem><prn><1sg>><1sg>,wuz<n>><1sg>/wuz<pers><1sg>><1sg>/wuz<v><prs>><1sg>,TP=1;FN=1;FP=2
bīreǰ,bīreǰ<n>,bīreǰ<n>/bīreǰ<n>,TP=2;FN=0;FP=0
andiӡum,andiʒ<v>><prs><1sg>,andiӡ<v><prs>><1sg>/andiӡ<v>><prs><1sg>/andiʒ<v><prs>><1sg>/andiӡ<v><prs>><1sg>/andiʒ<v>><prs><1sg>/andiӡ<v>><prs><1sg>,TP=6;FN=0;FP=0
ziwêδum,ziwêδ<v>><1sg>,ziwêð<v><prs>><1sg>/ziwêδ<v><prs>><1sg>/ziwêð<v>><prs><1sg>/ziwêδ<v>><prs><1sg>,TP=0;FN=1;FP=4
rost-aθ,rost<n>><adv>,rost<adj>><adv>/rōst<adj>><adv>/rost<adj>><int>/rōst<adj>><int>/rost<n>><adv>/rōst<n>><adv>/rost<n>><int>/rōst<n>><int>,TP=2;FN=0;FP=6
tama-rd,tama<pers><2pl>><dat>,tama<pers><2pl>><dat>,TP=1;FN=0;FP=0
lům,lů<v>><prs><1sg>,lům<n>/lům<v><prs><1sg>,TP=1;FN=0;FP=1
na,na<prt><neg>,na<prt>,TP=0;FN=1;FP=1
picemak,picemak<n>,picemak<n>,TP=1;FN=0;FP=0
dūst-ta,dūst<n>><irr>,dūst<n>><fut>,TP=0;FN=1;FP=1
maǰbūr,maǰbūr<n>,maǰbūr<adj>/maǰbūr<adj>,TP=0;FN=1;FP=2
andīzd,andīz<v>><prs><3sg>,andīz<v>><prs><3sg>,TP=1;FN=0;FP=0
fort,for<v>><prs><3sg>,for<v><prs>><2sg>/fōr<v><prs>><2sg>/for<v>><inf>/fōr<v>><inf>/for<v>><prs><3sg>/fōr<v>><prs><3sg>/for<v>><pst>/fōr<v>><pst>,TP=2;FN=0;FP=6
tilābet,tilāb<v>><prs><2pl>,tilāb<v><prs>><2pl>/tilāb<v>><prs><2pl>,TP=2;FN=0;FP=0
tama-rd-ta,tama<pers><2pl>><dat>><irr>,tama<pers><2pl>><dat>><fut>,TP=0;FN=1;FP=1
dāken,dāk<v>><prs><3pl>,dāk<v><prs>><3pl>/dāk<v>><prs><3pl>,TP=2;FN=0;FP=0
x̌ikaret,x̌ikar<v>><prs><2pl>,x̌ikar<v><prs>><2pl>/x̌ikar<v>><prs><2pl>,TP=2;FN=0;FP=0
viriyet-ta,viri<v>><prs><2pl>><irr>,viri<v><prs>><2pl>><fut>/viri<v>><prs><2pl>><fut>,TP=0;FN=1;FP=2
diyet,di<v>><prs><2pl>,di<dem><d2><m><sg><obl>><2pl>/di<v><imp>><2pl>/di<v><prs><2sg>><2pl>/di<v><prs>><2pl>/di<v>><prs><2pl>,TP=2;FN=0;FP=3
yet,yet<n>,yet<adj>/yet<n>,TP=1;FN=0;FP=1
kinen,kin<v>><prs><3pl>/kin<v>><-prs><3pl>,kin<v><imp>><3pl>/kin<v><prs>><3pl>/kin<v>><prs><3pl>,TP=2;FN=1;FP=1
tilāpt,tilāp<v>><prs><3sg>/tilāp<v>><pst>,tilāp<v><prs>><2sg>/tilāp<v>><inf>/tilāp<v>><prs><3sg>/tilāp<v>><pst>,TP=2;FN=0;FP=2
zêzd-ta,zêz<v>><prs><3sg>><irr>,zêz<v>><inf>><fut>/zêz<v>><prs><3sg>><fut>/zêz<v>><pst>><fut>,TP=0;FN=1;FP=3
x̌ikīrt,x̌ikīr<v>><prs><3sg>,x̌ikīr<v>><prs><3sg>,TP=1;FN=0;FP=0
vired-ta,vire<v>><prs><3sg>><irr>,vire<v>><prs><3sg>><fut>,TP=0;FN=1;FP=1
δīd,δī<v>><pst>/δī<v>><prs><3sg>,ðī<v>><prs><3sg>/δī<v>><prs><3sg>/ðīd<n>/δīd<n>,TP=2;FN=1;FP=2
memūn,memūn<n>,me<adj>>мӯн<n>/memūn<n>,TP=1;FN=0;FP=1
di-yi,di<dem><d2><m><sg><obl>><3sg>,di<dem><d2><m><sg><obl>><3sg>/di<v><imp>><3sg>/di<v><prs><2sg>><3sg>/di<v><prs>><3sg>,TP=1;FN=0;FP=3
x̌ud,x̌u<v>><3sg>/x̌u<v>><pst>,x̌u<v>><inf>/x̌u<v>><pst>,TP=1;FN=1;FP=1
xušbaxt,xušbaxt<n>,xuš<adj>>бахт<n>/xušbaxt<adj>/xušbaxt<n>,TP=1;FN=0;FP=2
šelůn,šelůn<n>,šelůn<n>,TP=1;FN=0;FP=0
xīrt,xīr<v>><prs><3sg>,xīr<n>><2sg>/xīr<v>><prs><3sg>,TP=1;FN=0;FP=1
ziyofat-i,ziyofat<n>><3sg>,ziyofat<n>><3sg>/ziyōfat<n>><3sg>/ziyofat<n>><adj>/ziyōfat<n>><adj>/ziyofat<n>><subst>/ziyōfat<n>><subst>,TP=2;FN=0;FP=4
taškīl,taškīl<n>,taškīl<n>,TP=1;FN=0;FP=0
lap,lap<prt>/lap<pro>/lap<n>,lap<adj>,TP=0;FN=3;FP=1
memūn-i,memūn<n>><3sg>,me<adj>>мӯн<n>><3sg>/memūn<n>><3sg>/memūn<n>><adj>/memūn<n>><subst>,TP=1;FN=0;FP=3
qīwd,qīw<v>><pst>,qīw<v>><inf>/qīw<v>><prs><3sg>/qīw<v>><pst>,TP=1;FN=0;FP=2
dastorxůn,dastorxůn<n>,dastor<adj>>ху̊н<n>/dastōr<adj>>ху̊н<n>/dastorxůn<n>/dastōrxůn<n>,TP=2;FN=0;FP=2
kāl-ti,kāl<n>><sup>,kāl<n>><2sg>><3sg>/kāl<n>><sup>,TP=1;FN=0;FP=1
nīstow,nīs<v>><inf>><purp>,nīs<v>><inf>><purp>/nīstow<v><prs>/nīstōw<v><prs>,TP=1;FN=0;FP=2
yat,ya<v>><pst>/ya<v>><-pst>,ya<v><imp>><2sg>/ya<v><prs>><2sg>/ya<v>><prs><3sg>/yat<prt>/yat<v><prs>,TP=0;FN=2;FP=5
ɣulům-i,ɣulům<n>><3sg>,ɣulům<n>><3sg>/ɣulům<n>><adj>/ɣulům<n>><subst>,TP=1;FN=0;FP=2
rimod,rimo<v>><pst>,rimo<v>><inf>/rimō<v>><inf>/rimo<v>><pst>/rimō<v>><pst>,TP=2;FN=0;FP=2
wev-ard,wev<dem><d3><pl><obl>><dat>/wev<pro><d3><pl><obl>><dat>,wev<dem><d3><pl>><dat>,TP=0;FN=2;FP=1
lůvdow,lův<v>><inf>><purp>,lův<v>><inf>><purp>,TP=1;FN=0;FP=0
yadet,yad<v>><prs><2pl>,yad<v><imp>><2pl>/yad<v><prs>><2pl>/yad<v>><prs><2pl>/yadet<prt>/yadet<v><imp>,TP=2;FN=0;FP=3
ziyofat,ziyofat<n>,ziyofat<n>/ziyōfat<n>,TP=2;FN=0;FP=0
tayor,tayor<n>,tayor<adj>/tayōr<adj>/tayor<n>/tayōr<n>,TP=2;FN=0;FP=2
bexilīwand-aθ-en,bexilīwand<n>><adv>><3pl>,bexilīwand<n>><adv>><3pl>/bexilīwand<n>><int>><3pl>,TP=1;FN=0;FP=1
daraw,daraw<prt><inch>/daraw<prt><inc>,daraw<n>,TP=0;FN=2;FP=1
sat,sa<v><f_pl>><pst>/sa<v>><pst>/sa<v>><-pst>,sa<v><imp>><2sg>/sa<v><prs>><2sg>/sat<v><pst><f>/sat<v><pst><f_pl>,TP=1;FN=2;FP=3
yīw,yīw<num>,yīw<adj>/yīw<num>/yīw<pro>,TP=1;FN=0;FP=2
zimc-i,zimc<n>><3sg>,zimc<n>><3sg>/zimc<n>><adj>/zimc<n>><subst>,TP=1;FN=0;FP=2
xarīt,xarīt<n>,xarīt<n>,TP=1;FN=0;FP=0
čīx̌tow,čīx̌<v>><inf>><purp>,čīx̌<v>><inf>><purp>,TP=1;FN=0;FP=0
bax̌xix̌,bax̌xix̌<n>,bax̌xix̌<n>,TP=1;FN=0;FP=0
ǰuft,ǰuft<n>,ǰuft<n>/ǰuft<n>,TP=2;FN=0;FP=0
x̌īǰ-i,x̌īǰ<n>><3sg>,x̌īǰ<adj>><3sg>/x̌īǰ<adj>><3sg>/x̌īǰ<n>><3sg>/x̌īǰ<n>><3sg>/x̌īǰ<n>><adj>/x̌īǰ<n>><adj>/x̌īǰ<n>><subst>/x̌īǰ<n>><subst>,TP=2;FN=0;FP=6
čost,čos<v>><prs><3sg>,čos<v>><prs><3sg>/čōs<v>><prs><3sg>,TP=2;FN=0;FP=0
wāδ,wāδ<dem><d3><pl>,wāð<dem><d3><pl>/wāδ<dem><d3><pl>,TP=2;FN=0;FP=0
bāf-en,bāf<n>><3pl>,bāf<v><prs>><3pl>,TP=0;FN=1;FP=1
yo,yo<conj><or>/yo<conj><disj>,yo<conj><disj>/yō<conj><disj>/yo<intj>/yō<intj>/yo<v><prs>/yō<v><prs>,TP=2;FN=1;FP=4
nay,nay<prt>,nay<n>/nay<prt>,TP=1;FN=0;FP=1
seyum,se<num>><ord>,se<num>><ord>,TP=1;FN=0;FP=0
ɣ̌in,ɣ̌in<n>,ɣ̌in<n>,TP=1;FN=0;FP=0
tīdow,tī<v>><inf>><purp>,tī<v>><inf>><purp>,TP=1;FN=0;FP=0
gax̌t-i,gax̌t<n>><3sg>,gax̌t<n>><3sg>/gax̌t<n>><adj>/gax̌t<n>><subst>,TP=1;FN=0;FP=2
xūǰayīn-ard-i,xūǰayīn<n>><dat>><3sg>,xūǰayīn<n>><dat>><3sg>/xūǰayīn<n>><dat>><3sg>,TP=2;FN=0;FP=0
naqli,naqli<n>,naql<n>><3sg>/naql<n>><adj>/naql<n>><subst>/naqli<n>,TP=1;FN=0;FP=3
ču,čū<v><pst>/ču<v><pst>,ču<v><prs>/ču<v><pst>,TP=2;FN=0;FP=1
tām,tām<n>,tām<n>/tām<prt>,TP=1;FN=0;FP=1
xūǰayīn,xūǰayīn<n>,xūǰayīn<n>/xūǰayīn<n>,TP=2;FN=0;FP=0
sifīd,sifī<v>><pst>,sifī<v>><inf>/sifī<v>><pst>/sifīd<v><pst><m>,TP=1;FN=0;FP=2
ɣulům-ard-i,ɣulům<n>><dat>><3sg>,ɣulům<n>><dat>><3sg>,TP=1;FN=0;FP=0
farmůn,farmůn<n>,farmůn<n>,TP=1;FN=0;FP=0
ǰāldi,ǰāl<n>><comp>,ǰāld<adj>><3sg>/ǰāld<adj>><3sg>,TP=0;FN=1;FP=2
x̌ār,x̌ār<n>,x̌ār<adj>/x̌ār<n>,TP=1;FN=0;FP=1
kučā-t,kučā<n>><coord2>,kučā<n>><2sg>,TP=0;FN=1;FP=1
kambaɣal,kambaɣal<n>,<with_little><adj>>baɣal<n>/kambaɣal<n>,TP=1;FN=0;FP=1
šīl,šīl<n>,šīl<adj>,TP=0;FN=1;FP=1
šāl,šāl<n>,šāl<adj>,TP=0;FN=1;FP=1
kůr,kůr<n>,kůr<adj>/kůr<n>,TP=1;FN=0;FP=1
šuten,šut<n>><pl>,šut<adj>><3pl>,TP=0;FN=1;FP=1
yiǰro,yiǰro<n>,yiǰro<n>/yiǰrō<n>/yiǰro<n>/yiǰrō<n>,TP=4;FN=0;FP=0
čūɣ̌ǰin,čūɣ̌<v>><prf>><ptcp1>,čūɣ̌<adj>>ҷин<n>/čūɣ̌<v>><prf>><ptcp>,TP=0;FN=1;FP=2
yilāvga,yi<pro><indef>><a_little>><add1>,yi<adj>>лāв<n>><add>,TP=0;FN=1;FP=1
ǰoy,ǰoy<n>,ǰoy<n>/ǰōy<n>/ǰoy<n>/ǰōy<n>,TP=4;FN=0;FP=0
reδǰ,reδ<v>><prf>,reð<v>><prf>/reδ<v>><prf>,TP=2;FN=0;FP=0
tām-i,tām<n>><3sg>,tām<n>><3sg>/tām<n>><adj>/tām<n>><subst>,TP=1;FN=0;FP=2
ɣulům-ard,ɣulům<n>><dat>,ɣulům<n>><dat>,TP=1;FN=0;FP=0
fuk,fuk<pro>,fuk<pro>,TP=1;FN=0;FP=0
kučā,kučā<n>,kučā<n>,TP=1;FN=0;FP=0
parδīren,parδīr<n>><pl>,parðīr<n>><3pl>/parδīr<n>><3pl>/parðīr<n>><pl>/parδīr<n>><pl>,TP=2;FN=0;FP=2
naɣ̌ǰīs,naɣ̌ǰīs<v>,naɣ̌ǰīs<v><prs>/naɣ̌ǰīs<v><prs>,TP=0;FN=1;FP=2
darwozā,darwozā<n>,darwoz<n>><hb>/darwōz<n>><hb>/darwozā<n>/darwōzā<n>,TP=2;FN=0;FP=2
rozi,rozi<n>,roz<n>><3sg>/rōz<n>><3sg>/roz<n>><adj>/rōz<n>><adj>/roz<n>><subst>/rōz<n>><subst>/rozi<adj>/rōzi<adj>,TP=0;FN=1;FP=8
yaden,yad<v>><prs><3pl>,yad<v><imp>><3pl>/yad<v><prs>><3pl>/yad<v>><prs><3pl>,TP=2;FN=0;FP=1
memůn,memůn<n>,me<adj>>му̊н<n>/memůn<n>,TP=1;FN=0;FP=1
pur,pur<n>,pur<adj>,TP=0;FN=1;FP=1
yi-čāy-aθ-ta,yi<pro><indef>><who>><int>><irr>,yi-čāy<pro>><adv>><fut>/yi-čāy<pro>><int>><fut>/yi-čāy<pro>>><adv>><fut>/yi<adj>>чāй<n>><int>><fut>,TP=0;FN=1;FP=4
kāl,kāl<n>,kāl<n>/kāl<prep>,TP=1;FN=0;FP=1
dawům-i,dawům<n>><3sg>,dawům<n>><3sg>/dawům<n>><adj>/dawům<n>><subst>,TP=1;FN=0;FP=2
odam-and-en,odam<n>><loc>><3pl>,odam<n>><loc>><3pl>/ōdam<n>><loc>><3pl>,TP=2;FN=0;FP=0
puc,puc<n>,puc<n>,TP=1;FN=0;FP=0
vad,va<v><f_pl>><pst>,vad<v><pst><f>/vad<v><pst><f_pl>,TP=1;FN=0;FP=1
fištīr,fištīr<n>,fištīr<adj>,TP=0;FN=1;FP=1
dod-ard-i,dod<n>><dat>><3sg>,dod<n>><dat>><3sg>/dōd<n>><dat>><3sg>,TP=2;FN=0;FP=0
bāx̌,bāx̌<n>,bāx̌<n>,TP=1;FN=0;FP=0
mīros,mīros<n>,mīros<n>/mīrōs<n>,TP=2;FN=0;FP=0
mol,mol<n>,mol<n>/mōl<n>/mol<v><prs>/mōl<v><prs>,TP=2;FN=0;FP=2
oli,ol<n>><3sg>,ol<n>><3sg>/ōl<n>><3sg>/ol<n>><adj>/ōl<n>><adj>/ol<n>><subst>/ōl<n>><subst>/oli<adj>/ōli<adj>,TP=2;FN=0;FP=6
pacen-ard,pac<n>><pl>><dat>,pac<n>><pl>><dat>,TP=1;FN=0;FP=0
fukaθ-i,fukaθ<pro>><3sg>,fuk<pro>><adv>><3sg>/fuk<pro>><adv>><adj>/fuk<pro>><adv>><subst>/fuk<pro>><int>><3sg>/fuk<pro>>><adv>><3sg>/fuk<pro>>><adv>><adj>/fuk<pro>>><adv>><subst>/fuka<pro>><adv>><3sg>/fuka<pro>><adv>><adj>/fuka<pro>><adv>><subst>/fuka<pro>>><adv>><3sg>/fuka<pro>>><adv>><adj>/fuka<pro>>><adv>><subst>/fukaθ<pro>><3sg>/fukaϑ<pro>><3sg>/fukaθ<pro>><adj>/fukaϑ<pro>><adj>/fukaθ<pro>><subst>/fukaϑ<pro>><subst>/fukaθ<pro>>><adj>/fukaϑ<pro>>><adj>/fukaθ<pro>>><subst>/fukaϑ<pro>>><subst>,TP=2;FN=0;FP=21
ǰām,ǰām<n>,ǰām<adj>/ǰām<adj>/ǰām<n>/ǰām<n>,TP=2;FN=0;FP=2
pūl,pūl<n>,pūl<n>,TP=1;FN=0;FP=0
δaraki,δaraki<n>,ðar<adj>><dim>><3sg>/δar<adj>><dim>><3sg>/ðar<n>><dim>><3sg>/δar<n>><dim>><3sg>/ðar<n>><dim>><adj>/δar<n>><dim>><adj>/ðar<n>><dim>><subst>/δar<n>><dim>><subst>/ðaraki<n>/δaraki<n>,TP=2;FN=0;FP=8
mamlakat,mamlakat<n>,mamlakat<n>,TP=1;FN=0;FP=0
tūyd,tūy<v><m>><pst>,tūy<v>><inf>/tūy<v>><pst>/tūyd<v><pst><m>,TP=1;FN=0;FP=2
taram-i,taram<dem><eq>><d3>><3sg>,tar<v><prs><f>><1pl>><3sg>/tar<v><prs>><1pl>><3sg>/tar<v>><prs><1pl>><3sg>,TP=0;FN=1;FP=3
ayš,ayš<n>,ayš<n>,TP=1;FN=0;FP=0
wi-nd,wi<dem><d3><m><sg><obl>><loc>,wi<dem><d3><m><sg>><loc>,TP=0;FN=1;FP=1
binêst,binês<v>><pst>,binês<v><prs>><2sg>/binês<v>><inf>/binês<v>><prs><3sg>/binês<v>><pst>,TP=1;FN=0;FP=3
waxt-and,waxt<n>><loc>,waxt<n>><loc>,TP=1;FN=0;FP=0
mamlakat-and,mamlakat<n>><loc>,mamlakat<n>><loc>,TP=1;FN=0;FP=0
moɣ̌ӡ,moɣ̌ʒ<n>,moɣ̌ӡ<n>/mōɣ̌ӡ<n>/moɣ̌ʒ<n>/moɣ̌ӡ<n>/mōɣ̌ʒ<n>/mōɣ̌ӡ<n>,TP=6;FN=0;FP=0
sof,sof<n>,sof<n>/sōf<n>,TP=2;FN=0;FP=0
benawo,benawo<n>,<without><adj>>nawo<n>/<without><adj>>nawō<n>/benawo<n>/benawō<n>,TP=2;FN=0;FP=2
maǰbūri,maǰbūri<n>,maǰbūr<adj>><3sg>/maǰbūr<adj>><3sg>/maǰbūri<adj>/maǰbūri<adj>/maǰbūri<n>/maǰbūri<n>,TP=2;FN=0;FP=4
boy,boy<n>,boy<n>/bōy<n>,TP=2;FN=0;FP=0
kor,kor<n>,kor<n>/kōr<n>,TP=2;FN=0;FP=0
box̌t,box̌<v>><pst>,box̌<v><prs>><2sg>/bōx̌<v><prs>><2sg>/box̌<v>><inf>/bōx̌<v>><inf>/box̌<v>><prs><3sg>/bōx̌<v>><prs><3sg>/box̌<v>><pst>/bōx̌<v>><pst>,TP=2;FN=0;FP=6
amex̌ā,amex̌ā<n>,amex̌ā<n>,TP=1;FN=0;FP=0
maɣ̌ӡůnǰ,maɣ̌ʒůnǰ<n>,maɣ̌ӡůnǰ<adj>/maɣ̌ӡůnǰ<adj>/maɣ̌ʒůnǰ<adj>/maɣ̌ʒůnǰ<adj>/maɣ̌ӡůnǰ<adj>/maɣ̌ӡůnǰ<adj>,TP=0;FN=1;FP=6
xūgen,xūg<n>><pl>,xūg<n>><3pl>/xūg<n>><pl>,TP=1;FN=0;FP=1
xurokā,xurokā<n>,xurok<n>><hb>/xurōk<n>><hb>/xurokā<n>/xurōkā<n>,TP=2;FN=0;FP=2
xīd,xī<v>><inf>,xī<v>><inf>/xī<v>><prs><3sg>/xī<v>><pst>/xīd<n>,TP=1;FN=0;FP=3
wi-rd-en,wi<dem><d3><m><sg><obl>><dat>><3pl>,wi<dem><d3><m><sg>><dat>><3pl>,TP=0;FN=1;FP=1
daδ,daδ<prt>/daδ<conj>,dað<n>/daδ<n>/dað<prt>/daδ<prt>,TP=2;FN=1;FP=2
wux̌,wux̌<n>,wux̌<n>,TP=1;FN=0;FP=0
xu-rd-aθ-i,xu<pro><refl>><dat>><adv>><3sg>,xu<pro><refl>><dat>><adv>><3sg>/xu<pro><refl>><dat>><adv>><adj>/xu<pro><refl>><dat>><adv>><subst>/xu<pro><refl>><dat>><int>><3sg>/xu<pro><refl>><dat>>><adv>><3sg>/xu<pro><refl>><dat>>><adv>><adj>/xu<pro><refl>><dat>>><adv>><subst>,TP=2;FN=0;FP=5
dod-and,dod<n>><loc>,dod<n>><loc>/dōd<n>><loc>,TP=2;FN=0;FP=0
důnd,důnd<pro>,důnd<pro>,TP=1;FN=0;FP=0
xizmatgor,xizmatgor<n>,xizmatgor<n>/xizmatgōr<n>,TP=2;FN=0;FP=0
wev-andi,wev<dem><d3><pl><obl>><loc>><3sg>,wev<dem><d3><pl>><loc>><3sg>/wev<dem><d3><pl>><loc>><adj>/wev<dem><d3><pl>><loc>><subst>/wev<dem><d3><pl>><loc>>><adj>/wev<dem><d3><pl>><loc>>><subst>,TP=0;FN=1;FP=5
rist-at,ris<v>><prs><3sg>><coord2>,ris<v><prs>><2sg>><2sg>/ris<v><prs>><2sg>><coord2>/ris<v>><inf>><coord2>/ris<v>><prs><3sg>><coord2>/ris<v>><pst>><coord2>,TP=1;FN=0;FP=4
xurok,xurok<n>,xurok<n>/xurōk<n>,TP=2;FN=0;FP=0
bex̌,bex̌<n>,bex̌<n>,TP=1;FN=0;FP=0
δed,δe<v>><prs><3sg>,ðe<v>><prs><3sg>/δe<v>><prs><3sg>/ðed<v><prs>/δed<v><prs>,TP=2;FN=0;FP=2
yůdard,yůd<dem><d1>><dat>,yůdard<n>,TP=0;FN=1;FP=1
maɣ̌ӡůnǰgi,maɣ̌ʒůnǰ<n>><subst>,maɣ̌ӡůnǰgi<n>/maɣ̌ӡůnǰgi<n>/maɣ̌ʒůnǰgi<n>/maɣ̌ʒůnǰgi<n>/maɣ̌ӡůnǰgi<n>/maɣ̌ӡůnǰgi<n>,TP=0;FN=1;FP=6
marum,mar<v>><prs><1sg>,mar<v><prs>><1sg>/mar<v>><prs><1sg>,TP=2;FN=0;FP=0
tīm,tī<v>><prs><1sg>,tīm<v><prs><1sg>,TP=1;FN=0;FP=0
dod,dod<n>,dod<n>/dōd<n>,TP=2;FN=0;FP=0
gināgor,gināgor<n>,gināgor<n>/gināgōr<n>,TP=2;FN=0;FP=0
ač-ga,ač<prt>><add1>,ač-ga<n>/ač<pro>><add>,TP=0;FN=1;FP=2
loyiqi,loyiq<n>><adj>,loyiq<adj>><3sg>/lōyiq<adj>><3sg>,TP=0;FN=1;FP=2
vidow,vid<v>><inf>><purp>,vi<v>><inf>><purp>/vidow<v><inf>/vidōw<v><inf>,TP=1;FN=0;FP=2
yisob,yisob<n>,yisob<n>/yisōb<n>,TP=2;FN=0;FP=0
daraw-aθ,daraw<n>><int>,daraw<n>><adv>/daraw<n>><int>,TP=1;FN=0;FP=1
ɣal,ɣal<prt>,ɣal<prt>,TP=1;FN=0;FP=0
δar-aθ,δar<n>><adv>,ðar<adj>><adv>/δar<adj>><adv>/ðar<adj>><int>/δar<adj>><int>/ðar<n>><adv>/δar<n>><adv>/ðar<n>><int>/δar<n>><int>,TP=2;FN=0;FP=6
dod-ard,dod<n>><dat>,dod<n>><dat>/dōd<n>><dat>,TP=2;FN=0;FP=0
rām,rām<n>,rām<n>,TP=1;FN=0;FP=0
puc-i,puc<n>><3sg>,puc<n>><3sg>/puc<n>><adj>/puc<n>><subst>,TP=1;FN=0;FP=2
kinor,kinor<n>,kinor<n>/kinōr<n>,TP=2;FN=0;FP=0
anǰūvd,anǰūv<v>><pst>,anǰūv<v>><inf>/anǰūv<v>><inf>/anǰūv<v>><pst>/anǰūv<v>><pst>,TP=2;FN=0;FP=2
xizmatgoren-ard-i,xizmatgor<n>><pl>><dat>><3sg>,xizmatgor<n>><pl>><dat>><3sg>/xizmatgōr<n>><pl>><dat>><3sg>,TP=2;FN=0;FP=0
bīdi,bīdi<n>,bīdi<adj>,TP=0;FN=1;FP=1
pūx̌oken,pūx̌ok<n>><3pl>,pūx̌ok<n>><3pl>/pūx̌ōk<n>><3pl>/pūx̌ok<n>><pl>/pūx̌ōk<n>><pl>,TP=2;FN=0;FP=2
vet,v<v>><prs><2pl>,v<v>><prs><2pl>/vet<v><prs><2pl>,TP=2;FN=0;FP=0
di-rd,di<dem><d2><m><sg><obl>><dat>,di<dem><d2><m><sg>><dat>,TP=0;FN=1;FP=1
piniӡet,piniʒ<v>><prs><2pl>,piniӡ<v><prs>><2pl>/piniӡ<v>><prs><2pl>/piniʒ<v><prs>><2pl>/piniӡ<v><prs>><2pl>/piniʒ<v>><prs><2pl>/piniӡ<v>><prs><2pl>,TP=6;FN=0;FP=0
angix̌t-ard,angix̌t<post>><dat>,angix̌t<n>><dat>,TP=0;FN=1;FP=1
čillā,čillā<n>,čillā<n>,TP=1;FN=0;FP=0
weδet,weδ<v>><prs><2pl>,weð<v><prs>><2pl>/weδ<v><prs>><2pl>/weð<v>><prs><2pl>/weδ<v>><prs><2pl>,TP=4;FN=0;FP=0
mūzā,mūzā<n>,mūzā<n>,TP=1;FN=0;FP=0
pinīzd,pinīz<v>><prs><3sg>,pinīz<v>><prs><3sg>,TP=1;FN=0;FP=0
pirvor,pirvor<n>,pirvor<adj>/pirvōr<adj>,TP=0;FN=1;FP=2
šīg,šīg<n>,šīg<n>,TP=1;FN=0;FP=0
kaɣ̌et,kaɣ̌<v>><prs><2pl>,kaɣ̌<adj>><2pl>/kaɣ̌<v><prs>><2pl>/kaɣ̌<v>><prs><2pl>,TP=2;FN=0;FP=1
xārām,xār<v>><prs><1pl>,xār<v><imp>><1pl>/xār<v><prs>><1pl>/xār<v>><prs><1pl>,TP=2;FN=0;FP=1
xuši,xuši<n>,xuš<adj>><3sg>/xuš<n>><3sg>/xuš<n>><adj>/xuš<n>><subst>/xuši<n>,TP=1;FN=0;FP=4
mūɣ̌ǰin,mūɣ̌<n>><prf><m>><ptcp1>,mūɣ̌<v>><prf>><ptcp>/mūɣ̌ǰ<v><prf><m>><ptcp>/mūɣ̌ǰ<v><prf><m>><ptcp>,TP=0;FN=1;FP=3
bed,be<v>><pst>,be<v>><inf>/be<v>><pst>,TP=1;FN=0;FP=1
peδo,peδo<n>,peðo<adj>/peðō<adj>/peδo<adj>/peδō<adj>,TP=0;FN=1;FP=4
xidīr,xidīr<n>,xidīr<adj>/xidīr<n>,TP=1;FN=0;FP=1
zimcen,zimc<n>><pl>,zimc<n>><3pl>/zimc<n>><pl>,TP=1;FN=0;FP=1
soz-i,soz<n>><3sg>,soz<adj>><3sg>/sōz<adj>><3sg>/soz<n>><3sg>/sōz<n>><3sg>/soz<n>><adj>/sōz<n>><adj>/soz<n>><subst>/sōz<n>><subst>,TP=2;FN=0;FP=6
raqosi-yi,raqosi<n>><3sg>,raqosi<n>><3sg>/raqōsi<n>><3sg>,TP=2;FN=0;FP=0
xizmatgor-i,xizmatgor<n>><3sg>,xizmatgor<n>><3sg>/xizmatgōr<n>><3sg>/xizmatgor<n>><adj>/xizmatgōr<n>><adj>/xizmatgor<n>><subst>/xizmatgōr<n>><subst>,TP=2;FN=0;FP=4
gāp,gāp<n>,gāp<n>,TP=1;FN=0;FP=0
suδǰ,suδ<v>><prf><m>,suð<v>><prf>/suδ<v>><prf>/suðǰ<v><prf><m>/suðǰ<v><prf><m>/suδǰ<v><prf><m>/suδǰ<v><prf><m>,TP=4;FN=0;FP=2
virod,virod<n>,virod<n>/virōd<n>,TP=2;FN=0;FP=0
šīg-i,šīg<n>><3sg>,šīg<n>><3sg>/šīg<n>><adj>/šīg<n>><subst>,TP=1;FN=0;FP=2
kux̌t,kux̌<v>><pst>,kux̌<v><prs>><2sg>/kux̌<v>><inf>/kux̌<v>><prs><3sg>/kux̌<v>><pst>,TP=1;FN=0;FP=3
salůmat-aθ,salůmat<n>><int>,salům<n>><2sg>><int>/salům<n>><coord2>><int>/salůmat<adj>><adv>/salůmat<adj>><int>/salůmat<n>><adv>/salůmat<n>><int>,TP=1;FN=0;FP=5
virod-and,virod<n>><loc>,virod<n>><loc>/virōd<n>><loc>,TP=2;FN=0;FP=0
dedow,de<v>><inf>><purp>,de<v>><inf>><purp>,TP=1;FN=0;FP=0
forti,for<v>><pst>><3sg>,for<v><prs>><2sg>><3sg>/fōr<v><prs>><2sg>><3sg>,TP=0;FN=1;FP=2
nax̌tūyd,nax̌tūy<v><m>><pst>/nax̌tūy<v>><pst>,nax̌tūy<v>><inf>/nax̌tūy<v>><pst>/nax̌tūyd<v><pst><m>,TP=2;FN=0;FP=1
yůlloyi,yůllo<n>><3sg>,yůllo<n>><3sg>/yůllō<n>><3sg>,TP=2;FN=0;FP=0
čis,čis<v>,čis<v><prs>,TP=0;FN=1;FP=1
soloyi,sol<taj>><pl>><ez>,solo<n><pl>><3sg>/solō<n><pl>><3sg>/sōlo<n><pl>><3sg>/sōlō<n><pl>><3sg>,TP=0;FN=1;FP=4
sol-and,sol<taj>><loc>,sol<n>><loc>/sōl<n>><loc>,TP=0;FN=1;FP=2
ɣulům,ɣulům<n>,ɣulům<n>,TP=1;FN=0;FP=0
mênat,mênat<n>,mênat<n>,TP=1;FN=0;FP=0
gāp-um,gāp<n>><1sg>,gāp<n>><1sg>,TP=1;FN=0;FP=0
nax̌tūyǰ,nax̌tūy<v>><prf><m>,nax̌tūy<v>><prf>,TP=0;FN=1;FP=1
guǰbuc-aθ,guǰ<n>><child>><int>,guǰbuc<n>><adv>/guǰbuc<n>><adv>/guǰbuc<n>><int>/guǰbuc<n>><int>,TP=0;FN=1;FP=4
ol-i,ol<n>><3sg>,ol<n>><3sg>/ōl<n>><3sg>/ol<n>><adj>/ōl<n>><adj>/ol<n>><subst>/ōl<n>><subst>,TP=2;FN=0;FP=4
ǰalaben-ard,ǰalab<n>><pl>><dat>,ǰalab<n>><pl>><dat>/ǰalab<n>><pl>><dat>,TP=2;FN=0;FP=0
binêst-i,binês<v>><pst>><3sg>,binês<v><prs>><2sg>><3sg>,TP=0;FN=1;FP=1
pirvor-i,pirvor<n>><adj>,pirvor<adj>><3sg>/pirvōr<adj>><3sg>,TP=0;FN=1;FP=2
pucik,puc<n>><dim>,puc<n>><dim>,TP=1;FN=0;FP=0
tu-nd,tu<pers><2sg>><loc>,tu-nd<pro>/tu<pers><2sg>><loc>,TP=1;FN=0;FP=1
xursandi,xursandi<n>,xursand<adj>><3sg>/xursand<n>><3sg>/xursand<n>><adj>/xursand<n>><subst>/xursandi<n>,TP=1;FN=0;FP=4
nax̌toyd,nax̌toy<v><f_pl>><pst>,nax̌toyd<v><pst><f>/nax̌tōyd<v><pst><f>/nax̌toyd<v><pst><f_pl>/nax̌tōyd<v><pst><f_pl>,TP=2;FN=0;FP=2
rūm,rūm<nprop><rome>,rūm<adj>,TP=0;FN=1;FP=1
qaysar,qaysar<n>,qaysar<adj>,TP=0;FN=1;FP=1
tamůmi,tamům<n>><adj>/tamům<n>><ez>,tamům<n>><3sg>/tamům<n>><adj>/tamům<n>><subst>/tamům<pro>><3sg>/tamům<pro>><adj>/tamům<pro>><subst>/tamům<pro>>><adj>/tamům<pro>>><subst>,TP=1;FN=1;FP=7
okim,okim<n>,okim<adj>/ōkim<adj>/okim<n>/ōkim<n>,TP=2;FN=0;FP=2
fukaθ-en,fukaθ<pro>><3pl>/fukaθ<n>><3pl>,fuk<pro>><adv>><3pl>/fuk<pro>><int>><3pl>/fuk<pro>>><adv>><3pl>/fuka<pro>><adv>><3pl>/fuka<pro>>><adv>><3pl>/fukaθ<pro>><3pl>/fukaϑ<pro>><3pl>,TP=2;FN=1;FP=5
toyd,toy<v><f_pl>><pst>,toyd<v><pst><f>/tōyd<v><pst><f>/toyd<v><pst><f_pl>/tōyd<v><pst><f_pl>,TP=2;FN=0;FP=2
aven,aven<post><cause>,aven<post>/aven<prep>,TP=0;FN=1;FP=2
xisminenӡ,xisminenӡ<n>,xisminenʒ<n>/xisminenӡ<n>,TP=2;FN=0;FP=0
yā,yā<dem><d3><f><sg>/yā<dem><ds><f><sg>,yā<dem><d3><f><sg>/yā<n>/yā<prt>,TP=1;FN=1;FP=2
duǰůn,duǰůn<n>,duǰůn<adj>/duǰůn<adj>,TP=0;FN=1;FP=2
mêst,mêst<n>,mêst<n>,TP=1;FN=0;FP=0
wam-and,wam<dem><d3><f><sg><obl>><loc>,wam<dem><d3><f><sg>><loc>,TP=0;FN=1;FP=1
wix̌tak-i,wix̌tak<n>><3sg>,wix̌tak<n>><3sg>/wix̌tak<n>><adj>/wix̌tak<n>><subst>,TP=1;FN=0;FP=2
winīr,winīr<n>,winīr<n>,TP=1;FN=0;FP=0
ɣiǰīd,ɣiǰīd<n>,ɣiǰīd<n>/ɣiǰīd<n>,TP=2;FN=0;FP=0
qūšxůnā,qūšxůnā<n>,qūšxůnā<n>,TP=1;FN=0;FP=0
ǰoy,ǰoy<n>,ǰoy<n>/ǰōy<n>/ǰoy<n>/ǰōy<n>,TP=4;FN=0;FP=0
qarībi-ra-yen,qarībi<n>><dat>><3pl>,qarībi<n>><dat>><3pl>,TP=1;FN=0;FP=0
čūpůnen,čūpůn<n>><pl>,čūpůn<n>><3pl>/čūpůn<n>><pl>,TP=1;FN=0;FP=1
biyābůn-ard,biyābůn<n>><dat>,biyābůn<n>><dat>,TP=1;FN=0;FP=0
x̌ābaǰev-en,x̌āba<n>><time>><3pl>,x̌āb<n>><time>><3pl>,TP=1;FN=0;FP=0
čarogo-ra,čarogo<n>><dat>,čarogo<n>><dat>/čarogō<n>><dat>/čarōgo<n>><dat>/čarōgō<n>><dat>,TP=4;FN=0;FP=0
x̌ibůni,x̌ibůni<n>,x̌ibůni<n>,TP=1;FN=0;FP=0
cem,cem<n>,cem<n>,TP=1;FN=0;FP=0
rux,rux<n>,rux<adj>/rux<n>,TP=1;FN=0;FP=1
osepi,osepi<n>,osep<n>><3sg>/ōsep<n>><3sg>/osep<n>><adj>/ōsep<n>><adj>/osep<n>><subst>/ōsep<n>><subst>/osepi<n>/ōsepi<n>,TP=2;FN=0;FP=6
x̌oǰ,x̌oǰ<n>,x̌oǰ<n>/x̌oǰ<n>/x̌ōǰ<n>/x̌ōǰ<n>,TP=4;FN=0;FP=0
δêret,δêr<v>><prs><2pl>,ðêr<v><prs>><2pl>/δêr<v><prs>><2pl>/ðêr<v>><prs><2pl>/δêr<v>><prs><2pl>,TP=4;FN=0;FP=0
buzurg,buzurg<n>,buzurg<adj>,TP=0;FN=1;FP=1
xabar,xabar<n>,xabar<adj>/xabar<n>,TP=1;FN=0;FP=1
vārum,vār<v>><prs><1sg>,vār<n>><1sg>/vār<v><imp>><1sg>/vār<v><prs>><1sg>/vār<v>><prs><1sg>,TP=2;FN=0;FP=2
xalq-ard,xalq<n>><dat>,xalq<n>><dat>,TP=1;FN=0;FP=0
x̌ār-and,x̌ār<n>><loc>,x̌ār<n>><loc>,TP=1;FN=0;FP=0
nān,nān<n>,nān<n>,TP=1;FN=0;FP=0
yima,yima<dem><d1><loc>,yima<n>/yima<prt>,TP=0;FN=1;FP=2
nix̌ůnā,nix̌ůnā<n>,nix̌ůn<n>><hb>/nix̌ůnā<n>,TP=1;FN=0;FP=1
tama-ta,tama<pers><2pl>><irr>,tama<pers><2pl><obl>><fut>/tama<pers><2pl>><fut>,TP=0;FN=1;FP=2
wix̌tak,wix̌tak<n>,wix̌tak<n>,TP=1;FN=0;FP=0
čūɣ̌ǰin,čūɣ̌<v>><prf>><ptcp1>,čūɣ̌<adj>>ҷин<n>/čūɣ̌<v>><prf>><ptcp>,TP=0;FN=1;FP=2
kūdak,kūdak<n>,kūdak<adj>/kūdak<n>,TP=1;FN=0;FP=1
viriyet,viri<v>><prs><2pl>,viri<v><prs>><2pl>/viri<v>><prs><2pl>,TP=2;FN=0;FP=0
pāli-ndi,pāli<n>><loc>,pāli<n>><loc>><3sg>,TP=0;FN=1;FP=1
lix̌kar,lix̌kar<n>,lix̌kar<n>,TP=1;FN=0;FP=0
sitowax̌,sitowax̌<n>,sitowax̌<n>/sitōwax̌<n>,TP=2;FN=0;FP=0
xuδoy-ard,xuδoy<n><god>><dat>,xuðoy<n>><dat>/xuðōy<n>><dat>/xuδoy<n>><dat>/xuδōy<n>><dat>,TP=0;FN=1;FP=4
sar,sar<n>,sar<n>/sar<prep>,TP=1;FN=0;FP=1
tīr,tīr<post><sup>,tīr<adj>/tīr<n>/tīr<post>,TP=0;FN=1;FP=3
osoyax̌,osoyax̌<n>,osoyax̌<n>/osōyax̌<n>/ōsoyax̌<n>/ōsōyax̌<n>,TP=4;FN=0;FP=0
zamīn,zamīn<n>,zamīn<n>,TP=1;FN=0;FP=0
ti,ti<post><sup>,ti<v><imp>/ti<v><prs>,TP=0;FN=1;FP=2
mardum-ard,mardum<n>><dat>,mardum<n>><dat>,TP=1;FN=0;FP=0
wev-i,wev<dem><d3><pl><obl>><3sg>,wev<dem><d3><pl><obl>><3sg>/wev<dem><d3><pl><obl>><adj>/wev<dem><d3><pl><obl>><subst>/wev<dem><d3><pl><obl>>><adj>/wev<dem><d3><pl><obl>>><subst>,TP=1;FN=0;FP=4
žīwǰ,žīwǰ<v>,žīw<v>><prf>/žīwǰ<v><prs>/žīwǰ<v><prs>,TP=0;FN=1;FP=3
čūɣ̌ǰ,čūɣ̌<v>><prf>,čūɣ̌<v>><prf>,TP=1;FN=0;FP=0
sifād,sifā<v><f_pl>><pst>,sifād<v><pst><f_pl>,TP=1;FN=0;FP=0
čūpůnen-en,čūpůn<n>><pl>><3pl>,čūpůn<n>><3pl>><3pl>/čūpůn<n>><pl>><3pl>,TP=1;FN=0;FP=1
yak,yak<num>,yak<num>,TP=1;FN=0;FP=0
digar,digar<pro>,digar<adj>/digar<n>,TP=0;FN=1;FP=2
gāx̌t,gāx̌<v>><pst>,gāx̌<v><prs>><2sg>/gāx̌<v>><inf>/gāx̌<v>><prs><3sg>/gāx̌<v>><pst>,TP=1;FN=0;FP=3
tiyet,ti<v>><prs><2pl>,ti<v><imp>><2pl>/ti<v><prs>><2pl>/ti<v>><prs><2pl>/tiy<v><imp>><2pl>,TP=2;FN=0;FP=2
sāwām,sāw<v>><prs><1pl>,sāw<n>><1pl>/sāw<v><imp>><1pl>/sāw<v><prs>><1pl>/sāw<v>><prs><1pl>,TP=2;FN=0;FP=2
čisām,čis<v>><prs><1pl>,čis<v><prs>><1pl>/čis<v>><prs><1pl>,TP=2;FN=0;FP=0
taram,tar<dem><eq>><d3>,tar<v><prs><f>><1pl>/tar<v><prs>><1pl>/tar<v>><prs><1pl>,TP=0;FN=1;FP=3
čīz-i,čīz<n>><3sg>,čīz<pro>><3sg>/čīz<pro>><adj>/čīz<pro>><subst>/čīz<pro>>><adj>/čīz<pro>>><subst>/čīz<n>><3sg>/čīz<n>><adj>/čīz<n>><subst>/čīz<pro>><3sg>/čīz<pro>><adj>/čīz<pro>><subst>/čīz<pro>>><adj>/čīz<pro>>><subst>,TP=1;FN=0;FP=12
firêpč,firêp<v>><prf>,firêp<v>><prf>,TP=1;FN=0;FP=0
ǰāld-aθ,ǰāld<n>><adv>,ǰāld<adj>><adv>/ǰāld<adj>><adv>/ǰāld<adj>><int>/ǰāld<adj>><int>,TP=0;FN=1;FP=4
virūd,virū<v>><pst>,virū<v>><inf>/virū<v>><pst>,TP=1;FN=0;FP=1
x̌ovǰin,x̌ov<v>><prf><m>><ptcp1>,x̌ov<v>><prf>><ptcp>/x̌ōv<v>><prf>><ptcp>/x̌ovǰ<v><prf><m>><ptcp>/x̌ovǰ<v><prf><m>><ptcp>/x̌ōvǰ<v><prf><m>><ptcp>/x̌ōvǰ<v><prf><m>><ptcp>/x̌ovǰin<adj>/x̌ovǰin<adj>/x̌ōvǰin<adj>/x̌ōvǰin<adj>,TP=0;FN=1;FP=10
takror-en,takror<n>><3pl>,takror<n>><3pl>/takrōr<n>><3pl>/takror<n>><pl>/takrōr<n>><pl>,TP=2;FN=0;FP=2
gāp-i,gāp<n>><3sg>,gāp<n>><3sg>/gāp<n>><adj>/gāp<n>><subst>,TP=1;FN=0;FP=2
ayrůni,ayrůn<n>><subst>,ayrůni<n>,TP=0;FN=1;FP=1
zor,zor<n>,zor<adj>/zōr<adj>,TP=0;FN=1;FP=2
ba,ba<prep><all>,ba<prep>/ba<prt>,TP=0;FN=1;FP=2
dil,dil<n>,dil<n>,TP=1;FN=0;FP=0
anǰūvd,anǰūv<v>><pst>,anǰūv<v>><inf>/anǰūv<v>><inf>/anǰūv<v>><pst>/anǰūv<v>><pst>,TP=2;FN=0;FP=2
fikri-yi,fikri<n>><3sg>,fikr<n>><3sg>><3sg>/fikr<n>><adj>><3sg>/fikr<n>><subst>><3sg>/fikri<adj>><3sg>/fikri<n>><3sg>,TP=2;FN=0;FP=3
xuδoy-en,xuδoy<n><god>><3pl>,xuðoy<n>><3pl>/xuðōy<n>><3pl>/xuδoy<n>><3pl>/xuδōy<n>><3pl>/xuðoy<n>><pl>/xuðōy<n>><pl>/xuδoy<n>><pl>/xuδōy<n>><pl>,TP=0;FN=1;FP=8
ǰinow,ǰinow<n>/ǰinow<post>,ǰinow<adj>/ǰinōw<adj>/ǰinow<adj>/ǰinōw<adj>/ǰinow<post>/ǰinōw<post>/ǰinow<post>/ǰinōw<post>,TP=4;FN=1;FP=4
koren,kor<n>><pl>,kor<n>><3pl>/kōr<n>><3pl>/kor<n>><pl>/kōr<n>><pl>,TP=2;FN=0;FP=2
gāpen,gāp<n>><pl>,gāp<n>><3pl>/gāp<n>><pl>,TP=1;FN=0;FP=1
ɣiδā,ɣiδā<n>,ɣiðā<n>/ɣiδā<n>,TP=2;FN=0;FP=0
nůmen,nům<n>><3pl>,nům<n>><3pl>/nům<n>><pl>,TP=1;FN=0;FP=1
piro,piro<n>,piro<adj>/pirō<adj>/piro<n>/pirō<n>/piro<post>/pirō<post>,TP=2;FN=0;FP=4
qīč-and,qīč<n>><loc>,qīč<n>><loc>,TP=1;FN=0;FP=0
sidaθ-i,si<n>><inf>><adv>><3sg>,si<v>><inf>><int>><3sg>/si<v>><pst>><int>><3sg>/sid<v><prs>><int>><3sg>,TP=0;FN=1;FP=3
firīpt,firīp<v>><pst>,firīp<v><prs>><2sg>/firīp<v>><inf>/firīp<v>><prs><3sg>/firīp<v>><pst>,TP=1;FN=0;FP=3
xudowand-ard,xudowand<n><god>><dat>,xudowand<n>><dat>/xudōwand<n>><dat>,TP=0;FN=1;FP=2
vūd,vū<v>><pst>,vū<v>><inf>/vū<v>><pst>,TP=1;FN=0;FP=1
qonūn-and,qonūn<n>><loc>,qonūn<n>><loc>/qōnūn<n>><loc>,TP=2;FN=0;FP=0
ǰāt,ǰāt<post><cause>,ǰāt<n>/ǰāt<n>/ǰāt<prep>/ǰāt<prep>,TP=0;FN=1;FP=4
qurbůni,qurbůni<n>,qurbůn<n>><3sg>/qurbůn<n>><adj>/qurbůn<n>><subst>/qurbůni<n>,TP=1;FN=0;FP=3
foxtā,foxtā<n>,foxtā<n>/fōxtā<n>,TP=2;FN=0;FP=0
δiyůn,δiyůn<num>,ðiyůn<n>/δiyůn<n>,TP=0;FN=1;FP=2
rāng,rāng<pro>/rāng<n>,rāng<n>,TP=1;FN=1;FP=0
ven,v<v>><prs><3pl>,v<v>><prs><3pl>/ven<v><prs><3pl>,TP=2;FN=0;FP=0
waxten-and,waxt<n>><pl>><loc>,waxt<n>><pl>><loc>,TP=1;FN=0;FP=0
porso,porso<n>,porso<adj>/porsō<adj>/pōrso<adj>/pōrsō<adj>,TP=0;FN=1;FP=4
rūyi,rū<n>><ez>,rū<n>><3sg>/rūy<n>><3sg>/rūy<n>><adj>/rūy<n>><subst>,TP=0;FN=1;FP=4
firīpčin,firīp<v>><prf>><ptcp1>,firīp<v>><prf>><ptcp>,TP=0;FN=1;FP=1
mālum,mālum<n>,māl<n>><1sg>/mālum<adj>,TP=0;FN=1;FP=2
tůnec-i,tůnec<prep>><3sg>,tůn<n>><lim2>><3sg>,TP=0;FN=1;FP=1
mīrt,mīr<v>><prs><3sg>,mīr<adj>><2sg>/mīr<n>><2sg>/mīr<v>><prs><3sg>,TP=1;FN=0;FP=2
to-yen,to<conj><lim1>><3pl>,to<n>><3pl>/tō<n>><3pl>/to<n>><pl>/tō<n>><pl>,TP=0;FN=1;FP=4
zox̌t-i,zox̌<v>><pst>><3sg>,zox̌<v><prs>><2sg>><3sg>/zōx̌<v><prs>><2sg>><3sg>,TP=0;FN=1;FP=2
mi,mi<prep><cont2>/mi<dem><d1><m><sg><obl>,mi<dem><d1><m><sg><obl>,TP=1;FN=1;FP=0
δust,δust<n>,ðust<adj>/δust<adj>/ðust<n>/δust<n>,TP=2;FN=0;FP=2
xuδoy-ard-i,xuδoy<n><god>><dat>><3sg>,xuðoy<n>><dat>><3sg>/xuðōy<n>><dat>><3sg>/xuδoy<n>><dat>><3sg>/xuδōy<n>><dat>><3sg>,TP=0;FN=1;FP=4
šukrat,šukrat<n>,šukrat<n>,TP=1;FN=0;FP=0
šič-ta,šič<prt>><irr>,šič<adj>><fut>,TP=0;FN=1;FP=1
bandā,bandā<n>,band<n>><hb>/bandā<adj>/bandā<n>,TP=1;FN=0;FP=2
osoyax̌-aθ,osoyax̌<n>><adv>,osoyax̌<n>><adv>/osōyax̌<n>><adv>/ōsoyax̌<n>><adv>/ōsōyax̌<n>><adv>/osoyax̌<n>><int>/osōyax̌<n>><int>/ōsoyax̌<n>><int>/ōsōyax̌<n>><int>,TP=4;FN=0;FP=4
lāk-i,lāk<v>><prs><2sg>,lāk<n>><3sg>/lāk<n>><adj>/lāk<n>><subst>/lāk<v><prs>><3sg>,TP=0;FN=1;FP=4
parwardigor,parwardigor<n>,parwardigor<n>/parwardigōr<n>,TP=2;FN=0;FP=0
wādā,wādā<n>,wādā<n>,TP=1;FN=0;FP=0
yiǰro,yiǰro<n>,yiǰro<n>/yiǰrō<n>/yiǰro<n>/yiǰrō<n>,TP=4;FN=0;FP=0
cemaθ-um,cem<n>><adv>><1sg>,cem<n>><adv>><1sg>/cem<n>><int>><1sg>,TP=1;FN=0;FP=1
mardumen-ard,mardum<n>><pl>><dat>,mardum<n>><pl>><dat>,TP=1;FN=0;FP=0
lůvǰ,lův<v>><prf>,lův<v>><prf>,TP=1;FN=0;FP=0
nūr-um,nūr<n>><1sg>,nūr<n>><1sg>,TP=1;FN=0;FP=0
bexuδoyen,be<n>><god>><pl>,<without><adj>>xuðoy<n>><3pl>/<without><adj>>xuðōy<n>><3pl>/<without><adj>>xuδoy<n>><3pl>/<without><adj>>xuδōy<n>><3pl>,TP=0;FN=1;FP=4
xalq,xalq<n>,xalq<n>,TP=1;FN=0;FP=0
nān-en,nān<n>><3pl>,nān<n>><3pl>/nān<n>><pl>,TP=1;FN=0;FP=1
ayrat,ayrat<n>,ay<n>><dat>><2sg>/ayrat<n>,TP=1;FN=0;FP=1
niɣux̌t,niɣux̌<v>><pst>,niɣux̌<v><prs>><2sg>/niɣux̌<v>><inf>/niɣux̌<v>><prs><3sg>/niɣux̌<v>><pst>,TP=1;FN=0;FP=3
nān-ard,nān<n>><dat>,nān<n>><dat>,TP=1;FN=0;FP=0
yed-and,yed<dem><d2><sg>><loc>,yed<n>><loc>,TP=0;FN=1;FP=1
x̌ovǰ,x̌ov<v>><prf><m>,x̌ov<v>><prf>/x̌ōv<v>><prf>/x̌ovǰ<v><prf><m>/x̌ovǰ<v><prf><m>/x̌ōvǰ<v><prf><m>/x̌ōvǰ<v><prf><m>,TP=4;FN=0;FP=2
di-ta,di<dem><d2><m><sg><obl>><irr>,di<dem><d2><m><sg><obl>><fut>/di<v><imp>><fut>/di<v><prs><2sg>><fut>/di<v><prs>><fut>,TP=0;FN=1;FP=4
odamen,odam<n>><pl>,odam<n>><3pl>/ōdam<n>><3pl>/odam<n>><pl>/ōdam<n>><pl>,TP=2;FN=0;FP=2
wox̌en,wox̌<v>><prs><3pl>,wox̌<n>><3pl>/wōx̌<n>><3pl>/wox̌<n>><pl>/wōx̌<n>><pl>/wox̌<v><prs>><3pl>/wōx̌<v><prs>><3pl>/wox̌<v>><prs><3pl>/wōx̌<v>><prs><3pl>,TP=4;FN=0;FP=4
lap-ta,lap<prt>><irr>,lap<adj>><fut>,TP=0;FN=1;FP=1
andiӡen,andiӡ<v>><prs><3pl>,andiӡ<v><prs>><3pl>/andiӡ<v>><prs><3pl>/andiʒ<v><prs>><3pl>/andiӡ<v><prs>><3pl>/andiʒ<v>><prs><3pl>/andiӡ<v>><prs><3pl>,TP=6;FN=0;FP=0
ǰůn-ta,ǰůn<n>><irr>,ǰůn<n>><fut>/ǰůn<n>><fut>,TP=0;FN=1;FP=2
šamšer,šamšer<n>,šamšer<n>,TP=1;FN=0;FP=0
yid-ta,yid<dem><d2><sg>><irr>,yid<dem><d2><sg>><fut>,TP=0;FN=1;FP=1
darūnaki,darūn<n>><dim>><adj>,darūn<adj>><dim>><3sg>/darūn<n>><dim>><3sg>/darūn<n>><dim>><adj>/darūn<n>><dim>><subst>,TP=1;FN=0;FP=3
fikriyen,fikri<n>><pl>,fikr<n>><3sg>><3pl>/fikr<n>><adj>><3pl>/fikr<n>><subst>><3pl>/fikri<adj>><3pl>/fikri<n>><3pl>/fikri<n>><pl>,TP=1;FN=0;FP=5
ox̌kor,ox̌kor<n>,ox̌kor<adj>/ox̌kōr<adj>/ōx̌kor<adj>/ōx̌kōr<adj>,TP=0;FN=1;FP=4
yam-and,yam<dem><d1><sg>><loc>,yam<dem><d1><sg>><loc>/yam<n>><loc>,TP=1;FN=0;FP=1
rizīn,rizīn<n>,rizīn<n>,TP=1;FN=0;FP=0
pīr,pīr<n>,pīr<adj>/pīr<n>,TP=1;FN=0;FP=1
čor-čīd,čor<n>><do>><inf>,čor-čīd<n>/čōr-čīd<n>,TP=0;FN=1;FP=2
wūvd,wūvd<num>,wūvd<num>,TP=1;FN=0;FP=0
sol-i,sol<n>><3sg>,sol<n>><3sg>/sōl<n>><3sg>/sol<n>><adj>/sōl<n>><adj>/sol<n>><subst>/sōl<n>><subst>,TP=2;FN=0;FP=4
čor,čor<n>/čor<num>,čor<n>/čōr<n>/čor<num>/čōr<num>,TP=4;FN=0;FP=0
bewā-θ,bewā<n>><adv>,bewā<n>><adv>,TP=1;FN=0;FP=0
reδǰ,reδ<v>><prf>,reð<v>><prf>/reδ<v>><prf>,TP=2;FN=0;FP=0
sol,sol<n>,sol<n>/sōl<n>,TP=2;FN=0;FP=0
sic,si<v>><prf><f_pl>,sic<v><prf><f>/sic<v><prf><pl>,TP=0;FN=1;FP=2
ačaθ,ačaθ<prt>/ačaθ<n>,ač<pro>><adv>/ač<pro>><int>/ač<pro>>><adv>/ača<pro>><adv>/ača<pro>>><adv>/ačaθ<pro>/ačaϑ<pro>,TP=0;FN=2;FP=7
nax̌tīc,nax̌tī<v>><prf><f_pl>,nax̌tīc<v><prf><f>,TP=0;FN=1;FP=1
meθ-i,meθ<n>><3sg>,me<pro>><adv>><3sg>/me<pro>><adv>><adj>/me<pro>><adv>><subst>/me<pro>>><adv>><3sg>/me<pro>>><adv>><adj>/me<pro>>><adv>><subst>/meθ<n>><3sg>/meϑ<n>><3sg>/meθ<n>><adj>/meϑ<n>><adj>/meθ<n>><subst>/meϑ<n>><subst>,TP=2;FN=0;FP=10
yůllo,yůllo<n>,yůllo<n>/yůllō<n>,TP=2;FN=0;FP=0
parezi,parez<n>><3sg>,parez<n>><3sg>/parez<n>><adj>/parez<n>><subst>,TP=1;FN=0;FP=2
xuδoy-i,xuδoy<n><god>><3sg>,xuðoy<n>><3sg>/xuðōy<n>><3sg>/xuδoy<n>><3sg>/xuδōy<n>><3sg>/xuðoy<n>><adj>/xuðōy<n>><adj>/xuδoy<n>><adj>/xuδōy<n>><adj>/xuðoy<n>><subst>/xuðōy<n>><subst>/xuδoy<n>><subst>/xuδōy<n>><subst>,TP=0;FN=1;FP=12
ozodi,ozodi<n>,ozod<adj>><3sg>/ozōd<adj>><3sg>/ōzod<adj>><3sg>/ōzōd<adj>><3sg>/ozod<n>><3sg>/ozōd<n>><3sg>/ōzod<n>><3sg>/ōzōd<n>><3sg>/ozod<n>><adj>/ozōd<n>><adj>/ōzod<n>><adj>/ōzōd<n>><adj>/ozod<n>><subst>/ozōd<n>><subst>/ōzod<n>><subst>/ōzōd<n>><subst>/ozodi<n>/ozōdi<n>/ōzodi<n>/ōzōdi<n>,TP=4;FN=0;FP=16
muntazir,muntazir<n>,muntazir<adj>,TP=0;FN=1;FP=1
čīzaθ-en,čīz<pro>><adv>><3pl>/čīz<pro>><int>><3pl>,čīz<pro>><adv>><3pl>/čīz<pro>><int>><3pl>/čīz<pro>>><adv>><3pl>/čīz<n>><adv>><3pl>/čīz<n>><int>><3pl>/čīz<pro>><adv>><3pl>/čīz<pro>><int>><3pl>/čīz<pro>>><adv>><3pl>,TP=6;FN=0;FP=2
gāx̌t-en,gāx̌t<n>><3pl>,gāx̌<v><prs>><2sg>><3pl>,TP=0;FN=1;FP=1
qād-i,qād<n>><3sg>,qād<n>><3sg>/qād<n>><adj>/qād<n>><subst>,TP=1;FN=0;FP=2
bačamard,bačamard<n>,bačamard<n>,TP=1;FN=0;FP=0
aqlidor,aqlidor<n>,aqli<n>><hb>/aqlidor<adj>/aqlidōr<adj>,TP=0;FN=1;FP=3
fayz,fayz<n>,fayz<n>,TP=1;FN=0;FP=0
barakat,barakat<n>,bar<n>><dim>><2sg>/bar<n>><dim>><coord2>/barakat<n>,TP=1;FN=0;FP=2
sol-en,sol<n>><3pl>,sol<n>><3pl>/sōl<n>><3pl>/sol<n>><pl>/sōl<n>><pl>,TP=2;FN=0;FP=2
ayům,ayům<n>,ayům<n>,TP=1;FN=0;FP=0
ayům-en,ayům<n>><3pl>,ayům<n>><3pl>/ayům<n>><pl>,TP=1;FN=0;FP=1
red,re<v>><pst>,re<v>><inf>/re<v>><pst>,TP=1;FN=0;FP=1
wizent,wizen<v>><pst>,wiz<v><prs>><3pl>><2sg>/wiz<v>><prs><3pl>><2sg>/wizen<v><prs>><2sg>/wizen<v>><inf>/wizen<v>><prs><3sg>/wizen<v>><pst>,TP=1;FN=0;FP=5
xayol-en,xayol<n>><3pl>,xayol<n>><3pl>/xayōl<n>><3pl>/xayol<n>><pl>/xayōl<n>><pl>,TP=2;FN=0;FP=2
darūn,darūn<n>/darūn<post>,darūn<adj>/darūn<n>/darūn<post>/darūn<prep>,TP=2;FN=0;FP=2
tay,tay<n>,tay<intj>,TP=0;FN=1;FP=1
tām-en,tām<conj>><3pl>,tām<n>><3pl>/tām<n>><pl>,TP=0;FN=1;FP=2
baladen,balad<n>><3pl>,bal<n>><coord2>><3pl>/balad<adj>><3pl>,TP=0;FN=1;FP=2
x̌ikīd,x̌ikī<n>><inf>,x̌ikī<v>><inf>/x̌ikī<v>><pst>,TP=0;FN=1;FP=2
cůnden,cůnd<pro>><3pl>,cůnd<pro>><3pl>,TP=1;FN=0;FP=0
x̌ikūd,x̌ikū<v>><pst>,x̌ikū<v>><inf>/x̌ikū<v>><pst>,TP=1;FN=0;FP=1
wi-yen,wi<dem><d3><m><sg><obl>><3pl>,wi<dem><d3><m><sg><obl>><3pl>,TP=1;FN=0;FP=0
gax̌t-en,gax̌t<n>><pl>,gax̌t<n>><3pl>/gax̌t<n>><pl>,TP=1;FN=0;FP=1
yamard-en,yam<dem><d1><sg>><dat>><3pl>,yam<dem><d1><sg>><dat>><3pl>/yam<n>><dat>><3pl>/yama<n>><dat>><3pl>,TP=1;FN=0;FP=2
azoben,azob<n>><3pl>,azob<n>><3pl>/azōb<n>><3pl>/azob<n>><pl>/azōb<n>><pl>,TP=2;FN=0;FP=2
ara,ara<num>,ara<num>,TP=1;FN=0;FP=0
oxůnen,oxůn<n>><pl>,oxůn<n>><3pl>/ōxůn<n>><3pl>/oxůn<n>><pl>/ōxůn<n>><pl>,TP=2;FN=0;FP=2
nūsč,nūs<v>><prf><m>,nūs<v>><prf>/nūsč<v><prf><m>,TP=1;FN=0;FP=1
niɣůɣ̌d,niɣůɣ̌<v>><prs><3sg>,niɣůɣ̌<v>><inf>/niɣůɣ̌<v>><prs><3sg>/niɣůɣ̌<v>><pst>,TP=1;FN=0;FP=2
wev-at,wev<dem><d3><pl><obl>><coord2>,wev<dem><d3><pl><obl>><2sg>/wev<dem><d3><pl><obl>><coord2>,TP=1;FN=0;FP=1
ǰiwoben,ǰiwob<n>><pl>,ǰiwob<n>><3pl>/ǰiwōb<n>><3pl>/ǰiwob<n>><3pl>/ǰiwōb<n>><3pl>/ǰiwob<n>><pl>/ǰiwōb<n>><pl>/ǰiwob<n>><pl>/ǰiwōb<n>><pl>,TP=4;FN=0;FP=4
čīz-ard,čīz<pro>><dat>/čīzard<pro>,čīz<pro>><dat>/čīz<n>><dat>/čīz<pro>><dat>,TP=2;FN=1;FP=1
wuz-ām,wuz<pers><1sg>><1pl>,wuz<n>><1pl>/wuz<pers><1sg>><1pl>/wuz<v><prs>><1pl>,TP=1;FN=0;FP=2
ǰiwob-i,ǰiwob<n>><3sg>,ǰiwob<n>><3sg>/ǰiwōb<n>><3sg>/ǰiwob<n>><3sg>/ǰiwōb<n>><3sg>/ǰiwob<n>><adj>/ǰiwōb<n>><adj>/ǰiwob<n>><adj>/ǰiwōb<n>><adj>/ǰiwob<n>><subst>/ǰiwōb<n>><subst>/ǰiwob<n>><subst>/ǰiwōb<n>><subst>,TP=4;FN=0;FP=8
nā,nā<prt><neg><q>,nā<prt>,TP=0;FN=1;FP=1
vīm,vī<v>><prs><1sg>,vīm<v><prs><1sg>,TP=1;FN=0;FP=0
fāmt,fām<v>><pst>/fām<v>><-pst>,fām<v><prs>><2sg>/fām<v>><inf>/fām<v>><prs><3sg>/fām<v>><pst>,TP=1;FN=1;FP=3
yoδ,yoδ<n>,yoð<n>/yoδ<n>/yōð<n>/yōδ<n>/yoð<v><prs>/yoδ<v><prs>/yōð<v><prs>/yōδ<v><prs>,TP=4;FN=0;FP=4
ɣullā,ɣullā<n>,ɣullā<adj>/ɣullā<n>,TP=1;FN=0;FP=1
farosat,farosat<n>,farosat<n>/farōsat<n>,TP=2;FN=0;FP=0
žīwǰgi,žīwǰ<n>><subst>,žīwǰgi<n>/žīwǰgi<n>,TP=0;FN=1;FP=2
tarafi,taraf<n>><ez>,taraf<n>><3sg>/taraf<n>><adj>/taraf<n>><subst>,TP=0;FN=1;FP=3
purrā,purrā<n>,pur<adj>>рā<n>/purrā<adj>,TP=0;FN=1;FP=2
garginūx̌ā,garginūx̌ā<post>,garginūx̌ā<post>,TP=1;FN=0;FP=0
ʒuv,ʒuv<n>,ʒuv<adj>/ӡuv<adj>,TP=0;FN=1;FP=2
kalům,kalům<n>,kalům<n>,TP=1;FN=0;FP=0
ɣêv-and,ɣêv<n>><loc>,ɣêv<n>><loc>,TP=1;FN=0;FP=0
x̌īnt,x̌īn<v>><prs><3sg>,x̌īn<adj>><2sg>/x̌īn<v>><prs><3sg>,TP=1;FN=0;FP=1
kax̌tīn-i,kax̌tīn<n>><3sg>,kax̌tīn<n>><3sg>/kax̌tīn<n>><adj>/kax̌tīn<n>><subst>,TP=1;FN=0;FP=2
kax̌tīnen-and,kax̌tīn<n>><pl>><loc>,kax̌tīn<n>><pl>><loc>,TP=1;FN=0;FP=0
tūren-en,tūr<n>><pl>><3pl>,tūr<n>><3pl>><3pl>/tūr<n>><pl>><3pl>,TP=1;FN=0;FP=1
zinod,zino<v>><pst>,zino<v>><inf>/zinō<v>><inf>/zino<v>><pst>/zinō<v>><pst>,TP=2;FN=0;FP=2
kax̌tīn,kax̌tīn<n>,kax̌tīn<n>,TP=1;FN=0;FP=0
xoyix̌-i,xoyix̌<n>><3sg>,xoyix̌<n>><3sg>/xōyix̌<n>><3sg>/xoyix̌<n>><adj>/xōyix̌<n>><adj>/xoyix̌<n>><subst>/xōyix̌<n>><subst>,TP=2;FN=0;FP=4
důndikaθ,důnd<pro>><dim>><adv>,důnd<pro>><dim>><adv>/důnd<pro>><dim>><int>/důnd<pro>>><dim>><adv>/důnd<pro>>><dim>><int>/důndik<adj>><adv>/důndik<adj>><int>,TP=2;FN=0;FP=4
zīmbā,zīmbā<n>,zīmb<n>><hb>/zīmbā<n>,TP=1;FN=0;FP=1
xubaθ,xubaθ<pro>/xubaθ<pro><self>,xub<n>><adv>/xub<n>><int>/xubaθ<n>/xubaϑ<n>/xubaθ<pro><self>/xubaϑ<pro><self>,TP=2;FN=1;FP=4
nūst,nūs<v><m>><pst>,nūs<v><prs>><2sg>/nūs<v>><inf>/nūs<v>><prs><3sg>/nūs<v>><pst>,TP=0;FN=1;FP=4
odamen-ard-i,odam<n>><pl>><dat>><3sg>,odam<n>><pl>><dat>><3sg>/ōdam<n>><pl>><dat>><3sg>,TP=2;FN=0;FP=0
tālīm,tālīm<n>,tālīm<n>,TP=1;FN=0;FP=0
δêd,δê<v>><inf>,ðê<v>><inf>/δê<v>><inf>/ðê<v>><pst>/δê<v>><pst>/ðêd<n>/δêd<n>,TP=2;FN=0;FP=4
dawům,dawům<n>,dawům<n>,TP=1;FN=0;FP=0
awʒi,awʒi<n>,awʒ<adj>><3sg>/awӡ<adj>><3sg>/awʒ<n>><3sg>/awӡ<n>><3sg>/awʒ<n>><adj>/awӡ<n>><adj>/awʒ<n>><subst>/awӡ<n>><subst>/awʒi<n>/awӡi<n>,TP=2;FN=0;FP=8
tūr,tūr<n>,tūr<n>,TP=1;FN=0;FP=0
pitet,pit<v>><prs><2pl>,pi<v><prs>><2sg>><2pl>/pitet<v><prs><2pl>,TP=1;FN=0;FP=1
māš-ām,māš<pers><1pl>><1pl>,māš<pers><1pl><obl>><1pl>/māš<pers><1pl>><1pl>,TP=1;FN=0;FP=1
čīzaθ-ām,čīz<n>><int>><1pl>,čīz<pro>><adv>><1pl>/čīz<pro>><int>><1pl>/čīz<pro>>><adv>><1pl>/čīz<n>><adv>><1pl>/čīz<n>><int>><1pl>/čīz<pro>><adv>><1pl>/čīz<pro>><int>><1pl>/čīz<pro>>><adv>><1pl>,TP=1;FN=0;FP=7
gārδenum,gārδen<v>><prs><1sg>,gārð<v><prs>><3pl>><1sg>/gārδ<v><prs>><3pl>><1sg>/gārð<v>><prs><3pl>><1sg>/gārδ<v>><prs><3pl>><1sg>,TP=0;FN=1;FP=4
pitêwum,pitêw<v>><prs><1sg>,pitêw<v><imp>><1sg>/pitêw<v><prs>><1sg>/pitêw<v>><prs><1sg>,TP=2;FN=0;FP=1
pitêwd,pitêw<v>><pst>,pitêw<v>><inf>/pitêw<v>><prs><3sg>/pitêw<v>><pst>,TP=1;FN=0;FP=2
moyi-yen,moyi<n>><3pl>,mo<n>><3sg>><3pl>/mō<n>><3sg>><3pl>/mo<pro>><3sg>><3pl>/mō<pro>><3sg>><3pl>/moyi<n>><3pl>/mōyi<n>><3pl>/moyi<n>><pl>/mōyi<n>><pl>,TP=2;FN=0;FP=6
pirost,piros<v><f_pl>><pst>,pirost<v><pst><f_pl>/pirōst<v><pst><f_pl>,TP=2;FN=0;FP=0
δust-weδd,δust<v>><lay_out>><inf>,ðust<adj>>wеδд<n>/δust<adj>>wеδд<n>,TP=0;FN=1;FP=2
yordam,yordam<n>,yord<n>><1pl>/yōrd<n>><1pl>/yordam<n>/yōrdam<n>,TP=2;FN=0;FP=2
kax̌tīnen,kax̌tīn<n>><pl>,kax̌tīn<n>><3pl>/kax̌tīn<n>><pl>,TP=1;FN=0;FP=1
moyi,moyi<n>,mo<n>><3sg>/mō<n>><3sg>/mo<pro>><3sg>/mō<pro>><3sg>/moyi<n>/mōyi<n>,TP=2;FN=0;FP=4
wīz,wīz<v>,wīz<n>,TP=0;FN=1;FP=1
kax̌tīnen-en,kax̌tīn<n>><pl>><3pl>,kax̌tīn<n>><3pl>><3pl>/kax̌tīn<n>><pl>><3pl>,TP=1;FN=0;FP=1
piro-ndi-yi,piro<n>><loc>><3sg>,piro<n>><loc>><3sg>><3sg>/pirō<n>><loc>><3sg>><3sg>,TP=2;FN=0;FP=0
δar,δar<n>,ðar<adj>/δar<adj>/ðar<n>/δar<n>/ðar<prt>/δar<prt>,TP=2;FN=0;FP=4
oxir,oxir<prt>,oxir<adj>/ōxir<adj>/oxir<n>/ōxir<n>/oxir<prt>/ōxir<prt>,TP=2;FN=0;FP=4
pacen,pac<n><pl>><3pl>,pac<n>><pl>,TP=0;FN=1;FP=1
rafīqen,rafīq<n>><3pl>,rafīq<n>><3pl>/rafīq<n>><pl>,TP=1;FN=0;FP=1
anǰāvi,anǰāv<v>><prs><2sg>,anǰāv<v><imp>><3sg>/anǰāv<v><imp>><3sg>/anǰāv<v><prs>><3sg>/anǰāv<v><prs>><3sg>/anǰāv<v>><prs><2sg>/anǰāv<v>><prs><2sg>,TP=2;FN=0;FP=4
ziwost,ziwos<v>><pst>,ziwos<v><prs>><2sg>/ziwōs<v><prs>><2sg>/ziwos<v>><inf>/ziwōs<v>><inf>/ziwos<v>><prs><3sg>/ziwōs<v>><prs><3sg>/ziwos<v>><pst>/ziwōs<v>><pst>,TP=2;FN=0;FP=6
dām-ti-yen,dām<n>><sup>><3pl>/dām<post>><sup>><3pl>,dām<n>><2sg>><3sg>><3pl>/dām<n>><sup>><3pl>/dām<v><prs>><2sg>><3sg>><3pl>,TP=1;FN=1;FP=2
forax̌,forax̌<n>,forax̌<n>/fōrax̌<n>,TP=2;FN=0;FP=0
mīr-and,mīr<n>><loc>,mīr<n>><loc>,TP=1;FN=0;FP=0
bašānd,bašānd<n>,bašānd<adj>/bašānd<prt>,TP=0;FN=1;FP=2
damdor,damdor<n>,dam<dem><d2><f><sg><obl>><hb>/dam<dem><d2><f><sg><obl>>><hb>,TP=0;FN=1;FP=2
bemor,bemor<n>,<without><adj>>mor<n>/<without><adj>>mōr<n>/bemor<adj>/bemōr<adj>,TP=0;FN=1;FP=4
mīd,mī<v>><inf>,mī<v>><inf>/mī<v>><pst>,TP=1;FN=0;FP=1
mīr,mīr<n>,mīr<adj>/mīr<n>,TP=1;FN=0;FP=1
aqsaqolen-i,aqsaqol<n>><pl>><3sg>,aqsaqol<n>><3pl>><3sg>/aqsaqōl<n>><3pl>><3sg>/aqsaqol<n>><pl>><3sg>/aqsaqōl<n>><pl>><3sg>/aqsaqol<n>><pl>><adj>/aqsaqōl<n>><pl>><adj>/aqsaqol<n>><pl>><subst>/aqsaqōl<n>><pl>><subst>,TP=2;FN=0;FP=6
mīdow,mī<v>><inf>><purp>,mī<v>><inf>><purp>,TP=1;FN=0;FP=0
xax̌-aθ,xax̌<n>><adv>,xax̌<adj>><adv>/xax̌<adj>><int>/xax̌<n>><adv>/xax̌<n>><int>,TP=1;FN=0;FP=3
mardum-i,mardum<n>><3sg>,mard<adj>><1sg>><3sg>/mard<n>><1sg>><3sg>/mardum<n>><3sg>/mardum<n>><adj>/mardum<n>><subst>,TP=1;FN=0;FP=4
māš-ard-i,māš<pers><1pl>><dat>><3sg>,māš<pers><1pl>><dat>><3sg>/māš<pers><1pl>><dat>><adj>/māš<pers><1pl>><dat>><subst>/māš<pers><1pl>><dat>>><adj>/māš<pers><1pl>><dat>>><subst>,TP=1;FN=0;FP=4
kiništ,kiništ<n>,kiništ<n>,TP=1;FN=0;FP=0
mīzd,mīz<v>><pst>,mīz<v>><inf>/mīz<v>><pst>,TP=1;FN=0;FP=1
qarībaki,qarīb<n>><dim>><ez>,qarīb<adj>><dim>><3sg>,TP=0;FN=1;FP=1
čīd-en,čīd<n>><3pl>,čīd<n>><3pl>/čīd<n>><pl>,TP=1;FN=0;FP=1
odamenaθ-i,odam<n>><pl>><adv>><3sg>,odam<n>><3pl>><int>><3sg>/ōdam<n>><3pl>><int>><3sg>/odam<n>><pl>><adv>><3sg>/ōdam<n>><pl>><adv>><3sg>/odam<n>><pl>><adv>><adj>/ōdam<n>><pl>><adv>><adj>/odam<n>><pl>><adv>><subst>/ōdam<n>><pl>><adv>><subst>/odam<n>><pl>><int>><3sg>/ōdam<n>><pl>><int>><3sg>,TP=2;FN=0;FP=8
pêɣům,pêɣům<n>,pêɣům<n>,TP=1;FN=0;FP=0
taxsīr,taxsīr<n>,tax<adj>>сӣр<n>/taxsīr<n>,TP=1;FN=0;FP=1
qadam,qadam<n>,qad<n>><1pl>/qadam<n>,TP=1;FN=0;FP=1
ranǰā,ranǰ<n>><pl>,ranǰ<n>><hb>/ranǰ<n>><hb>,TP=0;FN=1;FP=2
důnd-ard,důnd<pro>><dat>,důnd<pro>><dat>,TP=1;FN=0;FP=0
loyiq,loyiq<n>,loyiq<adj>/lōyiq<adj>,TP=0;FN=1;FP=2
deδi,deδ<v>><prs><2sg>,deð<v><prs>><3sg>/deδ<v><prs>><3sg>/deð<v>><prs><2sg>/deδ<v>><prs><2sg>,TP=2;FN=0;FP=2
xubaθ-um,xubaθ<pro>><1sg>,xub<n>><adv>><1sg>/xub<n>><int>><1sg>/xubaθ<n>><1sg>/xubaϑ<n>><1sg>/xubaθ<pro><self>><1sg>/xubaϑ<pro><self>><1sg>,TP=0;FN=1;FP=6
loyiq-um,loyiq<n>><1sg>,loyiq<adj>><1sg>/lōyiq<adj>><1sg>,TP=0;FN=1;FP=2
rimi,rimi<v>,rimi<v><prs>,TP=0;FN=1;FP=1
ɣulům-ta,ɣulům<n>><irr>,ɣulům<n>><fut>,TP=0;FN=1;FP=1
xub,xub<n>,xub<n>,TP=1;FN=0;FP=0
mund-en,mu<pers><1sg><obl>><loc>><3pl>,mu<pers><1sg>><loc>><3pl>/mund<pro>><3pl>,TP=0;FN=1;FP=2
farmůn-and,farmůn<n>><loc>,farmůn<n>><loc>,TP=1;FN=0;FP=0
yīward,yīw<num>><dat>,yīw<pro>><dat>,TP=0;FN=1;FP=1
yīw-ard,yīw<num>><dat>,yīw<pro>><dat>,TP=0;FN=1;FP=1
ya,ya<v>/yā<dem><d3><f><sg>,ya<prt>/ya<v><imp>/ya<v><prs>,TP=0;FN=2;FP=3
falůn,falůn<n>,falůn<adj>,TP=0;FN=1;FP=1
gāpen-i,gāp<n>><pl>><3sg>,gāp<n>><3pl>><3sg>/gāp<n>><pl>><3sg>/gāp<n>><pl>><adj>/gāp<n>><pl>><subst>,TP=1;FN=0;FP=3
yemůn,yemůn<n>,yemůn<n>,TP=1;FN=0;FP=0
box̌čin,box̌<v>><prf>><ptcp1>,box̌<v>><prf>><ptcp>/bōx̌<v>><prf>><ptcp>,TP=0;FN=1;FP=2
odamen-en,odam<n>><pl>><3pl>,odam<n>><3pl>><3pl>/ōdam<n>><3pl>><3pl>/odam<n>><pl>><3pl>/ōdam<n>><pl>><3pl>,TP=2;FN=0;FP=2
waxt-aθ,waxt<n>><adv>,waxt<n>><adv>/waxt<n>><int>,TP=1;FN=0;FP=1
čand,čand<pro>,čand<pro>,TP=1;FN=0;FP=0
nayin,nayin<nprop><nain>,nay<n>><adj>,TP=0;FN=1;FP=1
x̌ogirden,x̌ogird<n>><pl>,x̌ogird<n>><3pl>/x̌ōgird<n>><3pl>/x̌ogird<n>><pl>/x̌ōgird<n>><pl>,TP=2;FN=0;FP=2
katā,katā<n>,katā<adj>,TP=0;FN=1;FP=1
amro,amro<n>,amro<n>/amrō<n>,TP=2;FN=0;FP=0
x̌ār-and-en,x̌ār<n>><loc>><3pl>,x̌ār<n>><loc>><3pl>,TP=1;FN=0;FP=0
murδā,murδā<n>,murðā<n>/murδā<n>,TP=2;FN=0;FP=0
bewā-nd,bewā<n>><loc>,bewā<n>><loc>,TP=1;FN=0;FP=0
yīwikaθ,yīw<num>><dim>><adv>,yīw<pro>><dim>><adv>/yīw<pro>><dim>><int>/yīw<pro>>><dim>><adv>/yīw<pro>>><dim>><int>/yīwik<adj>><adv>/yīwik<adj>><int>/yīwik<pro>><adv>/yīwik<pro>><int>/yīwik<pro>>><adv>,TP=0;FN=1;FP=9
ziryot,ziryot<n>,ziryot<n>/ziryōt<n>,TP=2;FN=0;FP=0
bewā,bewā<n>,bewā<n>,TP=1;FN=0;FP=0
wam-i,wam<pers><d3><f><sg><obl>><3sg>,wam<dem><d3><f><sg><obl>><3sg>/wam<dem><d3><f><sg><obl>><adj>/wam<dem><d3><f><sg><obl>><subst>/wam<dem><d3><f><sg><obl>>><adj>/wam<dem><d3><f><sg><obl>>><subst>,TP=0;FN=1;FP=5
nāw,nāw<v>,nāw<v><prs>,TP=0;FN=1;FP=1
δust-i,δust<n>><3sg>,ðust<adj>><3sg>/δust<adj>><3sg>/ðust<n>><3sg>/δust<n>><3sg>/ðust<n>><adj>/δust<n>><adj>/ðust<n>><subst>/δust<n>><subst>,TP=2;FN=0;FP=6
tobūt,tobūt<n>,tobūt<n>/tōbūt<n>,TP=2;FN=0;FP=0
gīr-en,gīr<n>><3pl>,gīr<adj>><3pl>/gīr<n>><3pl>/gīr<n>><pl>/gīr<v><prs>><3pl>,TP=1;FN=0;FP=3
ǰiwůn,ǰiwůn<n>,ǰiwůn<adj>/ǰiwůn<adj>/ǰiwůn<n>/ǰiwůn<n>,TP=2;FN=0;FP=2
andiӡ,andiӡ<v>,andiӡ<v><prs>/andiʒ<v><prs>/andiӡ<v><prs>,TP=0;FN=1;FP=3
ǰoy-ti,ǰoy<n>><sup>,ǰoy<n>><2sg>><3sg>/ǰōy<n>><2sg>><3sg>/ǰoy<n>><2sg>><3sg>/ǰōy<n>><2sg>><3sg>/ǰoy<n>><sup>/ǰōy<n>><sup>/ǰoy<n>><sup>/ǰōy<n>><sup>,TP=4;FN=0;FP=4
woymā-ndi,woymā<n>><loc>><3sg>,woymā<n>><loc>><3sg>/wōymā<n>><loc>><3sg>,TP=2;FN=0;FP=0
xuδoy-ard-en,xuδoy<n><god>><dat>><3pl>,xuðoy<n>><dat>><3pl>/xuðōy<n>><dat>><3pl>/xuδoy<n>><dat>><3pl>/xuδōy<n>><dat>><3pl>,TP=0;FN=1;FP=4
xax̌aθ,xax̌<n>><adv>,xax̌<adj>><adv>/xax̌<adj>><int>/xax̌<n>><adv>/xax̌<n>><int>,TP=1;FN=0;FP=3
mulki,mulk<n>><ez>,mulk<n>><3sg>/mulk<n>><adj>/mulk<n>><subst>/mulki<adj>/mulki<n>,TP=0;FN=1;FP=5
bor,bor<n>,bor<n>/bōr<n>/bor<prt>/bōr<prt>,TP=2;FN=0;FP=2
por,por<n>,por<n>/pōr<n>,TP=2;FN=0;FP=0
δiyām,δi<v>><prs><1pl>,ði<v><prs>><1pl>/δi<v><prs>><1pl>/ði<v>><prs><1pl>/δi<v>><prs><1pl>/ðiy<v><prs>><1pl>/δiy<v><prs>><1pl>/ðiy<v>><prs><1pl>/δiy<v>><prs><1pl>,TP=8;FN=0;FP=0
dūsik-ga,dūs<pro>><dim>><add2>,dūsik<adj>><add>,TP=0;FN=1;FP=1
xūδm,xūδm<n>,xūðm<n>/xūδm<n>,TP=2;FN=0;FP=0
gandā,gandā<n>,gandā<adj>,TP=0;FN=1;FP=1
x̌ūӡ,x̌ūʒ<n>,x̌ūӡ<n>/x̌ūʒ<n>/x̌ūӡ<n>,TP=3;FN=0;FP=0
x̌ac,x̌ac<n>,x̌ac<n>,TP=1;FN=0;FP=0
ǰůn-ard,ǰůn<n>><dat>,ǰůn<n>><dat>/ǰůn<n>><dat>,TP=2;FN=0;FP=0
xatar,xatar<n>,xatar<n>,TP=1;FN=0;FP=0
lůd-en,lů<v>><pst>><3pl>,lůd<v><imp>><3pl>/lůd<v><prs><3pl>><3pl>/lůd<v><prs><3sg>><3pl>/lůd<v><prs>><3pl>/lůd<v><pst>><3pl>,TP=1;FN=0;FP=4
alok,alok<n>,alok<n>/alōk<n>,TP=2;FN=0;FP=0
mawǰen-i,mawǰ<n>><pl>><3sg>,mawǰ<n>><3pl>><3sg>/mawǰ<n>><3pl>><3sg>/mawǰ<n>><pl>><3sg>/mawǰ<n>><pl>><3sg>/mawǰ<n>><pl>><adj>/mawǰ<n>><pl>><adj>/mawǰ<n>><pl>><subst>/mawǰ<n>><pl>><subst>,TP=2;FN=0;FP=6
fuka,fuk<pro>><adv>,fuka<pro>,TP=0;FN=1;FP=1
ǰo,ǰo<pro><place>,ǰo<n>/ǰō<n>/ǰo<n>/ǰō<n>,TP=0;FN=1;FP=4
orůmi,orůmi<n>,orům<adj>><3sg>/ōrům<adj>><3sg>/orům<n>><3sg>/ōrům<n>><3sg>/orům<n>><adj>/ōrům<n>><adj>/orům<n>><subst>/ōrům<n>><subst>/orůmi<n>/ōrůmi<n>,TP=2;FN=0;FP=8
x̌ogirden-ard-i,x̌ogird<n>><pl>><dat>><3sg>,x̌ogird<n>><pl>><dat>><3sg>/x̌ōgird<n>><pl>><dat>><3sg>,TP=2;FN=0;FP=0
kāyi,kāyi<pro>,kā<pro>><3sg>,TP=0;FN=1;FP=1
yakdigar,yakdigar<pro><recp>,yakdigar<pro>,TP=0;FN=1;FP=1
ku,ku<prt>/ku<prt><ptcl>,ku<prt>,TP=1;FN=1;FP=0
x̌ac-ard,x̌ac<n>><dat>,x̌ac<n>><dat>,TP=1;FN=0;FP=0
sen,s<v>><prs><3pl>,sen<v><prs>/sen<v><prs><3pl>,TP=1;FN=0;FP=1
koringi,koringi<n>,koringi<n>/kōringi<n>,TP=2;FN=0;FP=0
zox̌t,zox̌<v>><pst>,zox̌<v><prs>><2sg>/zōx̌<v><prs>><2sg>/zox̌<v>><inf>/zōx̌<v>><inf>/zox̌<v>><prs><3sg>/zōx̌<v>><prs><3sg>/zox̌<v>><pst>/zōx̌<v>><pst>,TP=2;FN=0;FP=6
xilwat-aθ,xilwat<n>><adv>,xilwat<adj>><adv>/xilwat<adj>><int>,TP=0;FN=1;FP=2
nīθt,nīθ<v>><prs><3sg>,nīθ<v>><prs><3sg>/nīϑ<v>><prs><3sg>,TP=2;FN=0;FP=0
dām-ti,dām<post>><sup>,dām<n>><2sg>><3sg>/dām<n>><sup>/dām<v><prs>><2sg>><3sg>,TP=0;FN=1;FP=3
bašānd-aθ,bašānd<n>><adv>,bašānd<adj>><adv>/bašānd<adj>><int>,TP=0;FN=1;FP=2
qabūl,qabūl<n>,qabūl<n>,TP=1;FN=0;FP=0
vegā,vegā<n>,vegā<n>,TP=1;FN=0;FP=0
sid,si<v>><inf>,si<v>><inf>/si<v>><pst>/sid<v><prs>,TP=1;FN=0;FP=2
duwozdā,duwozdā<num>,duwozdā<num>/duwōzdā<num>,TP=2;FN=0;FP=0
atrof,atrof<prep>,atrof<n>/atrōf<n>,TP=0;FN=1;FP=2
qišloqen,qišloq<n>><pl>,qišloq<n>><3pl>/qišlōq<n>><3pl>/qišloq<n>><pl>/qišlōq<n>><pl>,TP=2;FN=0;FP=2
xu-rd,xu<pro><refl>><dat>,xu-rd<prt>/xu<pro><refl>><dat>,TP=1;FN=0;FP=1
x̌ikaren,x̌ikar<v>><prs><3pl>,x̌ikar<v><prs>><3pl>/x̌ikar<v>><prs><3pl>,TP=2;FN=0;FP=0
māš-and,māš<pers><1pl>><loc>,māš<pers><1pl>><loc>,TP=1;FN=0;FP=0
biyābůn,biyābůn<n>,biyābůn<adj>/biyābůn<n>,TP=1;FN=0;FP=1
dev-ard,dev<dem><d2><pl><obl>><dat>,dev<dem><d2><pl>><dat>,TP=0;FN=1;FP=1
awqot,awqot<n>,awqot<n>/awqōt<n>,TP=2;FN=0;FP=0
δet,δ<v>><prs><2pl>,ðet<v><prs><2pl>/δet<v><prs><2pl>,TP=2;FN=0;FP=0
baɣer,baɣer<n>,<with><adj>>ɣer<n>/baɣer<prt>,TP=0;FN=1;FP=2
awqotwori,awqotwori<n>,awqotwori<n>/awqotwōri<n>/awqōtwori<n>/awqōtwōri<n>,TP=4;FN=0;FP=0
xarīd-ām,xarīd<v>><1pl>,xarīd<n>><1pl>,TP=0;FN=1;FP=1
fukaki,fukaki<pro>,fuk<pro>><dim>><3sg>/fuk<pro>><dim>><adj>/fuk<pro>><dim>><subst>/fuk<pro>>><dim>><3sg>/fuk<pro>>><dim>><adj>/fuk<pro>>><dim>><subst>/fukaki<prt>,TP=0;FN=1;FP=7
qarīb,qarīb<n>,qarīb<adj>,TP=0;FN=1;FP=1
azor,azor<num>,azor<num>/azōr<num>,TP=2;FN=0;FP=0
nafari,nafar<n>><distr>,nafar<n>><3sg>/nafar<n>><adj>/nafar<n>><subst>,TP=0;FN=1;FP=3
ǰargā,ǰargā<n>,ǰargā<n>/ǰargā<n>,TP=2;FN=0;FP=0
nêδet,nêδ<v>><prs><2pl>,nêð<v><prs>><2pl>/nêδ<v><prs>><2pl>/nêð<v>><prs><2pl>/nêδ<v>><prs><2pl>,TP=4;FN=0;FP=0
nêδd,nêδ<v>><pst>,nêð<v>><inf>/nêδ<v>><inf>/nêð<v>><prs><3sg>/nêδ<v>><prs><3sg>/nêð<v>><pst>/nêδ<v>><pst>,TP=2;FN=0;FP=4
pīc-i,pīc<n>><3sg>,pīc<n>><3sg>/pīc<n>><adj>/pīc<n>><subst>,TP=1;FN=0;FP=2
kānd,kānd<n>,kā<pro>><loc>/kānd<n>,TP=1;FN=0;FP=1
dāk-i,dāk<n>><3sg>,dāk<v><prs>><3sg>,TP=0;FN=1;FP=1
xūd,xū<v>><pst>,xū<v>><inf>/xū<v>><pst>,TP=1;FN=0;FP=1
ser,ser<n>,ser<adj>,TP=0;FN=1;FP=1
toθč-and-ga,toθč<n>><loc>><add1>,toθč-and<adj>><add>/toϑč-and<adj>><add>/tōθč-and<adj>><add>/tōϑč-and<adj>><add>/toθč<n>><loc>><add>/toϑč<n>><loc>><add>/tōθč<n>><loc>><add>/tōϑč<n>><loc>><add>,TP=0;FN=1;FP=8
idi,idi<conj><compl>,idi<conj><compl>,TP=1;FN=0;FP=0
čoriki,čorik<n>><3sg>,čor<n>><dim>><3sg>/čōr<n>><dim>><3sg>/čor<n>><dim>><adj>/čōr<n>><dim>><adj>/čor<n>><dim>><subst>/čōr<n>><dim>><subst>/čorik<n>><3sg>/čōrik<n>><3sg>/čorik<n>><adj>/čōrik<n>><adj>/čorik<n>><subst>/čōrik<n>><subst>,TP=2;FN=0;FP=10
sifīδǰ,sifīδ<v>><prf>/sifīδ<v>><prf><m>,sifīð<v>><prf>/sifīδ<v>><prf>/sifīðǰ<v><prf><m>/sifīðǰ<v><prf><m>/sifīδǰ<v><prf><m>/sifīδǰ<v><prf><m>,TP=6;FN=0;FP=0
daraxt,daraxt<n>,daraxt<n>,TP=1;FN=0;FP=0
boɣand,boɣ<n>><loc>,boɣ<n>><loc>/bōɣ<n>><loc>,TP=2;FN=0;FP=0
xušrūy,xušrūy<n>,xuš<adj>>рӯй<n>/xušrūy<adj>/xušrūy<n>,TP=1;FN=0;FP=2
boɣ,boɣ<n>,boɣ<n>/bōɣ<n>,TP=2;FN=0;FP=0
wind,wi<dem><d3><m><sg><obl>><loc>,wi<dem><d3><m><sg>><loc>/wind<pro>,TP=0;FN=1;FP=2
xoyix̌i,xoyix̌<n>><3sg>,xoyix̌<n>><3sg>/xōyix̌<n>><3sg>/xoyix̌<n>><adj>/xōyix̌<n>><adj>/xoyix̌<n>><subst>/xōyix̌<n>><subst>,TP=2;FN=0;FP=4
čūǰ,čū<v>><prf>,čū<v>><prf>,TP=1;FN=0;FP=0
az,az<prep><el>,az<prep>,TP=0;FN=1;FP=1
nok,nok<n>,nok<n>/nōk<n>,TP=2;FN=0;FP=0
daraxtti,daraxt<n>><sup>,daraxt<n>><2sg>><3sg>/daraxt<n>><sup>,TP=1;FN=0;FP=1
noken,nok<n>><pl>,nok<n>><3pl>/nōk<n>><3pl>/nok<n>><pl>/nōk<n>><pl>,TP=2;FN=0;FP=2
xurd,xu<pro><refl>><dat>/xurd<prt>,xu<pro><refl>><dat>/xurd<pro>,TP=1;FN=1;FP=1
sabadand,sabad<n>><loc>,sabad<n>><loc>,TP=1;FN=0;FP=0
nū,nū<prt><hez>,nū<num>,TP=0;FN=1;FP=1
bādi,bād<n>><3sg>/bādi<n>,bādi<prep>,TP=0;FN=2;FP=1
zox̌č,zox̌<v>><prf>,zox̌<v>><prf>/zōx̌<v>><prf>,TP=2;FN=0;FP=0
čūx̌č,čūx̌<v>><prf>,čūx̌<v>><prf>,TP=1;FN=0;FP=0
vazga,vaz<n>><add1>,vaz<n>><add>,TP=0;FN=1;FP=1
vīsčin,vīs<v>><prf>><ptcp1>,vīs<v>><prf>><ptcp>,TP=0;FN=1;FP=1
xāfct,xāfc<v>><prs><3sg>,xāfc<v><prs>><2sg>/xāfc<v>><inf>/xāfc<v>><prs><3sg>/xāfc<v>><pst>,TP=1;FN=0;FP=3
sifīnt,sifīn<v>><prs><3sg>,sifīn<v>><prs><3sg>,TP=1;FN=0;FP=0
zêzd,zêz<v>><prs><3sg>/zêz<v>><-prs><3sg>,zêz<v>><inf>/zêz<v>><prs><3sg>/zêz<v>><pst>,TP=1;FN=1;FP=2
sabaden,sabad<n>><pl>,sabad<n>><3pl>/sabad<n>><pl>,TP=1;FN=0;FP=1
důnā,důnā<n>,důn<pro>><hb>/důn<pro>>><hb>/důnā<n>,TP=1;FN=0;FP=2
rāguzar,rāguzar<n>,rāguzar<n>,TP=1;FN=0;FP=0
deδd,deδ<v>><prs><3sg>,deð<v>><inf>/deδ<v>><inf>/deð<v>><prs><3sg>/deδ<v>><prs><3sg>/deð<v>><pst>/deδ<v>><pst>,TP=2;FN=0;FP=4
sabad,sabad<n>,sabad<n>,TP=1;FN=0;FP=0
aθêrt,aθêr<v>><prs><3sg>,aθêr<v><prs>><2sg>/aϑêr<v><prs>><2sg>/aθêr<v>><inf>/aϑêr<v>><inf>/aθêr<v>><prs><3sg>/aϑêr<v>><prs><3sg>/aθêr<v>><pst>/aϑêr<v>><pst>,TP=2;FN=0;FP=6
disga,dis<pro>><add1>/dis<pro>><=add1>,dis<pro>><add>,TP=0;FN=2;FP=1
kix̌tat,kix̌<v>><prs><3sg>><coord2>,kix̌<v><prs>><2sg>><2sg>/kix̌<v><prs>><2sg>><coord2>/kix̌<v><prs>><fut>><2sg>/kix̌<v>><inf>><coord2>/kix̌<v>><prs><3sg>><coord2>/kix̌<v>><pst>><coord2>,TP=1;FN=0;FP=5
wirdatā,wi<dem><d3><m><sg><obl>><dat>><advs>,wi<dem><d3><m><sg>><dat>><advs>/wi<dem><d3><m><sg>><dat>><in>/wi<dem><d3><m><sg>><dat>>><in>/wird<pro>><advs>/wird<pro>><in>/wird<pro>>><in>,TP=0;FN=1;FP=6
duyum,du<num>><ord>,du<num>><ord>,TP=1;FN=0;FP=0
wird,wi<dem><d3><m><sg><obl>><dat>,wi<dem><d3><m><sg>><dat>/wird<pro>,TP=0;FN=1;FP=2
půndaθ,půnd<n>><adv>,půnd<n>><adv>/půnd<n>><int>,TP=1;FN=0;FP=1
dāmti,dam<dem><d2><f><sg><obl>><sup>/dām<dem><d2><f><sg><obl>><sup>,dām<n>><2sg>><3sg>/dām<n>><sup>/dām<v><prs>><2sg>><3sg>,TP=0;FN=2;FP=3
uzum,uz<pers><1sg>><1sg>,uz<n>><1sg>/uz<pers><1sg>><1sg>,TP=1;FN=0;FP=1
δiyen,δi<v>><-prs><3pl>,ði<v><prs>><3pl>/δi<v><prs>><3pl>/ði<v>><prs><3pl>/δi<v>><prs><3pl>/ðiy<v><prs>><3pl>/δiy<v><prs>><3pl>/ðiy<v>><prs><3pl>/δiy<v>><prs><3pl>,TP=0;FN=1;FP=8
windi,wi<dem><d3><m><sg><obl>><loc>,wi<dem><d3><m><sg>><loc>><3sg>/wi<dem><d3><m><sg>><loc>><adj>/wi<dem><d3><m><sg>><loc>><subst>/wi<dem><d3><m><sg>><loc>>><adj>/wi<dem><d3><m><sg>><loc>>><subst>/wind<pro>><3sg>/wind<pro>><adj>/wind<pro>><subst>/wind<pro>>><adj>/wind<pro>>><subst>,TP=0;FN=1;FP=10
wāδga,wāδ<dem><d3><pl>><add1>,wāð<dem><d3><pl>><add>/wāδ<dem><d3><pl>><add>,TP=0;FN=1;FP=2
wef,wef<dem><d3><pl><obl>,wef<n>/wef<pro>,TP=0;FN=1;FP=2
wint,win<v>><prs><3sg>,win<v><prs>><2sg>/win<v>><inf>/win<v>><prs><3sg>/win<v>><pst>,TP=1;FN=0;FP=3
qatiyat,qati<post><com>><coord2>,qat<v><prs><f>><3sg>><2sg>/qat<v><pst><f>><3sg>><2sg>,TP=0;FN=1;FP=2
bozi,bozi<n>,boz<n>><3sg>/bōz<n>><3sg>/boz<n>><adj>/bōz<n>><adj>/boz<n>><subst>/bōz<n>><subst>/boz<v><prs>><3sg>/bōz<v><prs>><3sg>/boz<v>><prs><2sg>/bōz<v>><prs><2sg>/bozi<n>/bōzi<n>,TP=2;FN=0;FP=10
sawol,sawol<n>,sawol<n>/sawōl<n>,TP=2;FN=0;FP=0
tund,tu<pers><2sg>><loc>,tu<pers><2sg>><loc>/tund<adj>/tund<n>/tund<pro>,TP=1;FN=0;FP=3
mund,mu<pers><1sg><obl>><loc>,mu<pers><1sg>><loc>/mund<pro>,TP=0;FN=1;FP=2
xaraɣ,xaraɣ<nprop><khorog>,xaraɣ<n>,TP=0;FN=1;FP=1
naɣ̌ǰīsi,naɣ̌ǰīs<v>><prs><2sg>,naɣ̌ǰīs<v><prs>><3sg>/naɣ̌ǰīs<v><prs>><3sg>/naɣ̌ǰīs<v>><prs><2sg>/naɣ̌ǰīs<v>><prs><2sg>,TP=2;FN=0;FP=2
dam,dam<dem><d2><f><sg><obl>,dam<dem><d2><f><sg><obl>,TP=1;FN=0;FP=0
daryo,daryo<n>,daryo<adj>/daryō<adj>/daryo<n>/daryō<n>,TP=2;FN=0;FP=2
yāni,yāni<prt>/yāni<conj>,yān<v><prs>><3sg>/yān<v>><prs><2sg>,TP=0;FN=2;FP=2
nay-at,nay<prt>><coord2>,nay<n>><2sg>/nay<n>><coord2>,TP=0;FN=1;FP=2
šodarā,šodarā<nprop><shohdara>,šod<adj>>арā<n>/šōd<adj>>арā<n>,TP=0;FN=1;FP=2
modar,modar<n>,modar<n>/mōdar<n>,TP=2;FN=0;FP=0
xay,xay<prt><ptcl>,xay<v><prs>,TP=0;FN=1;FP=1
qišloq-and,qišloq<n>><loc>,qišloq<n>><loc>/qišlōq<n>><loc>,TP=2;FN=0;FP=0
tawallud,tawallud<n>,tawallud<n>,TP=1;FN=0;FP=0
kilametir,kilametir<n>,kilametir<n>,TP=1;FN=0;FP=0
ida,ida<dem><d2><loc>,ida<prt>,TP=0;FN=1;FP=1
navad,navad<num>,<neg>>vad<v><pst><f>/<neg>>vad<v><pst><f_pl>,TP=0;FN=1;FP=2
solā,sol<n>><hb>,sol<n>><hb>/sōl<n>><hb>,TP=2;FN=0;FP=0
wafot,death<n>,wafo<n>><2sg>/wafō<n>><2sg>/wafot<n>/wafōt<n>,TP=2;FN=0;FP=2
sabab-i,sabab<n>><ez>,sabab<n>><3sg>/sabab<n>><adj>/sabab<n>><subst>,TP=0;FN=1;FP=3
kasaliyat,kasal<n>><subst>><coord2>,kasal<adj>><3sg>><2sg>/kasali<n>><2sg>,TP=0;FN=1;FP=2
dev-en,dev<dem><d2><pl><obl>><3pl>,dev<dem><d2><pl><obl>><3pl>/dev<n>><pl>,TP=1;FN=0;FP=1
lůvām,lův<v>><prs><1pl>/lův<v>><-prs><1pl>,lův<v><prs>><1pl>/lův<v>><prs><1pl>,TP=2;FN=1;FP=0
mošīn-qati-yen,mošīn<n>><com>><3pl>,mošīn<n>><com>><3pl>/mōšīn<n>><com>><3pl>,TP=2;FN=0;FP=0
avār,avār<n>,avār<n>,TP=1;FN=0;FP=0
wi-ti,wi<dem><d3><m><sg><obl>><sup>,wi<dem><d3><m><sg><obl>><2sg>><3sg>,TP=0;FN=1;FP=1
guzaštā,guzaštā<n>,guzaštā<n>,TP=1;FN=0;FP=0
nāy,nāy<prt>,nāy<n>/nāy<prt>,TP=1;FN=0;FP=1
bašāndaθ,bašānd<n>><adv>,bašānd<adj>><adv>/bašānd<adj>><int>,TP=0;FN=1;FP=2
salůmati,salůmat<n>><subst>,salům<n>><2sg>><3sg>/salům<n>><coord2>><3sg>/salůmat<adj>><3sg>/salůmat<n>><3sg>/salůmat<n>><adj>/salůmat<n>><subst>/salůmati<n>,TP=1;FN=0;FP=6
wamand,wam<dem><d3><f><sg><obl>><loc>,wam<dem><d3><f><sg>><loc>/wamand<pro>,TP=0;FN=1;FP=2
weδǰatatā,weδ<v>><prf>><pqp>><advs>,weð<v>><prf>><coord2>><advs>/weδ<v>><prf>><coord2>><advs>,TP=0;FN=1;FP=2
tārīxi,tārīx<n>><indf>,tārīx<n>><3sg>/tārīx<n>><adj>/tārīx<n>><subst>/tārīxi<adj>,TP=0;FN=1;FP=4
wīnčin,wīn<v>><prf>><ptcp1>,wīn<v>><prf>><ptcp>,TP=0;FN=1;FP=1
ik-am,ik<prt><emph>><d1><sg>,ik-am<n>/ik-am<pro>,TP=0;FN=1;FP=2
ukūmati,ukūmat<n>><iz>,ukūmat<n>><3sg>/ukūmat<n>><adj>/ukūmat<n>><subst>/ukūmati<adj>,TP=0;FN=1;FP=4
arůd,<down>>ůd<dem><d1>,arůd<pro>,TP=0;FN=1;FP=1
ɣalabā,ɣalabā<n>,ɣalabā<n>,TP=1;FN=0;FP=0
taxt-i,taxt<n>><3sg>,tax<adj>><2sg>><3sg>/tax<n>><2sg>><3sg>/tax<v><prs>><2sg>><3sg>/taxt<adj>><3sg>/taxt<n>><3sg>/taxt<n>><adj>/taxt<n>><subst>,TP=1;FN=0;FP=6
yam,yam<dem><d1><sg>,yam<dem><d1><sg>/yam<n>,TP=1;FN=0;FP=1
aqiqat,aqiqat<n>,aqiqat<n>,TP=1;FN=0;FP=0
wi-ta,wi<dem><d3><m><sg><obl>><fut>,wi<dem><d3><m><sg><obl>><fut>,TP=1;FN=0;FP=0
inkor,inkor<n>,inkor<n>/inkōr<n>,TP=2;FN=0;FP=0
nakix̌t,<neg>>kix̌<v>><prs><3sg>,<neg>>kix̌<v><prs>><2sg>/<neg>>kix̌<v>><inf>/<neg>>kix̌<v>><prs><3sg>/<neg>>kix̌<v>><pst>,TP=1;FN=0;FP=3
maktab-ām,maktab<n>><1pl>,maktab<n>><1pl>,TP=1;FN=0;FP=0
māšand,māš<pers><1pl>><loc>,māš<pers><1pl>><loc>,TP=1;FN=0;FP=0
navud,<neg>>vu<v><m>><pst>,<neg>>vu<v>><inf>/<neg>>vu<v>><pst>/<neg>>vud<v><pst><m>,TP=1;FN=0;FP=2
māšard-en,māš<pers><1pl>><dat>><3pl>,māš<pers><1pl>><dat>><3pl>,TP=1;FN=0;FP=0
vaz-en,vaz<n>><3pl>,vaz<n>><3pl>/vaz<n>><pl>,TP=1;FN=0;FP=1
di-yen,di<dem><d2><m><sg><obl>><3pl>,di<dem><d2><m><sg><obl>><3pl>/di<v><imp>><3pl>/di<v><prs><2sg>><3pl>/di<v><prs>><3pl>,TP=1;FN=0;FP=3
doden-at,dod<n>><pl>><coord2>,dod<n>><3pl>><2sg>/dōd<n>><3pl>><2sg>/dod<n>><3pl>><coord2>/dōd<n>><3pl>><coord2>/dod<n>><pl>><2sg>/dōd<n>><pl>><2sg>/dod<n>><pl>><coord2>/dōd<n>><pl>><coord2>,TP=2;FN=0;FP=6
molt-en,mol<v>><pst>><3pl>,mol<n>><2sg>><3pl>/mōl<n>><2sg>><3pl>/mol<v><prs>><2sg>><3pl>/mōl<v><prs>><2sg>><3pl>,TP=0;FN=1;FP=4
poδen,poδ<n>><pl>,poð<n>><3pl>/poδ<n>><3pl>/pōð<n>><3pl>/pōδ<n>><3pl>/poð<n>><pl>/poδ<n>><pl>/pōð<n>><pl>/pōδ<n>><pl>,TP=4;FN=0;FP=4
molt,mol<v>><pst>,mol<n>><2sg>/mōl<n>><2sg>/mol<v><prs>><2sg>/mōl<v><prs>><2sg>/mol<v>><inf>/mōl<v>><inf>/mol<v>><prs><3sg>/mōl<v>><prs><3sg>/mol<v>><pst>/mōl<v>><pst>,TP=2;FN=0;FP=8
čidům,čidům<pro>,čidům<pro>,TP=1;FN=0;FP=0
nāmb,nāmb<n>,nāmb<n>,TP=1;FN=0;FP=0
nāmb-en,nāmb<n>><3pl>,nāmb<n>><3pl>/nāmb<n>><pl>,TP=1;FN=0;FP=1
darūn-and,darūn<n>><loc>,darūn<n>><loc>,TP=1;FN=0;FP=0
miloyim,miloyim<n>,miloyim<adj>/milōyim<adj>,TP=0;FN=1;FP=2
ik-u,ik<adv>><d3><m><sg><obl>,ik-u<pro>,TP=0;FN=1;FP=1
půst,půst<n>,půst<n>,TP=1;FN=0;FP=0
rāng-en,rāng<n>><3pl>,rāng<n>><3pl>/rāng<n>><pl>,TP=1;FN=0;FP=1
misol,misol<prt>,<cont2>>sol<n>/<cont2>>sōl<n>/misol<n>/misōl<n>,TP=0;FN=1;FP=4
nay-atā,nay<prt>><advs>,nay<n>><advs>/nay<n>><in>,TP=0;FN=1;FP=2
wān,wān<n>,wān<n>,TP=1;FN=0;FP=0
wān-en,wān<n>><3pl>,wān<n>><3pl>/wān<n>><pl>,TP=1;FN=0;FP=1
čīnt,čīn<v>><pst>,čīn<n>><2sg>/čīn<v><prs>><2sg>/čīn<v>><inf>/čīn<v>><prs><3sg>/čīn<v>><pst>,TP=1;FN=0;FP=4
wam-en,wam<dem><d3><f><sg><obl>><3pl>,wam<dem><d3><f><sg><obl>><3pl>,TP=1;FN=0;FP=0
půstāk,půstāk<n>,půstāk<n>,TP=1;FN=0;FP=0
půstak,půstāk<n>,půst<n>><dim>/půstak<n>,TP=1;FN=0;FP=1
rūšt,rūšt<n>,rūšt<adj>/rūšt<n>,TP=1;FN=0;FP=1
pêxt,pêx<v>><pst>,pêx<n>><2sg>/pêx<v><prs>><2sg>/pêx<v>><inf>/pêx<v>><prs><3sg>/pêx<v>><pst>,TP=1;FN=0;FP=4
půst-en,půst<n>><3pl>,půst<n>><3pl>/půst<n>><pl>,TP=1;FN=0;FP=1
aram,<down>>am<dem><d1><sg>,ar<n>><1pl>/ar<pro>><1pl>/ara<num>><ord>/aram<n>,TP=0;FN=1;FP=4
xāy,xāy<prt>,xāy<n>/xāy<prt>,TP=1;FN=0;FP=1
yakumaθ,yak<num>><-ord>><-adv>,yakum<adj>><adv>/yakum<adj>><int>,TP=0;FN=1;FP=2
misoland,misol<n>><=loc>,<cont2>>sol<n>><loc>/<cont2>>sōl<n>><loc>/misol<n>><loc>/misōl<n>><loc>,TP=0;FN=1;FP=4
mardumen,mardum<n>><-pl>,mard<adj>><1sg>><3pl>/mard<n>><1sg>><3pl>/mardum<n>><3pl>/mardum<n>><pl>,TP=0;FN=1;FP=4
xuɣ̌nůni,xuɣ̌nůn<n><shughnan>><-adj>,xuɣ̌nůn<n>><3sg>/xuɣ̌nůn<n>><adj>/xuɣ̌nůn<n>><subst>/xuɣ̌nůni<adj>/xuɣ̌nůni<n>,TP=0;FN=1;FP=5
farq,farq<n>,farq<n>,TP=1;FN=0;FP=0
māšta,māš<pers><1pl>><=irr>,māš<pers><1pl><obl>><fut>/māš<pers><1pl>><fut>,TP=0;FN=1;FP=2
kalamoti,kalamot<n><pl>><=ez>,kal<adj>>амо<n>><2sg>><3sg>,TP=0;FN=1;FP=1
rūsi,rūs<n><russian>><adj>,rūs<adj>><3sg>/rūs<n>><3sg>/rūs<n>><adj>/rūs<n>><subst>/rūsi<adj>/rūsi<n>,TP=0;FN=1;FP=6
istifodā,istifodā<n>,istifodā<n>/istifōdā<n>,TP=2;FN=0;FP=0
tarafta,taraf<n>><=irr>,taraf<n>><fut>,TP=0;FN=1;FP=1
ala,ala<prt><quot>,ala<n>/ala<prt>,TP=0;FN=1;FP=2
kalamoten,kalamot<n><pl>><-pl>,kal<adj>>амо<n>><2sg>><3pl>,TP=0;FN=1;FP=1
viyen,vi<v>><-prs><3pl>,vi<v><prs>><3pl>/vi<v>><prs><3pl>/vīm<v><prs>><1sg>><3pl>/vid<v><prs>><3sg>><3pl>/viyām<v><prs>><1pl>><3pl>/viyen<v><prs>><3pl>><3pl>/viyet<v><prs>><2pl>><3pl>/viyi<v><prs>><2sg>><3pl>,TP=0;FN=1;FP=8
qīnām,qīn<n>><=1pl>,qīn<adj>><1pl>,TP=0;FN=1;FP=1
rostiyaθ,rost<n>><-adj>><-adv>,rost<n>><adj>><adv>/rōst<n>><adj>><adv>/rost<n>><subst>><adv>/rōst<n>><subst>><adv>/rosti<n>><adv>/rōsti<n>><adv>,TP=0;FN=1;FP=6
dargoyām,dargo<n>><=1pl>,dargo<n>><1pl>/dargō<n>><1pl>,TP=0;FN=1;FP=2
ӡulik,ӡul<n>><-dim>,ʒulik<adj>/ӡulik<adj>,TP=0;FN=1;FP=2
gāpām,gāp<n>><=1pl>,gāp<n>><1pl>,TP=0;FN=1;FP=1
yuyi,yu<dem><d3><m><sg>><=3sg>,yu<dem><d3><m><sg>><3sg>,TP=0;FN=1;FP=1
šīnti,šīn<v>><-pst>><=3sg>,šīn<v><prs>><2sg>><3sg>,TP=0;FN=1;FP=1
bori,bor<n>><=3sg>,bor<n>><3sg>/bōr<n>><3sg>/bor<n>><adj>/bōr<n>><adj>/bor<n>><subst>/bōr<n>><subst>/bori<adj>/bōri<adj>,TP=0;FN=1;FP=8
x̌uδǰ,x̌uδ<v>><-pf>,x̌uð<v>><prf>/x̌uδ<v>><prf>,TP=0;FN=1;FP=2
ӡuliken,ӡul<n>><-dim>><-pl>/ӡul<n>><-dim>><=3pl>,ʒulik<adj>><3pl>/ӡulik<adj>><3pl>,TP=0;FN=2;FP=2
šīntenat,šīn<v>><-pst>><=3pl>><=coord2>,šīn<v><prs>><2sg>><3pl>><2sg>/šīn<v><prs>><2sg>><3pl>><coord2>,TP=0;FN=1;FP=2
čīyaθen,čī<pro>><-adv>><=3pl>,čī<n>><adv>><3pl>/čī<pro>><adv>><3pl>/čī<pro>>><adv>><3pl>,TP=0;FN=1;FP=3
lůdi,lů<v>><-pst>><???>,lůd<v><imp>><3sg>/lůd<v><prs><3pl>><3sg>/lůd<v><prs><3sg>><3sg>/lůd<v><prs>><3sg>/lůd<v><pst>><3sg>/lůd<v>><prs><2sg>,TP=0;FN=1;FP=6
nistat,nist<v><neg>><=coord2>,nist<v><prs>><2sg>/nist<v><prs>><coord2>,TP=0;FN=1;FP=2
farqiyaten,farqiyat<n><pl>><=3pl>,farq<n>><3sg>><2sg>><3pl>/farq<n>><adj>><2sg>><3pl>/farq<n>><subst>><2sg>><3pl>,TP=0;FN=1;FP=3
mardumand,mardum<n>><=loc>,mardum<n>><loc>,TP=0;FN=1;FP=1
zivand,ziv<n>><=loc>,ziv<n>><loc>,TP=0;FN=1;FP=1
tarafat,taraf<n>><=coord2>,taraf<n>><2sg>/taraf<n>><coord2>,TP=0;FN=1;FP=2
x̌o,x̌o<prt>,x̌o<prt>/x̌ō<prt>,TP=2;FN=0;FP=0
dar,dar<prep><loc>,dar<adj>/dar<intj>/dar<n>/dar<prep>/dar<prt>,TP=0;FN=1;FP=5
nazar,nazar<n>,nazar<n>,TP=1;FN=0;FP=0
dari,dari<n><dari>,dar<adj>><3sg>/dar<n>><3sg>/dar<n>><adj>/dar<n>><subst>,TP=0;FN=1;FP=4
